
[Sun Apr 26 13:27:35 UTC 2026] Launching radiusd...
main {
 log {
 	destination = "stdout"
 	syslog_facility = "daemon"
 	localstatedir = "/usr/var"
 	logdir = "/usr/var/log"
 	file = "/app/data/radius.log"
 }
	name = "radiusd"
	prefix = "/usr"
}
[Sun Apr 26 13:27:36 UTC 2026] radiusd exited with code 0. Restarting in 2s...
[Sun Apr 26 13:27:38 UTC 2026] Launching radiusd...
main {
 log {
 	destination = "stdout"
 	syslog_facility = "daemon"
 	localstatedir = "/usr/var"
 	logdir = "/usr/var/log"
 	file = "/app/data/radius.log"
 }
	name = "radiusd"
	prefix = "/usr"
}
[Sun Apr 26 13:27:38 UTC 2026] radiusd exited with code 0. Restarting in 2s...
[Sun Apr 26 13:27:40 UTC 2026] Launching radiusd...
main {
 log {
 	destination = "stdout"
 	syslog_facility = "daemon"
 	localstatedir = "/usr/var"
 	logdir = "/usr/var/log"
 	file = "/app/data/radius.log"
 }
	name = "radiusd"
	prefix = "/usr"
}
[Sun Apr 26 13:27:41 UTC 2026] radiusd exited with code 0. Restarting in 2s...
[Sun Apr 26 13:27:43 UTC 2026] Launching radiusd...
main {
 log {
 	destination = "stdout"
 	syslog_facility = "daemon"
 	localstatedir = "/usr/var"
 	logdir = "/usr/var/log"
 	file = "/app/data/radius.log"
 }
	name = "radiusd"
	prefix = "/usr"
}
[Sun Apr 26 13:27:44 UTC 2026] radiusd exited with code 0. Restarting in 2s...
[Sun Apr 26 13:27:46 UTC 2026] Launching radiusd...
main {
 log {
 	destination = "stdout"
 	syslog_facility = "daemon"
 	localstatedir = "/usr/var"
 	logdir = "/usr/var/log"
 	file = "/app/data/radius.log"
 }
	name = "radiusd"
	prefix = "/usr"
}
[Sun Apr 26 13:27:47 UTC 2026] radiusd exited with code 0. Restarting in 2s...
[Sun Apr 26 13:27:49 UTC 2026] Launching radiusd...
main {
 log {
 	destination = "stdout"
 	syslog_facility = "daemon"
 	localstatedir = "/usr/var"
 	logdir = "/usr/var/log"
 	file = "/app/data/radius.log"
 }
	name = "radiusd"
	prefix = "/usr"
}
[Sun Apr 26 13:27:49 UTC 2026] radiusd exited with code 0. Restarting in 2s...
[Sun Apr 26 13:27:51 UTC 2026] Launching radiusd...
main {
 log {
 	destination = "stdout"
 	syslog_facility = "daemon"
 	localstatedir = "/usr/var"
 	logdir = "/usr/var/log"
 	file = "/app/data/radius.log"
 }
	name = "radiusd"
	prefix = "/usr"
}
[Sun Apr 26 13:27:51 UTC 2026] radiusd exited with code 0. Restarting in 2s...
[Sun Apr 26 13:27:53 UTC 2026] Launching radiusd...
main {
 log {
 	destination = "stdout"
 	syslog_facility = "daemon"
 	localstatedir = "/usr/var"
 	logdir = "/usr/var/log"
 	file = "/app/data/radius.log"
 }
	name = "radiusd"
	prefix = "/usr"
}
[Sun Apr 26 13:27:54 UTC 2026] radiusd exited with code 0. Restarting in 2s...
[Sun Apr 26 13:27:56 UTC 2026] Launching radiusd...
main {
 log {
 	destination = "stdout"
 	syslog_facility = "daemon"
 	localstatedir = "/usr/var"
 	logdir = "/usr/var/log"
 	file = "/app/data/radius.log"
 }
	name = "radiusd"
	prefix = "/usr"
}
[Sun Apr 26 13:27:56 UTC 2026] radiusd exited with code 0. Restarting in 2s...
[Sun Apr 26 13:27:58 UTC 2026] Launching radiusd...
main {
 log {
 	destination = "stdout"
 	syslog_facility = "daemon"
 	localstatedir = "/usr/var"
 	logdir = "/usr/var/log"
 	file = "/app/data/radius.log"
 }
	name = "radiusd"
	prefix = "/usr"
}
[Sun Apr 26 13:28:00 UTC 2026] radiusd exited with code 0. Restarting in 2s...
[Sun Apr 26 13:28:02 UTC 2026] Launching radiusd...
main {
 log {
 	destination = "stdout"
 	syslog_facility = "daemon"
 	localstatedir = "/usr/var"
 	logdir = "/usr/var/log"
 	file = "/app/data/radius.log"
 }
	name = "radiusd"
	prefix = "/usr"
}
[Sun Apr 26 13:28:02 UTC 2026] radiusd exited with code 0. Restarting in 2s...
[Sun Apr 26 13:28:04 UTC 2026] Launching radiusd...
main {
 log {
 	destination = "stdout"
 	syslog_facility = "daemon"
 	localstatedir = "/usr/var"
 	logdir = "/usr/var/log"
 	file = "/app/data/radius.log"
 }
	name = "radiusd"
	prefix = "/usr"
}
[Sun Apr 26 13:28:04 UTC 2026] radiusd exited with code 0. Restarting in 2s...
[Sun Apr 26 13:28:06 UTC 2026] Launching radiusd...
main {
 log {
 	destination = "stdout"
 	syslog_facility = "daemon"
 	localstatedir = "/usr/var"
 	logdir = "/usr/var/log"
 	file = "/app/data/radius.log"
 }
	name = "radiusd"
	prefix = "/usr"
}
[Sun Apr 26 13:28:06 UTC 2026] radiusd exited with code 0. Restarting in 2s...
[Sun Apr 26 13:28:08 UTC 2026] Launching radiusd...
main {
 log {
 	destination = "stdout"
 	syslog_facility = "daemon"
 	localstatedir = "/usr/var"
 	logdir = "/usr/var/log"
 	file = "/app/data/radius.log"
 }
	name = "radiusd"
	prefix = "/usr"
}
[Sun Apr 26 13:28:09 UTC 2026] radiusd exited with code 0. Restarting in 2s...
[Sun Apr 26 13:28:11 UTC 2026] Launching radiusd...
main {
 log {
 	destination = "stdout"
 	syslog_facility = "daemon"
 	localstatedir = "/usr/var"
 	logdir = "/usr/var/log"
 	file = "/app/data/radius.log"
 }
	name = "radiusd"
	prefix = "/usr"
}
[Sun Apr 26 13:28:11 UTC 2026] radiusd exited with code 0. Restarting in 2s...
[Sun Apr 26 13:28:13 UTC 2026] Launching radiusd...
main {
 log {
 	destination = "stdout"
 	syslog_facility = "daemon"
 	localstatedir = "/usr/var"
 	logdir = "/usr/var/log"
 	file = "/app/data/radius.log"
 }
	name = "radiusd"
	prefix = "/usr"
}
[Sun Apr 26 13:28:13 UTC 2026] radiusd exited with code 0. Restarting in 2s...
[Sun Apr 26 13:28:15 UTC 2026] Launching radiusd...
main {
 log {
 	destination = "stdout"
 	syslog_facility = "daemon"
 	localstatedir = "/usr/var"
 	logdir = "/usr/var/log"
 	file = "/app/data/radius.log"
 }
	name = "radiusd"
	prefix = "/usr"
}
[Sun Apr 26 13:28:15 UTC 2026] radiusd exited with code 0. Restarting in 2s...
[Sun Apr 26 13:28:17 UTC 2026] Launching radiusd...
main {
 log {
 	destination = "stdout"
 	syslog_facility = "daemon"
 	localstatedir = "/usr/var"
 	logdir = "/usr/var/log"
 	file = "/app/data/radius.log"
 }
	name = "radiusd"
	prefix = "/usr"
}
[Sun Apr 26 13:28:17 UTC 2026] radiusd exited with code 0. Restarting in 2s...
[Sun Apr 26 13:28:19 UTC 2026] Launching radiusd...
main {
 log {
 	destination = "stdout"
 	syslog_facility = "daemon"
 	localstatedir = "/usr/var"
 	logdir = "/usr/var/log"
 	file = "/app/data/radius.log"
 }
	name = "radiusd"
	prefix = "/usr"
}
[Sun Apr 26 13:28:20 UTC 2026] radiusd exited with code 0. Restarting in 2s...
[Sun Apr 26 13:28:22 UTC 2026] Launching radiusd...
main {
 log {
 	destination = "stdout"
 	syslog_facility = "daemon"
 	localstatedir = "/usr/var"
 	logdir = "/usr/var/log"
 	file = "/app/data/radius.log"
 }
	name = "radiusd"
	prefix = "/usr"
}
[Sun Apr 26 13:28:22 UTC 2026] radiusd exited with code 0. Restarting in 2s...
[Sun Apr 26 13:28:24 UTC 2026] Launching radiusd...
main {
 log {
 	destination = "stdout"
 	syslog_facility = "daemon"
 	localstatedir = "/usr/var"
 	logdir = "/usr/var/log"
 	file = "/app/data/radius.log"
 }
	name = "radiusd"
	prefix = "/usr"
}
[Sun Apr 26 13:28:24 UTC 2026] radiusd exited with code 0. Restarting in 2s...
[Sun Apr 26 13:28:26 UTC 2026] Launching radiusd...
main {
 log {
 	destination = "stdout"
 	syslog_facility = "daemon"
 	localstatedir = "/usr/var"
 	logdir = "/usr/var/log"
 	file = "/app/data/radius.log"
 }
	name = "radiusd"
	prefix = "/usr"
}
[Sun Apr 26 13:28:27 UTC 2026] radiusd exited with code 0. Restarting in 2s...
[Sun Apr 26 13:28:29 UTC 2026] Launching radiusd...
main {
 log {
 	destination = "stdout"
 	syslog_facility = "daemon"
 	localstatedir = "/usr/var"
 	logdir = "/usr/var/log"
 	file = "/app/data/radius.log"
 }
	name = "radiusd"
	prefix = "/usr"
}
[Sun Apr 26 13:28:29 UTC 2026] radiusd exited with code 0. Restarting in 2s...
[Sun Apr 26 13:28:31 UTC 2026] Launching radiusd...
main {
 log {
 	destination = "stdout"
 	syslog_facility = "daemon"
 	localstatedir = "/usr/var"
 	logdir = "/usr/var/log"
 	file = "/app/data/radius.log"
 }
	name = "radiusd"
	prefix = "/usr"
}
[Sun Apr 26 13:28:31 UTC 2026] radiusd exited with code 0. Restarting in 2s...
[Sun Apr 26 13:28:33 UTC 2026] Launching radiusd...
main {
 log {
 	destination = "stdout"
 	syslog_facility = "daemon"
 	localstatedir = "/usr/var"
 	logdir = "/usr/var/log"
 	file = "/app/data/radius.log"
 }
	name = "radiusd"
	prefix = "/usr"
}
[Sun Apr 26 13:28:34 UTC 2026] radiusd exited with code 0. Restarting in 2s...
[Sun Apr 26 13:28:36 UTC 2026] Launching radiusd...
main {
 log {
 	destination = "stdout"
 	syslog_facility = "daemon"
 	localstatedir = "/usr/var"
 	logdir = "/usr/var/log"
 	file = "/app/data/radius.log"
 }
	name = "radiusd"
	prefix = "/usr"
}
[Sun Apr 26 13:28:36 UTC 2026] radiusd exited with code 0. Restarting in 2s...
[Sun Apr 26 13:28:38 UTC 2026] Launching radiusd...
main {
 log {
 	destination = "stdout"
 	syslog_facility = "daemon"
 	localstatedir = "/usr/var"
 	logdir = "/usr/var/log"
 	file = "/app/data/radius.log"
 }
	name = "radiusd"
	prefix = "/usr"
}
[Sun Apr 26 13:28:39 UTC 2026] radiusd exited with code 0. Restarting in 2s...
[Sun Apr 26 13:28:41 UTC 2026] Launching radiusd...
main {
 log {
 	destination = "stdout"
 	syslog_facility = "daemon"
 	localstatedir = "/usr/var"
 	logdir = "/usr/var/log"
 	file = "/app/data/radius.log"
 }
	name = "radiusd"
	prefix = "/usr"
}
[Sun Apr 26 13:28:41 UTC 2026] radiusd exited with code 0. Restarting in 2s...
[Sun Apr 26 13:28:43 UTC 2026] Launching radiusd...
main {
 log {
 	destination = "stdout"
 	syslog_facility = "daemon"
 	localstatedir = "/usr/var"
 	logdir = "/usr/var/log"
 	file = "/app/data/radius.log"
 }
	name = "radiusd"
	prefix = "/usr"
}
[Sun Apr 26 13:28:43 UTC 2026] radiusd exited with code 0. Restarting in 2s...
[Sun Apr 26 13:28:45 UTC 2026] Launching radiusd...
main {
 log {
 	destination = "stdout"
 	syslog_facility = "daemon"
 	localstatedir = "/usr/var"
 	logdir = "/usr/var/log"
 	file = "/app/data/radius.log"
 }
	name = "radiusd"
	prefix = "/usr"
}
[Sun Apr 26 13:28:45 UTC 2026] radiusd exited with code 0. Restarting in 2s...
[Sun Apr 26 13:28:47 UTC 2026] Launching radiusd...
main {
 log {
 	destination = "stdout"
 	syslog_facility = "daemon"
 	localstatedir = "/usr/var"
 	logdir = "/usr/var/log"
 	file = "/app/data/radius.log"
 }
	name = "radiusd"
	prefix = "/usr"
}
[Sun Apr 26 13:28:48 UTC 2026] radiusd exited with code 0. Restarting in 2s...
[Sun Apr 26 13:28:50 UTC 2026] Launching radiusd...
main {
 log {
 	destination = "stdout"
 	syslog_facility = "daemon"
 	localstatedir = "/usr/var"
 	logdir = "/usr/var/log"
 	file = "/app/data/radius.log"
 }
	name = "radiusd"
	prefix = "/usr"
}
[Sun Apr 26 13:28:50 UTC 2026] radiusd exited with code 0. Restarting in 2s...
[Sun Apr 26 13:28:52 UTC 2026] Launching radiusd...
main {
 log {
 	destination = "stdout"
 	syslog_facility = "daemon"
 	localstatedir = "/usr/var"
 	logdir = "/usr/var/log"
 	file = "/app/data/radius.log"
 }
	name = "radiusd"
	prefix = "/usr"
}
[Sun Apr 26 13:28:52 UTC 2026] radiusd exited with code 0. Restarting in 2s...
[Sun Apr 26 13:28:54 UTC 2026] Launching radiusd...
main {
 log {
 	destination = "stdout"
 	syslog_facility = "daemon"
 	localstatedir = "/usr/var"
 	logdir = "/usr/var/log"
 	file = "/app/data/radius.log"
 }
	name = "radiusd"
	prefix = "/usr"
}
[Sun Apr 26 13:28:54 UTC 2026] radiusd exited with code 0. Restarting in 2s...
[Sun Apr 26 13:28:56 UTC 2026] Launching radiusd...
main {
 log {
 	destination = "stdout"
 	syslog_facility = "daemon"
 	localstatedir = "/usr/var"
 	logdir = "/usr/var/log"
 	file = "/app/data/radius.log"
 }
	name = "radiusd"
	prefix = "/usr"
}
[Sun Apr 26 13:28:57 UTC 2026] radiusd exited with code 0. Restarting in 2s...
[Sun Apr 26 13:28:59 UTC 2026] Launching radiusd...
main {
 log {
 	destination = "stdout"
 	syslog_facility = "daemon"
 	localstatedir = "/usr/var"
 	logdir = "/usr/var/log"
 	file = "/app/data/radius.log"
 }
	name = "radiusd"
	prefix = "/usr"
}
[Sun Apr 26 13:28:59 UTC 2026] radiusd exited with code 0. Restarting in 2s...
[Sun Apr 26 13:29:01 UTC 2026] Launching radiusd...
main {
 log {
 	destination = "stdout"
 	syslog_facility = "daemon"
 	localstatedir = "/usr/var"
 	logdir = "/usr/var/log"
 	file = "/app/data/radius.log"
 }
	name = "radiusd"
	prefix = "/usr"
}
[Sun Apr 26 13:29:01 UTC 2026] radiusd exited with code 0. Restarting in 2s...
[Sun Apr 26 13:29:03 UTC 2026] Launching radiusd...
main {
 log {
 	destination = "stdout"
 	syslog_facility = "daemon"
 	localstatedir = "/usr/var"
 	logdir = "/usr/var/log"
 	file = "/app/data/radius.log"
 }
	name = "radiusd"
	prefix = "/usr"
}
[Sun Apr 26 13:29:04 UTC 2026] radiusd exited with code 0. Restarting in 2s...
[Sun Apr 26 13:29:06 UTC 2026] Launching radiusd...
main {
 log {
 	destination = "stdout"
 	syslog_facility = "daemon"
 	localstatedir = "/usr/var"
 	logdir = "/usr/var/log"
 	file = "/app/data/radius.log"
 }
	name = "radiusd"
	prefix = "/usr"
}
[Sun Apr 26 13:29:06 UTC 2026] radiusd exited with code 0. Restarting in 2s...
[Sun Apr 26 13:29:08 UTC 2026] Launching radiusd...
main {
 log {
 	destination = "stdout"
 	syslog_facility = "daemon"
 	localstatedir = "/usr/var"
 	logdir = "/usr/var/log"
 	file = "/app/data/radius.log"
 }
	name = "radiusd"
	prefix = "/usr"
}
[Sun Apr 26 13:29:08 UTC 2026] radiusd exited with code 0. Restarting in 2s...
[Sun Apr 26 13:29:10 UTC 2026] Launching radiusd...
main {
 log {
 	destination = "stdout"
 	syslog_facility = "daemon"
 	localstatedir = "/usr/var"
 	logdir = "/usr/var/log"
 	file = "/app/data/radius.log"
 }
	name = "radiusd"
	prefix = "/usr"
}
[Sun Apr 26 13:29:10 UTC 2026] radiusd exited with code 0. Restarting in 2s...
[Sun Apr 26 13:29:12 UTC 2026] Launching radiusd...
main {
 log {
 	destination = "stdout"
 	syslog_facility = "daemon"
 	localstatedir = "/usr/var"
 	logdir = "/usr/var/log"
 	file = "/app/data/radius.log"
 }
	name = "radiusd"
	prefix = "/usr"
}
[Sun Apr 26 13:29:13 UTC 2026] radiusd exited with code 0. Restarting in 2s...
[Sun Apr 26 13:29:15 UTC 2026] Launching radiusd...
main {
 log {
 	destination = "stdout"
 	syslog_facility = "daemon"
 	localstatedir = "/usr/var"
 	logdir = "/usr/var/log"
 	file = "/app/data/radius.log"
 }
	name = "radiusd"
	prefix = "/usr"
}
[Sun Apr 26 13:29:15 UTC 2026] radiusd exited with code 0. Restarting in 2s...
[Sun Apr 26 13:29:17 UTC 2026] Launching radiusd...
main {
 log {
 	destination = "stdout"
 	syslog_facility = "daemon"
 	localstatedir = "/usr/var"
 	logdir = "/usr/var/log"
 	file = "/app/data/radius.log"
 }
	name = "radiusd"
	prefix = "/usr"
}
[Sun Apr 26 13:29:17 UTC 2026] radiusd exited with code 0. Restarting in 2s...
[Sun Apr 26 13:29:19 UTC 2026] Launching radiusd...
main {
 log {
 	destination = "stdout"
 	syslog_facility = "daemon"
 	localstatedir = "/usr/var"
 	logdir = "/usr/var/log"
 	file = "/app/data/radius.log"
 }
	name = "radiusd"
	prefix = "/usr"
}
[Sun Apr 26 13:29:19 UTC 2026] radiusd exited with code 0. Restarting in 2s...
[Sun Apr 26 13:29:21 UTC 2026] Launching radiusd...
main {
 log {
 	destination = "stdout"
 	syslog_facility = "daemon"
 	localstatedir = "/usr/var"
 	logdir = "/usr/var/log"
 	file = "/app/data/radius.log"
 }
	name = "radiusd"
	prefix = "/usr"
}
[Sun Apr 26 13:29:22 UTC 2026] radiusd exited with code 0. Restarting in 2s...
[Sun Apr 26 13:29:24 UTC 2026] Launching radiusd...
main {
 log {
 	destination = "stdout"
 	syslog_facility = "daemon"
 	localstatedir = "/usr/var"
 	logdir = "/usr/var/log"
 	file = "/app/data/radius.log"
 }
	name = "radiusd"
	prefix = "/usr"
}
[Sun Apr 26 13:29:24 UTC 2026] radiusd exited with code 0. Restarting in 2s...
[Sun Apr 26 13:29:26 UTC 2026] Launching radiusd...
main {
 log {
 	destination = "stdout"
 	syslog_facility = "daemon"
 	localstatedir = "/usr/var"
 	logdir = "/usr/var/log"
 	file = "/app/data/radius.log"
 }
	name = "radiusd"
	prefix = "/usr"
}
[Sun Apr 26 13:29:26 UTC 2026] radiusd exited with code 0. Restarting in 2s...
[Sun Apr 26 13:29:28 UTC 2026] Launching radiusd...
main {
 log {
 	destination = "stdout"
 	syslog_facility = "daemon"
 	localstatedir = "/usr/var"
 	logdir = "/usr/var/log"
 	file = "/app/data/radius.log"
 }
	name = "radiusd"
	prefix = "/usr"
}
[Sun Apr 26 13:29:29 UTC 2026] radiusd exited with code 0. Restarting in 2s...
[Sun Apr 26 13:29:31 UTC 2026] Launching radiusd...
main {
 log {
 	destination = "stdout"
 	syslog_facility = "daemon"
 	localstatedir = "/usr/var"
 	logdir = "/usr/var/log"
 	file = "/app/data/radius.log"
 }
	name = "radiusd"
	prefix = "/usr"
}
[Sun Apr 26 13:29:31 UTC 2026] radiusd exited with code 0. Restarting in 2s...
[Sun Apr 26 13:29:33 UTC 2026] Launching radiusd...
main {
 log {
 	destination = "stdout"
 	syslog_facility = "daemon"
 	localstatedir = "/usr/var"
 	logdir = "/usr/var/log"
 	file = "/app/data/radius.log"
 }
	name = "radiusd"
	prefix = "/usr"
}
[Sun Apr 26 13:29:33 UTC 2026] radiusd exited with code 0. Restarting in 2s...
[Sun Apr 26 13:29:35 UTC 2026] Launching radiusd...
main {
 log {
 	destination = "stdout"
 	syslog_facility = "daemon"
 	localstatedir = "/usr/var"
 	logdir = "/usr/var/log"
 	file = "/app/data/radius.log"
 }
	name = "radiusd"
	prefix = "/usr"
}
[Sun Apr 26 13:29:36 UTC 2026] radiusd exited with code 0. Restarting in 2s...
[Sun Apr 26 13:29:38 UTC 2026] Launching radiusd...
main {
 log {
 	destination = "stdout"
 	syslog_facility = "daemon"
 	localstatedir = "/usr/var"
 	logdir = "/usr/var/log"
 	file = "/app/data/radius.log"
 }
	name = "radiusd"
	prefix = "/usr"
}
[Sun Apr 26 13:29:38 UTC 2026] radiusd exited with code 0. Restarting in 2s...
[Sun Apr 26 13:29:40 UTC 2026] Launching radiusd...
main {
 log {
 	destination = "stdout"
 	syslog_facility = "daemon"
 	localstatedir = "/usr/var"
 	logdir = "/usr/var/log"
 	file = "/app/data/radius.log"
 }
	name = "radiusd"
	prefix = "/usr"
}
[Sun Apr 26 13:29:40 UTC 2026] radiusd exited with code 0. Restarting in 2s...
[Sun Apr 26 13:29:42 UTC 2026] Launching radiusd...
main {
 log {
 	destination = "stdout"
 	syslog_facility = "daemon"
 	localstatedir = "/usr/var"
 	logdir = "/usr/var/log"
 	file = "/app/data/radius.log"
 }
	name = "radiusd"
	prefix = "/usr"
}
[Sun Apr 26 13:29:42 UTC 2026] radiusd exited with code 0. Restarting in 2s...
[Sun Apr 26 13:29:44 UTC 2026] Launching radiusd...
main {
 log {
 	destination = "stdout"
 	syslog_facility = "daemon"
 	localstatedir = "/usr/var"
 	logdir = "/usr/var/log"
 	file = "/app/data/radius.log"
 }
	name = "radiusd"
	prefix = "/usr"
}
[Sun Apr 26 13:29:44 UTC 2026] radiusd exited with code 0. Restarting in 2s...
[Sun Apr 26 13:29:46 UTC 2026] Launching radiusd...
main {
 log {
 	destination = "stdout"
 	syslog_facility = "daemon"
 	localstatedir = "/usr/var"
 	logdir = "/usr/var/log"
 	file = "/app/data/radius.log"
 }
	name = "radiusd"
	prefix = "/usr"
}
[Sun Apr 26 13:29:47 UTC 2026] radiusd exited with code 0. Restarting in 2s...
[Sun Apr 26 13:29:49 UTC 2026] Launching radiusd...
main {
 log {
 	destination = "stdout"
 	syslog_facility = "daemon"
 	localstatedir = "/usr/var"
 	logdir = "/usr/var/log"
 	file = "/app/data/radius.log"
 }
	name = "radiusd"
	prefix = "/usr"
}
[Sun Apr 26 13:29:49 UTC 2026] radiusd exited with code 0. Restarting in 2s...
[Sun Apr 26 13:29:51 UTC 2026] Launching radiusd...
main {
 log {
 	destination = "stdout"
 	syslog_facility = "daemon"
 	localstatedir = "/usr/var"
 	logdir = "/usr/var/log"
 	file = "/app/data/radius.log"
 }
	name = "radiusd"
	prefix = "/usr"
}
[Sun Apr 26 13:29:51 UTC 2026] radiusd exited with code 0. Restarting in 2s...
[Sun Apr 26 13:29:53 UTC 2026] Launching radiusd...
main {
 log {
 	destination = "stdout"
 	syslog_facility = "daemon"
 	localstatedir = "/usr/var"
 	logdir = "/usr/var/log"
 	file = "/app/data/radius.log"
 }
	name = "radiusd"
	prefix = "/usr"
}
[Sun Apr 26 13:29:54 UTC 2026] radiusd exited with code 0. Restarting in 2s...
[Sun Apr 26 13:29:56 UTC 2026] Launching radiusd...
main {
 log {
 	destination = "stdout"
 	syslog_facility = "daemon"
 	localstatedir = "/usr/var"
 	logdir = "/usr/var/log"
 	file = "/app/data/radius.log"
 }
	name = "radiusd"
	prefix = "/usr"
}
[Sun Apr 26 13:29:56 UTC 2026] radiusd exited with code 0. Restarting in 2s...
[Sun Apr 26 13:29:58 UTC 2026] Launching radiusd...
main {
 log {
 	destination = "stdout"
 	syslog_facility = "daemon"
 	localstatedir = "/usr/var"
 	logdir = "/usr/var/log"
 	file = "/app/data/radius.log"
 }
	name = "radiusd"
	prefix = "/usr"
}
[Sun Apr 26 13:29:58 UTC 2026] radiusd exited with code 0. Restarting in 2s...
[Sun Apr 26 13:30:00 UTC 2026] Launching radiusd...
main {
 log {
 	destination = "stdout"
 	syslog_facility = "daemon"
 	localstatedir = "/usr/var"
 	logdir = "/usr/var/log"
 	file = "/app/data/radius.log"
 }
	name = "radiusd"
	prefix = "/usr"
}
[Sun Apr 26 13:30:00 UTC 2026] radiusd exited with code 0. Restarting in 2s...
[Sun Apr 26 13:30:02 UTC 2026] Launching radiusd...
main {
 log {
 	destination = "stdout"
 	syslog_facility = "daemon"
 	localstatedir = "/usr/var"
 	logdir = "/usr/var/log"
 	file = "/app/data/radius.log"
 }
	name = "radiusd"
	prefix = "/usr"
}
[Sun Apr 26 13:30:03 UTC 2026] radiusd exited with code 0. Restarting in 2s...
[Sun Apr 26 13:30:05 UTC 2026] Launching radiusd...
main {
 log {
 	destination = "stdout"
 	syslog_facility = "daemon"
 	localstatedir = "/usr/var"
 	logdir = "/usr/var/log"
 	file = "/app/data/radius.log"
 }
	name = "radiusd"
	prefix = "/usr"
}
[Sun Apr 26 13:30:05 UTC 2026] radiusd exited with code 0. Restarting in 2s...
[Sun Apr 26 13:30:07 UTC 2026] Launching radiusd...
main {
 log {
 	destination = "stdout"
 	syslog_facility = "daemon"
 	localstatedir = "/usr/var"
 	logdir = "/usr/var/log"
 	file = "/app/data/radius.log"
 }
	name = "radiusd"
	prefix = "/usr"
}
[Sun Apr 26 13:30:07 UTC 2026] radiusd exited with code 0. Restarting in 2s...
[Sun Apr 26 13:30:09 UTC 2026] Launching radiusd...
main {
 log {
 	destination = "stdout"
 	syslog_facility = "daemon"
 	localstatedir = "/usr/var"
 	logdir = "/usr/var/log"
 	file = "/app/data/radius.log"
 }
	name = "radiusd"
	prefix = "/usr"
}
[Sun Apr 26 13:30:10 UTC 2026] radiusd exited with code 0. Restarting in 2s...
[Sun Apr 26 13:30:11 UTC 2026] Launching radiusd...
main {
 log {
 	destination = "stdout"
 	syslog_facility = "daemon"
 	localstatedir = "/usr/var"
 	logdir = "/usr/var/log"
 	file = "/app/data/radius.log"
 }
	name = "radiusd"
	prefix = "/usr"
}
[Sun Apr 26 13:30:12 UTC 2026] radiusd exited with code 0. Restarting in 2s...
[Sun Apr 26 13:30:14 UTC 2026] Launching radiusd...
main {
 log {
 	destination = "stdout"
 	syslog_facility = "daemon"
 	localstatedir = "/usr/var"
 	logdir = "/usr/var/log"
 	file = "/app/data/radius.log"
 }
	name = "radiusd"
	prefix = "/usr"
}
[Sun Apr 26 13:30:14 UTC 2026] radiusd exited with code 0. Restarting in 2s...
[Sun Apr 26 13:30:16 UTC 2026] Launching radiusd...
main {
 log {
 	destination = "stdout"
 	syslog_facility = "daemon"
 	localstatedir = "/usr/var"
 	logdir = "/usr/var/log"
 	file = "/app/data/radius.log"
 }
	name = "radiusd"
	prefix = "/usr"
}
[Sun Apr 26 13:30:16 UTC 2026] radiusd exited with code 0. Restarting in 2s...
[Sun Apr 26 13:30:18 UTC 2026] Launching radiusd...
main {
 log {
 	destination = "stdout"
 	syslog_facility = "daemon"
 	localstatedir = "/usr/var"
 	logdir = "/usr/var/log"
 	file = "/app/data/radius.log"
 }
	name = "radiusd"
	prefix = "/usr"
}
[Sun Apr 26 13:30:18 UTC 2026] radiusd exited with code 0. Restarting in 2s...
[Sun Apr 26 13:30:20 UTC 2026] Launching radiusd...
main {
 log {
 	destination = "stdout"
 	syslog_facility = "daemon"
 	localstatedir = "/usr/var"
 	logdir = "/usr/var/log"
 	file = "/app/data/radius.log"
 }
	name = "radiusd"
	prefix = "/usr"
}
[Sun Apr 26 13:30:21 UTC 2026] radiusd exited with code 0. Restarting in 2s...
[Sun Apr 26 13:30:23 UTC 2026] Launching radiusd...
main {
 log {
 	destination = "stdout"
 	syslog_facility = "daemon"
 	localstatedir = "/usr/var"
 	logdir = "/usr/var/log"
 	file = "/app/data/radius.log"
 }
	name = "radiusd"
	prefix = "/usr"
}
[Sun Apr 26 13:30:23 UTC 2026] radiusd exited with code 0. Restarting in 2s...
[Sun Apr 26 13:30:25 UTC 2026] Launching radiusd...
main {
 log {
 	destination = "stdout"
 	syslog_facility = "daemon"
 	localstatedir = "/usr/var"
 	logdir = "/usr/var/log"
 	file = "/app/data/radius.log"
 }
	name = "radiusd"
	prefix = "/usr"
}
[Sun Apr 26 13:30:25 UTC 2026] radiusd exited with code 0. Restarting in 2s...
[Sun Apr 26 13:30:27 UTC 2026] Launching radiusd...
main {
 log {
 	destination = "stdout"
 	syslog_facility = "daemon"
 	localstatedir = "/usr/var"
 	logdir = "/usr/var/log"
 	file = "/app/data/radius.log"
 }
	name = "radiusd"
	prefix = "/usr"
}
[Sun Apr 26 13:30:27 UTC 2026] radiusd exited with code 0. Restarting in 2s...
[Sun Apr 26 13:30:29 UTC 2026] Launching radiusd...
main {
 log {
 	destination = "stdout"
 	syslog_facility = "daemon"
 	localstatedir = "/usr/var"
 	logdir = "/usr/var/log"
 	file = "/app/data/radius.log"
 }
	name = "radiusd"
	prefix = "/usr"
}
[Sun Apr 26 13:30:30 UTC 2026] radiusd exited with code 0. Restarting in 2s...
[Sun Apr 26 13:30:32 UTC 2026] Launching radiusd...
main {
 log {
 	destination = "stdout"
 	syslog_facility = "daemon"
 	localstatedir = "/usr/var"
 	logdir = "/usr/var/log"
 	file = "/app/data/radius.log"
 }
	name = "radiusd"
	prefix = "/usr"
}
[Sun Apr 26 13:30:32 UTC 2026] radiusd exited with code 0. Restarting in 2s...
[Sun Apr 26 13:30:34 UTC 2026] Launching radiusd...
main {
 log {
 	destination = "stdout"
 	syslog_facility = "daemon"
 	localstatedir = "/usr/var"
 	logdir = "/usr/var/log"
 	file = "/app/data/radius.log"
 }
	name = "radiusd"
	prefix = "/usr"
}
[Sun Apr 26 13:30:34 UTC 2026] radiusd exited with code 0. Restarting in 2s...
[Sun Apr 26 13:30:36 UTC 2026] Launching radiusd...
main {
 log {
 	destination = "stdout"
 	syslog_facility = "daemon"
 	localstatedir = "/usr/var"
 	logdir = "/usr/var/log"
 	file = "/app/data/radius.log"
 }
	name = "radiusd"
	prefix = "/usr"
}
[Sun Apr 26 13:30:36 UTC 2026] radiusd exited with code 0. Restarting in 2s...
[Sun Apr 26 13:30:38 UTC 2026] Launching radiusd...
main {
 log {
 	destination = "stdout"
 	syslog_facility = "daemon"
 	localstatedir = "/usr/var"
 	logdir = "/usr/var/log"
 	file = "/app/data/radius.log"
 }
	name = "radiusd"
	prefix = "/usr"
}
[Sun Apr 26 13:30:39 UTC 2026] radiusd exited with code 0. Restarting in 2s...
[Sun Apr 26 13:30:41 UTC 2026] Launching radiusd...
main {
 log {
 	destination = "stdout"
 	syslog_facility = "daemon"
 	localstatedir = "/usr/var"
 	logdir = "/usr/var/log"
 	file = "/app/data/radius.log"
 }
	name = "radiusd"
	prefix = "/usr"
}
[Sun Apr 26 13:30:41 UTC 2026] radiusd exited with code 0. Restarting in 2s...
[Sun Apr 26 13:30:43 UTC 2026] Launching radiusd...
main {
 log {
 	destination = "stdout"
 	syslog_facility = "daemon"
 	localstatedir = "/usr/var"
 	logdir = "/usr/var/log"
 	file = "/app/data/radius.log"
 }
	name = "radiusd"
	prefix = "/usr"
}
[Sun Apr 26 13:30:43 UTC 2026] radiusd exited with code 0. Restarting in 2s...
[Sun Apr 26 13:30:45 UTC 2026] Launching radiusd...
main {
 log {
 	destination = "stdout"
 	syslog_facility = "daemon"
 	localstatedir = "/usr/var"
 	logdir = "/usr/var/log"
 	file = "/app/data/radius.log"
 }
	name = "radiusd"
	prefix = "/usr"
}
[Sun Apr 26 13:30:45 UTC 2026] radiusd exited with code 0. Restarting in 2s...
[Sun Apr 26 13:30:47 UTC 2026] Launching radiusd...
main {
 log {
 	destination = "stdout"
 	syslog_facility = "daemon"
 	localstatedir = "/usr/var"
 	logdir = "/usr/var/log"
 	file = "/app/data/radius.log"
 }
	name = "radiusd"
	prefix = "/usr"
}
[Sun Apr 26 13:30:48 UTC 2026] radiusd exited with code 0. Restarting in 2s...
[Sun Apr 26 13:30:50 UTC 2026] Launching radiusd...
main {
 log {
 	destination = "stdout"
 	syslog_facility = "daemon"
 	localstatedir = "/usr/var"
 	logdir = "/usr/var/log"
 	file = "/app/data/radius.log"
 }
	name = "radiusd"
	prefix = "/usr"
}
[Sun Apr 26 13:30:50 UTC 2026] radiusd exited with code 0. Restarting in 2s...
[Sun Apr 26 13:30:52 UTC 2026] Launching radiusd...
main {
 log {
 	destination = "stdout"
 	syslog_facility = "daemon"
 	localstatedir = "/usr/var"
 	logdir = "/usr/var/log"
 	file = "/app/data/radius.log"
 }
	name = "radiusd"
	prefix = "/usr"
}
[Sun Apr 26 13:30:52 UTC 2026] radiusd exited with code 0. Restarting in 2s...
[Sun Apr 26 13:30:54 UTC 2026] Launching radiusd...
main {
 log {
 	destination = "stdout"
 	syslog_facility = "daemon"
 	localstatedir = "/usr/var"
 	logdir = "/usr/var/log"
 	file = "/app/data/radius.log"
 }
	name = "radiusd"
	prefix = "/usr"
}
[Sun Apr 26 13:30:55 UTC 2026] radiusd exited with code 0. Restarting in 2s...
[Sun Apr 26 13:30:57 UTC 2026] Launching radiusd...
main {
 log {
 	destination = "stdout"
 	syslog_facility = "daemon"
 	localstatedir = "/usr/var"
 	logdir = "/usr/var/log"
 	file = "/app/data/radius.log"
 }
	name = "radiusd"
	prefix = "/usr"
}
[Sun Apr 26 13:30:57 UTC 2026] radiusd exited with code 0. Restarting in 2s...
[Sun Apr 26 13:30:59 UTC 2026] Launching radiusd...
main {
 log {
 	destination = "stdout"
 	syslog_facility = "daemon"
 	localstatedir = "/usr/var"
 	logdir = "/usr/var/log"
 	file = "/app/data/radius.log"
 }
	name = "radiusd"
	prefix = "/usr"
}
[Sun Apr 26 13:30:59 UTC 2026] radiusd exited with code 0. Restarting in 2s...
[Sun Apr 26 13:31:01 UTC 2026] Launching radiusd...
main {
 log {
 	destination = "stdout"
 	syslog_facility = "daemon"
 	localstatedir = "/usr/var"
 	logdir = "/usr/var/log"
 	file = "/app/data/radius.log"
 }
	name = "radiusd"
	prefix = "/usr"
}
[Sun Apr 26 13:31:02 UTC 2026] radiusd exited with code 0. Restarting in 2s...
[Sun Apr 26 13:31:04 UTC 2026] Launching radiusd...
main {
 log {
 	destination = "stdout"
 	syslog_facility = "daemon"
 	localstatedir = "/usr/var"
 	logdir = "/usr/var/log"
 	file = "/app/data/radius.log"
 }
	name = "radiusd"
	prefix = "/usr"
}
[Sun Apr 26 13:31:04 UTC 2026] radiusd exited with code 0. Restarting in 2s...
[Sun Apr 26 13:31:06 UTC 2026] Launching radiusd...
main {
 log {
 	destination = "stdout"
 	syslog_facility = "daemon"
 	localstatedir = "/usr/var"
 	logdir = "/usr/var/log"
 	file = "/app/data/radius.log"
 }
	name = "radiusd"
	prefix = "/usr"
}
[Sun Apr 26 13:31:07 UTC 2026] radiusd exited with code 0. Restarting in 2s...
[Sun Apr 26 13:31:09 UTC 2026] Launching radiusd...
main {
 log {
 	destination = "stdout"
 	syslog_facility = "daemon"
 	localstatedir = "/usr/var"
 	logdir = "/usr/var/log"
 	file = "/app/data/radius.log"
 }
	name = "radiusd"
	prefix = "/usr"
}
[Sun Apr 26 13:31:09 UTC 2026] radiusd exited with code 0. Restarting in 2s...
[Sun Apr 26 13:31:11 UTC 2026] Launching radiusd...
main {
 log {
 	destination = "stdout"
 	syslog_facility = "daemon"
 	localstatedir = "/usr/var"
 	logdir = "/usr/var/log"
 	file = "/app/data/radius.log"
 }
	name = "radiusd"
	prefix = "/usr"
}
[Sun Apr 26 13:31:11 UTC 2026] radiusd exited with code 0. Restarting in 2s...
[Sun Apr 26 13:31:13 UTC 2026] Launching radiusd...
main {
 log {
 	destination = "stdout"
 	syslog_facility = "daemon"
 	localstatedir = "/usr/var"
 	logdir = "/usr/var/log"
 	file = "/app/data/radius.log"
 }
	name = "radiusd"
	prefix = "/usr"
}
[Sun Apr 26 13:31:14 UTC 2026] radiusd exited with code 0. Restarting in 2s...
[Sun Apr 26 13:31:16 UTC 2026] Launching radiusd...
main {
 log {
 	destination = "stdout"
 	syslog_facility = "daemon"
 	localstatedir = "/usr/var"
 	logdir = "/usr/var/log"
 	file = "/app/data/radius.log"
 }
	name = "radiusd"
	prefix = "/usr"
}
[Sun Apr 26 13:31:16 UTC 2026] radiusd exited with code 0. Restarting in 2s...
[Sun Apr 26 13:31:18 UTC 2026] Launching radiusd...
main {
 log {
 	destination = "stdout"
 	syslog_facility = "daemon"
 	localstatedir = "/usr/var"
 	logdir = "/usr/var/log"
 	file = "/app/data/radius.log"
 }
	name = "radiusd"
	prefix = "/usr"
}
[Sun Apr 26 13:31:18 UTC 2026] radiusd exited with code 0. Restarting in 2s...
[Sun Apr 26 13:31:20 UTC 2026] Launching radiusd...
main {
 log {
 	destination = "stdout"
 	syslog_facility = "daemon"
 	localstatedir = "/usr/var"
 	logdir = "/usr/var/log"
 	file = "/app/data/radius.log"
 }
	name = "radiusd"
	prefix = "/usr"
}
[Sun Apr 26 13:31:21 UTC 2026] radiusd exited with code 0. Restarting in 2s...
[Sun Apr 26 13:31:23 UTC 2026] Launching radiusd...
main {
 log {
 	destination = "stdout"
 	syslog_facility = "daemon"
 	localstatedir = "/usr/var"
 	logdir = "/usr/var/log"
 	file = "/app/data/radius.log"
 }
	name = "radiusd"
	prefix = "/usr"
}
[Sun Apr 26 13:31:24 UTC 2026] radiusd exited with code 0. Restarting in 2s...
[Sun Apr 26 13:31:26 UTC 2026] Launching radiusd...
main {
 log {
 	destination = "stdout"
 	syslog_facility = "daemon"
 	localstatedir = "/usr/var"
 	logdir = "/usr/var/log"
 	file = "/app/data/radius.log"
 }
	name = "radiusd"
	prefix = "/usr"
}
[Sun Apr 26 13:31:27 UTC 2026] radiusd exited with code 0. Restarting in 2s...
[Sun Apr 26 13:31:29 UTC 2026] Launching radiusd...
main {
 log {
 	destination = "stdout"
 	syslog_facility = "daemon"
 	localstatedir = "/usr/var"
 	logdir = "/usr/var/log"
 	file = "/app/data/radius.log"
 }
	name = "radiusd"
	prefix = "/usr"
}
[Sun Apr 26 13:31:29 UTC 2026] radiusd exited with code 0. Restarting in 2s...
[Sun Apr 26 13:31:32 UTC 2026] Launching radiusd...
main {
 log {
 	destination = "stdout"
 	syslog_facility = "daemon"
 	localstatedir = "/usr/var"
 	logdir = "/usr/var/log"
 	file = "/app/data/radius.log"
 }
	name = "radiusd"
	prefix = "/usr"
}
[Sun Apr 26 13:31:33 UTC 2026] radiusd exited with code 0. Restarting in 2s...
[Sun Apr 26 13:31:35 UTC 2026] Launching radiusd...
main {
 log {
 	destination = "stdout"
 	syslog_facility = "daemon"
 	localstatedir = "/usr/var"
 	logdir = "/usr/var/log"
 	file = "/app/data/radius.log"
 }
	name = "radiusd"
	prefix = "/usr"
}
[Sun Apr 26 13:31:36 UTC 2026] radiusd exited with code 0. Restarting in 2s...
[Sun Apr 26 13:31:38 UTC 2026] Launching radiusd...
main {
 log {
 	destination = "stdout"
 	syslog_facility = "daemon"
 	localstatedir = "/usr/var"
 	logdir = "/usr/var/log"
 	file = "/app/data/radius.log"
 }
	name = "radiusd"
	prefix = "/usr"
}
[Sun Apr 26 13:31:39 UTC 2026] radiusd exited with code 0. Restarting in 2s...
[Sun Apr 26 13:31:41 UTC 2026] Launching radiusd...
main {
 log {
 	destination = "stdout"
 	syslog_facility = "daemon"
 	localstatedir = "/usr/var"
 	logdir = "/usr/var/log"
 	file = "/app/data/radius.log"
 }
	name = "radiusd"
	prefix = "/usr"
}
[Sun Apr 26 13:31:45 UTC 2026] radiusd exited with code 0. Restarting in 2s...
[Sun Apr 26 13:31:47 UTC 2026] Launching radiusd...
main {
 log {
 	destination = "stdout"
 	syslog_facility = "daemon"
 	localstatedir = "/usr/var"
 	logdir = "/usr/var/log"
 	file = "/app/data/radius.log"
 }
	name = "radiusd"
	prefix = "/usr"
}
[Sun Apr 26 13:31:49 UTC 2026] radiusd exited with code 0. Restarting in 2s...
[Sun Apr 26 13:31:51 UTC 2026] Launching radiusd...
main {
 log {
 	destination = "stdout"
 	syslog_facility = "daemon"
 	localstatedir = "/usr/var"
 	logdir = "/usr/var/log"
 	file = "/app/data/radius.log"
 }
	name = "radiusd"
	prefix = "/usr"
}
[Sun Apr 26 13:31:52 UTC 2026] radiusd exited with code 0. Restarting in 2s...
[Sun Apr 26 13:31:55 UTC 2026] Launching radiusd...
main {
 log {
 	destination = "stdout"
 	syslog_facility = "daemon"
 	localstatedir = "/usr/var"
 	logdir = "/usr/var/log"
 	file = "/app/data/radius.log"
 }
	name = "radiusd"
	prefix = "/usr"
}
[Sun Apr 26 13:31:55 UTC 2026] radiusd exited with code 0. Restarting in 2s...
[Sun Apr 26 13:31:57 UTC 2026] Launching radiusd...
main {
 log {
 	destination = "stdout"
 	syslog_facility = "daemon"
 	localstatedir = "/usr/var"
 	logdir = "/usr/var/log"
 	file = "/app/data/radius.log"
 }
	name = "radiusd"
	prefix = "/usr"
}
[Sun Apr 26 13:31:59 UTC 2026] radiusd exited with code 0. Restarting in 2s...
[Sun Apr 26 13:32:01 UTC 2026] Launching radiusd...
main {
 log {
 	destination = "stdout"
 	syslog_facility = "daemon"
 	localstatedir = "/usr/var"
 	logdir = "/usr/var/log"
 	file = "/app/data/radius.log"
 }
	name = "radiusd"
	prefix = "/usr"
}
[Sun Apr 26 13:32:02 UTC 2026] radiusd exited with code 0. Restarting in 2s...
[Sun Apr 26 13:32:04 UTC 2026] Launching radiusd...
main {
 log {
 	destination = "stdout"
 	syslog_facility = "daemon"
 	localstatedir = "/usr/var"
 	logdir = "/usr/var/log"
 	file = "/app/data/radius.log"
 }
	name = "radiusd"
	prefix = "/usr"
}
[Sun Apr 26 13:32:04 UTC 2026] radiusd exited with code 0. Restarting in 2s...
[Sun Apr 26 13:32:06 UTC 2026] Launching radiusd...
main {
 log {
 	destination = "stdout"
 	syslog_facility = "daemon"
 	localstatedir = "/usr/var"
 	logdir = "/usr/var/log"
 	file = "/app/data/radius.log"
 }
	name = "radiusd"
	prefix = "/usr"
}
[Sun Apr 26 13:32:07 UTC 2026] radiusd exited with code 0. Restarting in 2s...
[Sun Apr 26 13:32:09 UTC 2026] Launching radiusd...
main {
 log {
 	destination = "stdout"
 	syslog_facility = "daemon"
 	localstatedir = "/usr/var"
 	logdir = "/usr/var/log"
 	file = "/app/data/radius.log"
 }
	name = "radiusd"
	prefix = "/usr"
}
[Sun Apr 26 13:32:10 UTC 2026] radiusd exited with code 0. Restarting in 2s...
[Sun Apr 26 13:32:11 UTC 2026] Launching radiusd...
main {
 log {
 	destination = "stdout"
 	syslog_facility = "daemon"
 	localstatedir = "/usr/var"
 	logdir = "/usr/var/log"
 	file = "/app/data/radius.log"
 }
	name = "radiusd"
	prefix = "/usr"
}
[Sun Apr 26 13:32:12 UTC 2026] radiusd exited with code 0. Restarting in 2s...
[Sun Apr 26 13:32:14 UTC 2026] Launching radiusd...
main {
 log {
 	destination = "stdout"
 	syslog_facility = "daemon"
 	localstatedir = "/usr/var"
 	logdir = "/usr/var/log"
 	file = "/app/data/radius.log"
 }
	name = "radiusd"
	prefix = "/usr"
}
[Sun Apr 26 13:32:14 UTC 2026] radiusd exited with code 0. Restarting in 2s...
[Sun Apr 26 13:32:16 UTC 2026] Launching radiusd...
main {
 log {
 	destination = "stdout"
 	syslog_facility = "daemon"
 	localstatedir = "/usr/var"
 	logdir = "/usr/var/log"
 	file = "/app/data/radius.log"
 }
	name = "radiusd"
	prefix = "/usr"
}
[Sun Apr 26 13:32:17 UTC 2026] radiusd exited with code 0. Restarting in 2s...
[Sun Apr 26 13:32:19 UTC 2026] Launching radiusd...
main {
 log {
 	destination = "stdout"
 	syslog_facility = "daemon"
 	localstatedir = "/usr/var"
 	logdir = "/usr/var/log"
 	file = "/app/data/radius.log"
 }
	name = "radiusd"
	prefix = "/usr"
}
[Sun Apr 26 13:32:19 UTC 2026] radiusd exited with code 0. Restarting in 2s...
[Sun Apr 26 13:32:21 UTC 2026] Launching radiusd...
main {
 log {
 	destination = "stdout"
 	syslog_facility = "daemon"
 	localstatedir = "/usr/var"
 	logdir = "/usr/var/log"
 	file = "/app/data/radius.log"
 }
	name = "radiusd"
	prefix = "/usr"
}
[Sun Apr 26 13:32:21 UTC 2026] radiusd exited with code 0. Restarting in 2s...
[Sun Apr 26 13:32:23 UTC 2026] Launching radiusd...
main {
 log {
 	destination = "stdout"
 	syslog_facility = "daemon"
 	localstatedir = "/usr/var"
 	logdir = "/usr/var/log"
 	file = "/app/data/radius.log"
 }
	name = "radiusd"
	prefix = "/usr"
}
[Sun Apr 26 13:32:24 UTC 2026] radiusd exited with code 0. Restarting in 2s...
[Sun Apr 26 13:32:26 UTC 2026] Launching radiusd...
main {
 log {
 	destination = "stdout"
 	syslog_facility = "daemon"
 	localstatedir = "/usr/var"
 	logdir = "/usr/var/log"
 	file = "/app/data/radius.log"
 }
	name = "radiusd"
	prefix = "/usr"
}
[Sun Apr 26 13:32:26 UTC 2026] radiusd exited with code 0. Restarting in 2s...
[Sun Apr 26 13:32:28 UTC 2026] Launching radiusd...
main {
 log {
 	destination = "stdout"
 	syslog_facility = "daemon"
 	localstatedir = "/usr/var"
 	logdir = "/usr/var/log"
 	file = "/app/data/radius.log"
 }
	name = "radiusd"
	prefix = "/usr"
}
[Sun Apr 26 13:32:28 UTC 2026] radiusd exited with code 0. Restarting in 2s...
[Sun Apr 26 13:32:30 UTC 2026] Launching radiusd...
main {
 log {
 	destination = "stdout"
 	syslog_facility = "daemon"
 	localstatedir = "/usr/var"
 	logdir = "/usr/var/log"
 	file = "/app/data/radius.log"
 }
	name = "radiusd"
	prefix = "/usr"
}
[Sun Apr 26 13:32:31 UTC 2026] radiusd exited with code 0. Restarting in 2s...
[Sun Apr 26 13:32:33 UTC 2026] Launching radiusd...
main {
 log {
 	destination = "stdout"
 	syslog_facility = "daemon"
 	localstatedir = "/usr/var"
 	logdir = "/usr/var/log"
 	file = "/app/data/radius.log"
 }
	name = "radiusd"
	prefix = "/usr"
}
[Sun Apr 26 13:32:33 UTC 2026] radiusd exited with code 0. Restarting in 2s...
[Sun Apr 26 13:32:35 UTC 2026] Launching radiusd...
main {
 log {
 	destination = "stdout"
 	syslog_facility = "daemon"
 	localstatedir = "/usr/var"
 	logdir = "/usr/var/log"
 	file = "/app/data/radius.log"
 }
	name = "radiusd"
	prefix = "/usr"
}
[Sun Apr 26 13:32:36 UTC 2026] radiusd exited with code 0. Restarting in 2s...
[Sun Apr 26 13:32:38 UTC 2026] Launching radiusd...
main {
 log {
 	destination = "stdout"
 	syslog_facility = "daemon"
 	localstatedir = "/usr/var"
 	logdir = "/usr/var/log"
 	file = "/app/data/radius.log"
 }
	name = "radiusd"
	prefix = "/usr"
}
[Sun Apr 26 13:32:38 UTC 2026] radiusd exited with code 0. Restarting in 2s...
[Sun Apr 26 13:32:40 UTC 2026] Launching radiusd...
main {
 log {
 	destination = "stdout"
 	syslog_facility = "daemon"
 	localstatedir = "/usr/var"
 	logdir = "/usr/var/log"
 	file = "/app/data/radius.log"
 }
	name = "radiusd"
	prefix = "/usr"
}
[Sun Apr 26 13:32:40 UTC 2026] radiusd exited with code 0. Restarting in 2s...
[Sun Apr 26 13:32:42 UTC 2026] Launching radiusd...
main {
 log {
 	destination = "stdout"
 	syslog_facility = "daemon"
 	localstatedir = "/usr/var"
 	logdir = "/usr/var/log"
 	file = "/app/data/radius.log"
 }
	name = "radiusd"
	prefix = "/usr"
}
[Sun Apr 26 13:32:42 UTC 2026] radiusd exited with code 0. Restarting in 2s...
[Sun Apr 26 13:32:45 UTC 2026] Launching radiusd...
main {
 log {
 	destination = "stdout"
 	syslog_facility = "daemon"
 	localstatedir = "/usr/var"
 	logdir = "/usr/var/log"
 	file = "/app/data/radius.log"
 }
	name = "radiusd"
	prefix = "/usr"
}
[Sun Apr 26 13:32:45 UTC 2026] radiusd exited with code 0. Restarting in 2s...
[Sun Apr 26 13:32:47 UTC 2026] Launching radiusd...
main {
 log {
 	destination = "stdout"
 	syslog_facility = "daemon"
 	localstatedir = "/usr/var"
 	logdir = "/usr/var/log"
 	file = "/app/data/radius.log"
 }
	name = "radiusd"
	prefix = "/usr"
}
[Sun Apr 26 13:32:47 UTC 2026] radiusd exited with code 0. Restarting in 2s...
[Sun Apr 26 13:32:49 UTC 2026] Launching radiusd...
main {
 log {
 	destination = "stdout"
 	syslog_facility = "daemon"
 	localstatedir = "/usr/var"
 	logdir = "/usr/var/log"
 	file = "/app/data/radius.log"
 }
	name = "radiusd"
	prefix = "/usr"
}
[Sun Apr 26 13:32:49 UTC 2026] radiusd exited with code 0. Restarting in 2s...
[Sun Apr 26 13:32:51 UTC 2026] Launching radiusd...
main {
 log {
 	destination = "stdout"
 	syslog_facility = "daemon"
 	localstatedir = "/usr/var"
 	logdir = "/usr/var/log"
 	file = "/app/data/radius.log"
 }
	name = "radiusd"
	prefix = "/usr"
}
[Sun Apr 26 13:32:52 UTC 2026] radiusd exited with code 0. Restarting in 2s...
[Sun Apr 26 13:32:54 UTC 2026] Launching radiusd...
main {
 log {
 	destination = "stdout"
 	syslog_facility = "daemon"
 	localstatedir = "/usr/var"
 	logdir = "/usr/var/log"
 	file = "/app/data/radius.log"
 }
	name = "radiusd"
	prefix = "/usr"
}
[Sun Apr 26 13:32:54 UTC 2026] radiusd exited with code 0. Restarting in 2s...
[Sun Apr 26 13:32:56 UTC 2026] Launching radiusd...
main {
 log {
 	destination = "stdout"
 	syslog_facility = "daemon"
 	localstatedir = "/usr/var"
 	logdir = "/usr/var/log"
 	file = "/app/data/radius.log"
 }
	name = "radiusd"
	prefix = "/usr"
}
[Sun Apr 26 13:32:57 UTC 2026] radiusd exited with code 0. Restarting in 2s...
[Sun Apr 26 13:32:59 UTC 2026] Launching radiusd...
main {
 log {
 	destination = "stdout"
 	syslog_facility = "daemon"
 	localstatedir = "/usr/var"
 	logdir = "/usr/var/log"
 	file = "/app/data/radius.log"
 }
	name = "radiusd"
	prefix = "/usr"
}
[Sun Apr 26 13:32:59 UTC 2026] radiusd exited with code 0. Restarting in 2s...
[Sun Apr 26 13:33:01 UTC 2026] Launching radiusd...
main {
 log {
 	destination = "stdout"
 	syslog_facility = "daemon"
 	localstatedir = "/usr/var"
 	logdir = "/usr/var/log"
 	file = "/app/data/radius.log"
 }
	name = "radiusd"
	prefix = "/usr"
}
[Sun Apr 26 13:33:01 UTC 2026] radiusd exited with code 0. Restarting in 2s...
[Sun Apr 26 13:33:03 UTC 2026] Launching radiusd...
main {
 log {
 	destination = "stdout"
 	syslog_facility = "daemon"
 	localstatedir = "/usr/var"
 	logdir = "/usr/var/log"
 	file = "/app/data/radius.log"
 }
	name = "radiusd"
	prefix = "/usr"
}
[Sun Apr 26 13:33:03 UTC 2026] radiusd exited with code 0. Restarting in 2s...
[Sun Apr 26 13:33:06 UTC 2026] Launching radiusd...
main {
 log {
 	destination = "stdout"
 	syslog_facility = "daemon"
 	localstatedir = "/usr/var"
 	logdir = "/usr/var/log"
 	file = "/app/data/radius.log"
 }
	name = "radiusd"
	prefix = "/usr"
}
[Sun Apr 26 13:33:06 UTC 2026] radiusd exited with code 0. Restarting in 2s...
[Sun Apr 26 13:33:08 UTC 2026] Launching radiusd...
main {
 log {
 	destination = "stdout"
 	syslog_facility = "daemon"
 	localstatedir = "/usr/var"
 	logdir = "/usr/var/log"
 	file = "/app/data/radius.log"
 }
	name = "radiusd"
	prefix = "/usr"
}
[Sun Apr 26 13:33:08 UTC 2026] radiusd exited with code 0. Restarting in 2s...
[Sun Apr 26 13:33:10 UTC 2026] Launching radiusd...
main {
 log {
 	destination = "stdout"
 	syslog_facility = "daemon"
 	localstatedir = "/usr/var"
 	logdir = "/usr/var/log"
 	file = "/app/data/radius.log"
 }
	name = "radiusd"
	prefix = "/usr"
}
[Sun Apr 26 13:33:10 UTC 2026] radiusd exited with code 0. Restarting in 2s...
[Sun Apr 26 13:33:12 UTC 2026] Launching radiusd...
main {
 log {
 	destination = "stdout"
 	syslog_facility = "daemon"
 	localstatedir = "/usr/var"
 	logdir = "/usr/var/log"
 	file = "/app/data/radius.log"
 }
	name = "radiusd"
	prefix = "/usr"
}
[Sun Apr 26 13:33:13 UTC 2026] radiusd exited with code 0. Restarting in 2s...
[Sun Apr 26 13:33:15 UTC 2026] Launching radiusd...
main {
 log {
 	destination = "stdout"
 	syslog_facility = "daemon"
 	localstatedir = "/usr/var"
 	logdir = "/usr/var/log"
 	file = "/app/data/radius.log"
 }
	name = "radiusd"
	prefix = "/usr"
}
[Sun Apr 26 13:33:15 UTC 2026] radiusd exited with code 0. Restarting in 2s...
[Sun Apr 26 13:33:18 UTC 2026] Launching radiusd...
main {
 log {
 	destination = "stdout"
 	syslog_facility = "daemon"
 	localstatedir = "/usr/var"
 	logdir = "/usr/var/log"
 	file = "/app/data/radius.log"
 }
	name = "radiusd"
	prefix = "/usr"
}
[Sun Apr 26 13:33:19 UTC 2026] radiusd exited with code 0. Restarting in 2s...
[Sun Apr 26 13:33:21 UTC 2026] Launching radiusd...
main {
 log {
 	destination = "stdout"
 	syslog_facility = "daemon"
 	localstatedir = "/usr/var"
 	logdir = "/usr/var/log"
 	file = "/app/data/radius.log"
 }
	name = "radiusd"
	prefix = "/usr"
}
[Sun Apr 26 13:33:21 UTC 2026] radiusd exited with code 0. Restarting in 2s...
[Sun Apr 26 13:33:23 UTC 2026] Launching radiusd...
main {
 log {
 	destination = "stdout"
 	syslog_facility = "daemon"
 	localstatedir = "/usr/var"
 	logdir = "/usr/var/log"
 	file = "/app/data/radius.log"
 }
	name = "radiusd"
	prefix = "/usr"
}
[Sun Apr 26 13:33:23 UTC 2026] radiusd exited with code 0. Restarting in 2s...
[Sun Apr 26 13:33:25 UTC 2026] Launching radiusd...
main {
 log {
 	destination = "stdout"
 	syslog_facility = "daemon"
 	localstatedir = "/usr/var"
 	logdir = "/usr/var/log"
 	file = "/app/data/radius.log"
 }
	name = "radiusd"
	prefix = "/usr"
}
[Sun Apr 26 13:33:26 UTC 2026] radiusd exited with code 0. Restarting in 2s...
[Sun Apr 26 13:33:28 UTC 2026] Launching radiusd...
main {
 log {
 	destination = "stdout"
 	syslog_facility = "daemon"
 	localstatedir = "/usr/var"
 	logdir = "/usr/var/log"
 	file = "/app/data/radius.log"
 }
	name = "radiusd"
	prefix = "/usr"
}
[Sun Apr 26 13:33:29 UTC 2026] radiusd exited with code 0. Restarting in 2s...
[Sun Apr 26 13:33:31 UTC 2026] Launching radiusd...
main {
 log {
 	destination = "stdout"
 	syslog_facility = "daemon"
 	localstatedir = "/usr/var"
 	logdir = "/usr/var/log"
 	file = "/app/data/radius.log"
 }
	name = "radiusd"
	prefix = "/usr"
}
[Sun Apr 26 13:33:31 UTC 2026] radiusd exited with code 0. Restarting in 2s...
[Sun Apr 26 13:33:33 UTC 2026] Launching radiusd...
main {
 log {
 	destination = "stdout"
 	syslog_facility = "daemon"
 	localstatedir = "/usr/var"
 	logdir = "/usr/var/log"
 	file = "/app/data/radius.log"
 }
	name = "radiusd"
	prefix = "/usr"
}
[Sun Apr 26 13:33:34 UTC 2026] radiusd exited with code 0. Restarting in 2s...
[Sun Apr 26 13:33:36 UTC 2026] Launching radiusd...
main {
 log {
 	destination = "stdout"
 	syslog_facility = "daemon"
 	localstatedir = "/usr/var"
 	logdir = "/usr/var/log"
 	file = "/app/data/radius.log"
 }
	name = "radiusd"
	prefix = "/usr"
}
[Sun Apr 26 13:33:36 UTC 2026] radiusd exited with code 0. Restarting in 2s...
[Sun Apr 26 13:33:38 UTC 2026] Launching radiusd...
main {
 log {
 	destination = "stdout"
 	syslog_facility = "daemon"
 	localstatedir = "/usr/var"
 	logdir = "/usr/var/log"
 	file = "/app/data/radius.log"
 }
	name = "radiusd"
	prefix = "/usr"
}
[Sun Apr 26 13:33:39 UTC 2026] radiusd exited with code 0. Restarting in 2s...
[Sun Apr 26 13:33:41 UTC 2026] Launching radiusd...
main {
 log {
 	destination = "stdout"
 	syslog_facility = "daemon"
 	localstatedir = "/usr/var"
 	logdir = "/usr/var/log"
 	file = "/app/data/radius.log"
 }
	name = "radiusd"
	prefix = "/usr"
}
[Sun Apr 26 13:33:42 UTC 2026] radiusd exited with code 0. Restarting in 2s...
[Sun Apr 26 13:33:44 UTC 2026] Launching radiusd...
main {
 log {
 	destination = "stdout"
 	syslog_facility = "daemon"
 	localstatedir = "/usr/var"
 	logdir = "/usr/var/log"
 	file = "/app/data/radius.log"
 }
	name = "radiusd"
	prefix = "/usr"
}
[Sun Apr 26 13:33:45 UTC 2026] radiusd exited with code 0. Restarting in 2s...
[Sun Apr 26 13:33:47 UTC 2026] Launching radiusd...
main {
 log {
 	destination = "stdout"
 	syslog_facility = "daemon"
 	localstatedir = "/usr/var"
 	logdir = "/usr/var/log"
 	file = "/app/data/radius.log"
 }
	name = "radiusd"
	prefix = "/usr"
}
[Sun Apr 26 13:33:47 UTC 2026] radiusd exited with code 0. Restarting in 2s...
[Sun Apr 26 13:33:49 UTC 2026] Launching radiusd...
main {
 log {
 	destination = "stdout"
 	syslog_facility = "daemon"
 	localstatedir = "/usr/var"
 	logdir = "/usr/var/log"
 	file = "/app/data/radius.log"
 }
	name = "radiusd"
	prefix = "/usr"
}
[Sun Apr 26 13:33:50 UTC 2026] radiusd exited with code 0. Restarting in 2s...
[Sun Apr 26 13:33:52 UTC 2026] Launching radiusd...
main {
 log {
 	destination = "stdout"
 	syslog_facility = "daemon"
 	localstatedir = "/usr/var"
 	logdir = "/usr/var/log"
 	file = "/app/data/radius.log"
 }
	name = "radiusd"
	prefix = "/usr"
}
[Sun Apr 26 13:33:52 UTC 2026] radiusd exited with code 0. Restarting in 2s...
[Sun Apr 26 13:33:54 UTC 2026] Launching radiusd...
main {
 log {
 	destination = "stdout"
 	syslog_facility = "daemon"
 	localstatedir = "/usr/var"
 	logdir = "/usr/var/log"
 	file = "/app/data/radius.log"
 }
	name = "radiusd"
	prefix = "/usr"
}
[Sun Apr 26 13:33:55 UTC 2026] radiusd exited with code 0. Restarting in 2s...
[Sun Apr 26 13:33:57 UTC 2026] Launching radiusd...
main {
 log {
 	destination = "stdout"
 	syslog_facility = "daemon"
 	localstatedir = "/usr/var"
 	logdir = "/usr/var/log"
 	file = "/app/data/radius.log"
 }
	name = "radiusd"
	prefix = "/usr"
}
[Sun Apr 26 13:33:58 UTC 2026] radiusd exited with code 0. Restarting in 2s...
[Sun Apr 26 13:34:00 UTC 2026] Launching radiusd...
main {
 log {
 	destination = "stdout"
 	syslog_facility = "daemon"
 	localstatedir = "/usr/var"
 	logdir = "/usr/var/log"
 	file = "/app/data/radius.log"
 }
	name = "radiusd"
	prefix = "/usr"
}
[Sun Apr 26 13:34:00 UTC 2026] radiusd exited with code 0. Restarting in 2s...
[Sun Apr 26 13:34:02 UTC 2026] Launching radiusd...
main {
 log {
 	destination = "stdout"
 	syslog_facility = "daemon"
 	localstatedir = "/usr/var"
 	logdir = "/usr/var/log"
 	file = "/app/data/radius.log"
 }
	name = "radiusd"
	prefix = "/usr"
}
[Sun Apr 26 13:34:03 UTC 2026] radiusd exited with code 0. Restarting in 2s...
[Sun Apr 26 13:34:05 UTC 2026] Launching radiusd...
main {
 log {
 	destination = "stdout"
 	syslog_facility = "daemon"
 	localstatedir = "/usr/var"
 	logdir = "/usr/var/log"
 	file = "/app/data/radius.log"
 }
	name = "radiusd"
	prefix = "/usr"
}
[Sun Apr 26 13:34:06 UTC 2026] radiusd exited with code 0. Restarting in 2s...
[Sun Apr 26 13:34:08 UTC 2026] Launching radiusd...
main {
 log {
 	destination = "stdout"
 	syslog_facility = "daemon"
 	localstatedir = "/usr/var"
 	logdir = "/usr/var/log"
 	file = "/app/data/radius.log"
 }
	name = "radiusd"
	prefix = "/usr"
}
[Sun Apr 26 13:34:08 UTC 2026] radiusd exited with code 0. Restarting in 2s...
[Sun Apr 26 13:34:10 UTC 2026] Launching radiusd...
main {
 log {
 	destination = "stdout"
 	syslog_facility = "daemon"
 	localstatedir = "/usr/var"
 	logdir = "/usr/var/log"
 	file = "/app/data/radius.log"
 }
	name = "radiusd"
	prefix = "/usr"
}
[Sun Apr 26 13:34:11 UTC 2026] radiusd exited with code 0. Restarting in 2s...
[Sun Apr 26 13:34:13 UTC 2026] Launching radiusd...
main {
 log {
 	destination = "stdout"
 	syslog_facility = "daemon"
 	localstatedir = "/usr/var"
 	logdir = "/usr/var/log"
 	file = "/app/data/radius.log"
 }
	name = "radiusd"
	prefix = "/usr"
}
[Sun Apr 26 13:34:14 UTC 2026] radiusd exited with code 0. Restarting in 2s...
[Sun Apr 26 13:34:16 UTC 2026] Launching radiusd...
main {
 log {
 	destination = "stdout"
 	syslog_facility = "daemon"
 	localstatedir = "/usr/var"
 	logdir = "/usr/var/log"
 	file = "/app/data/radius.log"
 }
	name = "radiusd"
	prefix = "/usr"
}
[Sun Apr 26 13:34:17 UTC 2026] radiusd exited with code 0. Restarting in 2s...
[Sun Apr 26 13:34:19 UTC 2026] Launching radiusd...
main {
 log {
 	destination = "stdout"
 	syslog_facility = "daemon"
 	localstatedir = "/usr/var"
 	logdir = "/usr/var/log"
 	file = "/app/data/radius.log"
 }
	name = "radiusd"
	prefix = "/usr"
}
[Sun Apr 26 13:34:19 UTC 2026] radiusd exited with code 0. Restarting in 2s...
[Sun Apr 26 13:34:21 UTC 2026] Launching radiusd...
main {
 log {
 	destination = "stdout"
 	syslog_facility = "daemon"
 	localstatedir = "/usr/var"
 	logdir = "/usr/var/log"
 	file = "/app/data/radius.log"
 }
	name = "radiusd"
	prefix = "/usr"
}
[Sun Apr 26 13:34:22 UTC 2026] radiusd exited with code 0. Restarting in 2s...
[Sun Apr 26 13:34:24 UTC 2026] Launching radiusd...
main {
 log {
 	destination = "stdout"
 	syslog_facility = "daemon"
 	localstatedir = "/usr/var"
 	logdir = "/usr/var/log"
 	file = "/app/data/radius.log"
 }
	name = "radiusd"
	prefix = "/usr"
}
[Sun Apr 26 13:34:24 UTC 2026] radiusd exited with code 0. Restarting in 2s...
[Sun Apr 26 13:34:26 UTC 2026] Launching radiusd...
main {
 log {
 	destination = "stdout"
 	syslog_facility = "daemon"
 	localstatedir = "/usr/var"
 	logdir = "/usr/var/log"
 	file = "/app/data/radius.log"
 }
	name = "radiusd"
	prefix = "/usr"
}
[Sun Apr 26 13:34:26 UTC 2026] radiusd exited with code 0. Restarting in 2s...
[Sun Apr 26 13:34:28 UTC 2026] Launching radiusd...
main {
 log {
 	destination = "stdout"
 	syslog_facility = "daemon"
 	localstatedir = "/usr/var"
 	logdir = "/usr/var/log"
 	file = "/app/data/radius.log"
 }
	name = "radiusd"
	prefix = "/usr"
}
[Sun Apr 26 13:34:29 UTC 2026] radiusd exited with code 0. Restarting in 2s...
[Sun Apr 26 13:34:31 UTC 2026] Launching radiusd...
main {
 log {
 	destination = "stdout"
 	syslog_facility = "daemon"
 	localstatedir = "/usr/var"
 	logdir = "/usr/var/log"
 	file = "/app/data/radius.log"
 }
	name = "radiusd"
	prefix = "/usr"
}
[Sun Apr 26 13:34:31 UTC 2026] radiusd exited with code 0. Restarting in 2s...
[Sun Apr 26 13:34:33 UTC 2026] Launching radiusd...
main {
 log {
 	destination = "stdout"
 	syslog_facility = "daemon"
 	localstatedir = "/usr/var"
 	logdir = "/usr/var/log"
 	file = "/app/data/radius.log"
 }
	name = "radiusd"
	prefix = "/usr"
}
[Sun Apr 26 13:34:34 UTC 2026] radiusd exited with code 0. Restarting in 2s...
[Sun Apr 26 13:34:36 UTC 2026] Launching radiusd...
main {
 log {
 	destination = "stdout"
 	syslog_facility = "daemon"
 	localstatedir = "/usr/var"
 	logdir = "/usr/var/log"
 	file = "/app/data/radius.log"
 }
	name = "radiusd"
	prefix = "/usr"
}
[Sun Apr 26 13:34:37 UTC 2026] radiusd exited with code 0. Restarting in 2s...
[Sun Apr 26 13:34:39 UTC 2026] Launching radiusd...
main {
 log {
 	destination = "stdout"
 	syslog_facility = "daemon"
 	localstatedir = "/usr/var"
 	logdir = "/usr/var/log"
 	file = "/app/data/radius.log"
 }
	name = "radiusd"
	prefix = "/usr"
}
[Sun Apr 26 13:34:39 UTC 2026] radiusd exited with code 0. Restarting in 2s...
[Sun Apr 26 13:34:41 UTC 2026] Launching radiusd...
main {
 log {
 	destination = "stdout"
 	syslog_facility = "daemon"
 	localstatedir = "/usr/var"
 	logdir = "/usr/var/log"
 	file = "/app/data/radius.log"
 }
	name = "radiusd"
	prefix = "/usr"
}
[Sun Apr 26 13:34:42 UTC 2026] radiusd exited with code 0. Restarting in 2s...
[Sun Apr 26 13:34:44 UTC 2026] Launching radiusd...
main {
 log {
 	destination = "stdout"
 	syslog_facility = "daemon"
 	localstatedir = "/usr/var"
 	logdir = "/usr/var/log"
 	file = "/app/data/radius.log"
 }
	name = "radiusd"
	prefix = "/usr"
}
[Sun Apr 26 13:34:44 UTC 2026] radiusd exited with code 0. Restarting in 2s...
[Sun Apr 26 13:34:46 UTC 2026] Launching radiusd...
main {
 log {
 	destination = "stdout"
 	syslog_facility = "daemon"
 	localstatedir = "/usr/var"
 	logdir = "/usr/var/log"
 	file = "/app/data/radius.log"
 }
	name = "radiusd"
	prefix = "/usr"
}
[Sun Apr 26 13:34:47 UTC 2026] radiusd exited with code 0. Restarting in 2s...
[Sun Apr 26 13:34:49 UTC 2026] Launching radiusd...
main {
 log {
 	destination = "stdout"
 	syslog_facility = "daemon"
 	localstatedir = "/usr/var"
 	logdir = "/usr/var/log"
 	file = "/app/data/radius.log"
 }
	name = "radiusd"
	prefix = "/usr"
}
[Sun Apr 26 13:34:50 UTC 2026] radiusd exited with code 0. Restarting in 2s...
[Sun Apr 26 13:34:52 UTC 2026] Launching radiusd...
main {
 log {
 	destination = "stdout"
 	syslog_facility = "daemon"
 	localstatedir = "/usr/var"
 	logdir = "/usr/var/log"
 	file = "/app/data/radius.log"
 }
	name = "radiusd"
	prefix = "/usr"
}
[Sun Apr 26 13:34:52 UTC 2026] radiusd exited with code 0. Restarting in 2s...
[Sun Apr 26 13:34:54 UTC 2026] Launching radiusd...
main {
 log {
 	destination = "stdout"
 	syslog_facility = "daemon"
 	localstatedir = "/usr/var"
 	logdir = "/usr/var/log"
 	file = "/app/data/radius.log"
 }
	name = "radiusd"
	prefix = "/usr"
}
[Sun Apr 26 13:34:55 UTC 2026] radiusd exited with code 0. Restarting in 2s...
[Sun Apr 26 13:34:57 UTC 2026] Launching radiusd...
main {
 log {
 	destination = "stdout"
 	syslog_facility = "daemon"
 	localstatedir = "/usr/var"
 	logdir = "/usr/var/log"
 	file = "/app/data/radius.log"
 }
	name = "radiusd"
	prefix = "/usr"
}
[Sun Apr 26 13:34:58 UTC 2026] radiusd exited with code 0. Restarting in 2s...
[Sun Apr 26 13:35:00 UTC 2026] Launching radiusd...
main {
 log {
 	destination = "stdout"
 	syslog_facility = "daemon"
 	localstatedir = "/usr/var"
 	logdir = "/usr/var/log"
 	file = "/app/data/radius.log"
 }
	name = "radiusd"
	prefix = "/usr"
}
[Sun Apr 26 13:35:01 UTC 2026] radiusd exited with code 0. Restarting in 2s...
[Sun Apr 26 13:35:03 UTC 2026] Launching radiusd...
main {
 log {
 	destination = "stdout"
 	syslog_facility = "daemon"
 	localstatedir = "/usr/var"
 	logdir = "/usr/var/log"
 	file = "/app/data/radius.log"
 }
	name = "radiusd"
	prefix = "/usr"
}
[Sun Apr 26 13:35:05 UTC 2026] radiusd exited with code 0. Restarting in 2s...
[Sun Apr 26 13:35:07 UTC 2026] Launching radiusd...
main {
 log {
 	destination = "stdout"
 	syslog_facility = "daemon"
 	localstatedir = "/usr/var"
 	logdir = "/usr/var/log"
 	file = "/app/data/radius.log"
 }
	name = "radiusd"
	prefix = "/usr"
}
[Sun Apr 26 13:35:07 UTC 2026] radiusd exited with code 0. Restarting in 2s...
[Sun Apr 26 13:35:09 UTC 2026] Launching radiusd...
main {
 log {
 	destination = "stdout"
 	syslog_facility = "daemon"
 	localstatedir = "/usr/var"
 	logdir = "/usr/var/log"
 	file = "/app/data/radius.log"
 }
	name = "radiusd"
	prefix = "/usr"
}
[Sun Apr 26 13:35:10 UTC 2026] radiusd exited with code 0. Restarting in 2s...
[Sun Apr 26 13:35:11 UTC 2026] Launching radiusd...
main {
 log {
 	destination = "stdout"
 	syslog_facility = "daemon"
 	localstatedir = "/usr/var"
 	logdir = "/usr/var/log"
 	file = "/app/data/radius.log"
 }
	name = "radiusd"
	prefix = "/usr"
}
[Sun Apr 26 13:35:12 UTC 2026] radiusd exited with code 0. Restarting in 2s...
[Sun Apr 26 13:35:14 UTC 2026] Launching radiusd...
main {
 log {
 	destination = "stdout"
 	syslog_facility = "daemon"
 	localstatedir = "/usr/var"
 	logdir = "/usr/var/log"
 	file = "/app/data/radius.log"
 }
	name = "radiusd"
	prefix = "/usr"
}
[Sun Apr 26 13:35:15 UTC 2026] radiusd exited with code 0. Restarting in 2s...
[Sun Apr 26 13:35:17 UTC 2026] Launching radiusd...
main {
 log {
 	destination = "stdout"
 	syslog_facility = "daemon"
 	localstatedir = "/usr/var"
 	logdir = "/usr/var/log"
 	file = "/app/data/radius.log"
 }
	name = "radiusd"
	prefix = "/usr"
}
[Sun Apr 26 13:35:18 UTC 2026] radiusd exited with code 0. Restarting in 2s...
[Sun Apr 26 13:35:20 UTC 2026] Launching radiusd...
main {
 log {
 	destination = "stdout"
 	syslog_facility = "daemon"
 	localstatedir = "/usr/var"
 	logdir = "/usr/var/log"
 	file = "/app/data/radius.log"
 }
	name = "radiusd"
	prefix = "/usr"
}
[Sun Apr 26 13:35:20 UTC 2026] radiusd exited with code 0. Restarting in 2s...
[Sun Apr 26 13:35:22 UTC 2026] Launching radiusd...
main {
 log {
 	destination = "stdout"
 	syslog_facility = "daemon"
 	localstatedir = "/usr/var"
 	logdir = "/usr/var/log"
 	file = "/app/data/radius.log"
 }
	name = "radiusd"
	prefix = "/usr"
}
[Sun Apr 26 13:35:23 UTC 2026] radiusd exited with code 0. Restarting in 2s...
[Sun Apr 26 13:35:25 UTC 2026] Launching radiusd...
main {
 log {
 	destination = "stdout"
 	syslog_facility = "daemon"
 	localstatedir = "/usr/var"
 	logdir = "/usr/var/log"
 	file = "/app/data/radius.log"
 }
	name = "radiusd"
	prefix = "/usr"
}
[Sun Apr 26 13:35:26 UTC 2026] radiusd exited with code 0. Restarting in 2s...
[Sun Apr 26 13:35:28 UTC 2026] Launching radiusd...
main {
 log {
 	destination = "stdout"
 	syslog_facility = "daemon"
 	localstatedir = "/usr/var"
 	logdir = "/usr/var/log"
 	file = "/app/data/radius.log"
 }
	name = "radiusd"
	prefix = "/usr"
}
[Sun Apr 26 13:35:28 UTC 2026] radiusd exited with code 0. Restarting in 2s...
[Sun Apr 26 13:35:30 UTC 2026] Launching radiusd...
main {
 log {
 	destination = "stdout"
 	syslog_facility = "daemon"
 	localstatedir = "/usr/var"
 	logdir = "/usr/var/log"
 	file = "/app/data/radius.log"
 }
	name = "radiusd"
	prefix = "/usr"
}
[Sun Apr 26 13:35:31 UTC 2026] radiusd exited with code 0. Restarting in 2s...
[Sun Apr 26 13:35:33 UTC 2026] Launching radiusd...
main {
 log {
 	destination = "stdout"
 	syslog_facility = "daemon"
 	localstatedir = "/usr/var"
 	logdir = "/usr/var/log"
 	file = "/app/data/radius.log"
 }
	name = "radiusd"
	prefix = "/usr"
}
[Sun Apr 26 13:35:34 UTC 2026] radiusd exited with code 0. Restarting in 2s...
[Sun Apr 26 13:35:36 UTC 2026] Launching radiusd...
main {
 log {
 	destination = "stdout"
 	syslog_facility = "daemon"
 	localstatedir = "/usr/var"
 	logdir = "/usr/var/log"
 	file = "/app/data/radius.log"
 }
	name = "radiusd"
	prefix = "/usr"
}
[Sun Apr 26 13:35:36 UTC 2026] radiusd exited with code 0. Restarting in 2s...
[Sun Apr 26 13:35:38 UTC 2026] Launching radiusd...
main {
 log {
 	destination = "stdout"
 	syslog_facility = "daemon"
 	localstatedir = "/usr/var"
 	logdir = "/usr/var/log"
 	file = "/app/data/radius.log"
 }
	name = "radiusd"
	prefix = "/usr"
}
[Sun Apr 26 13:35:46 UTC 2026] radiusd exited with code 0. Restarting in 2s...
[Sun Apr 26 13:35:48 UTC 2026] Launching radiusd...
main {
 log {
 	destination = "stdout"
 	syslog_facility = "daemon"
 	localstatedir = "/usr/var"
 	logdir = "/usr/var/log"
 	file = "/app/data/radius.log"
 }
	name = "radiusd"
	prefix = "/usr"
}
[Sun Apr 26 13:35:49 UTC 2026] radiusd exited with code 0. Restarting in 2s...
[Sun Apr 26 13:35:51 UTC 2026] Launching radiusd...
main {
 log {
 	destination = "stdout"
 	syslog_facility = "daemon"
 	localstatedir = "/usr/var"
 	logdir = "/usr/var/log"
 	file = "/app/data/radius.log"
 }
	name = "radiusd"
	prefix = "/usr"
}
[Sun Apr 26 13:35:52 UTC 2026] radiusd exited with code 0. Restarting in 2s...
[Sun Apr 26 13:35:54 UTC 2026] Launching radiusd...
main {
 log {
 	destination = "stdout"
 	syslog_facility = "daemon"
 	localstatedir = "/usr/var"
 	logdir = "/usr/var/log"
 	file = "/app/data/radius.log"
 }
	name = "radiusd"
	prefix = "/usr"
}
[Sun Apr 26 13:35:54 UTC 2026] radiusd exited with code 0. Restarting in 2s...
[Sun Apr 26 13:35:56 UTC 2026] Launching radiusd...
main {
 log {
 	destination = "stdout"
 	syslog_facility = "daemon"
 	localstatedir = "/usr/var"
 	logdir = "/usr/var/log"
 	file = "/app/data/radius.log"
 }
	name = "radiusd"
	prefix = "/usr"
}
[Sun Apr 26 13:35:56 UTC 2026] radiusd exited with code 0. Restarting in 2s...
[Sun Apr 26 13:35:58 UTC 2026] Launching radiusd...
main {
 log {
 	destination = "stdout"
 	syslog_facility = "daemon"
 	localstatedir = "/usr/var"
 	logdir = "/usr/var/log"
 	file = "/app/data/radius.log"
 }
	name = "radiusd"
	prefix = "/usr"
}
[Sun Apr 26 13:35:59 UTC 2026] radiusd exited with code 0. Restarting in 2s...
[Sun Apr 26 13:36:01 UTC 2026] Launching radiusd...
main {
 log {
 	destination = "stdout"
 	syslog_facility = "daemon"
 	localstatedir = "/usr/var"
 	logdir = "/usr/var/log"
 	file = "/app/data/radius.log"
 }
	name = "radiusd"
	prefix = "/usr"
}
[Sun Apr 26 13:36:01 UTC 2026] radiusd exited with code 0. Restarting in 2s...
[Sun Apr 26 13:36:03 UTC 2026] Launching radiusd...
main {
 log {
 	destination = "stdout"
 	syslog_facility = "daemon"
 	localstatedir = "/usr/var"
 	logdir = "/usr/var/log"
 	file = "/app/data/radius.log"
 }
	name = "radiusd"
	prefix = "/usr"
}
[Sun Apr 26 13:36:03 UTC 2026] radiusd exited with code 0. Restarting in 2s...
[Sun Apr 26 13:36:05 UTC 2026] Launching radiusd...
main {
 log {
 	destination = "stdout"
 	syslog_facility = "daemon"
 	localstatedir = "/usr/var"
 	logdir = "/usr/var/log"
 	file = "/app/data/radius.log"
 }
	name = "radiusd"
	prefix = "/usr"
}
[Sun Apr 26 13:36:09 UTC 2026] radiusd exited with code 0. Restarting in 2s...
[Sun Apr 26 13:36:11 UTC 2026] Launching radiusd...
main {
 log {
 	destination = "stdout"
 	syslog_facility = "daemon"
 	localstatedir = "/usr/var"
 	logdir = "/usr/var/log"
 	file = "/app/data/radius.log"
 }
	name = "radiusd"
	prefix = "/usr"
}
[Sun Apr 26 13:36:12 UTC 2026] radiusd exited with code 0. Restarting in 2s...
[Sun Apr 26 13:36:14 UTC 2026] Launching radiusd...
main {
 log {
 	destination = "stdout"
 	syslog_facility = "daemon"
 	localstatedir = "/usr/var"
 	logdir = "/usr/var/log"
 	file = "/app/data/radius.log"
 }
	name = "radiusd"
	prefix = "/usr"
}
[Sun Apr 26 13:36:14 UTC 2026] radiusd exited with code 0. Restarting in 2s...
[Sun Apr 26 13:36:16 UTC 2026] Launching radiusd...
main {
 log {
 	destination = "stdout"
 	syslog_facility = "daemon"
 	localstatedir = "/usr/var"
 	logdir = "/usr/var/log"
 	file = "/app/data/radius.log"
 }
	name = "radiusd"
	prefix = "/usr"
}
[Sun Apr 26 13:36:18 UTC 2026] radiusd exited with code 0. Restarting in 2s...
[Sun Apr 26 13:36:20 UTC 2026] Launching radiusd...
main {
 log {
 	destination = "stdout"
 	syslog_facility = "daemon"
 	localstatedir = "/usr/var"
 	logdir = "/usr/var/log"
 	file = "/app/data/radius.log"
 }
	name = "radiusd"
	prefix = "/usr"
}
[Sun Apr 26 13:36:23 UTC 2026] radiusd exited with code 0. Restarting in 2s...
[Sun Apr 26 13:36:25 UTC 2026] Launching radiusd...
main {
 log {
 	destination = "stdout"
 	syslog_facility = "daemon"
 	localstatedir = "/usr/var"
 	logdir = "/usr/var/log"
 	file = "/app/data/radius.log"
 }
	name = "radiusd"
	prefix = "/usr"
}
[Sun Apr 26 13:36:27 UTC 2026] radiusd exited with code 0. Restarting in 2s...
[Sun Apr 26 13:36:29 UTC 2026] Launching radiusd...
main {
 log {
 	destination = "stdout"
 	syslog_facility = "daemon"
 	localstatedir = "/usr/var"
 	logdir = "/usr/var/log"
 	file = "/app/data/radius.log"
 }
	name = "radiusd"
	prefix = "/usr"
}
[Sun Apr 26 13:36:33 UTC 2026] radiusd exited with code 0. Restarting in 2s...
[Sun Apr 26 13:36:35 UTC 2026] Launching radiusd...
main {
 log {
 	destination = "stdout"
 	syslog_facility = "daemon"
 	localstatedir = "/usr/var"
 	logdir = "/usr/var/log"
 	file = "/app/data/radius.log"
 }
	name = "radiusd"
	prefix = "/usr"
}
[Sun Apr 26 13:36:38 UTC 2026] radiusd exited with code 0. Restarting in 2s...
[Sun Apr 26 13:36:40 UTC 2026] Launching radiusd...
main {
 log {
 	destination = "stdout"
 	syslog_facility = "daemon"
 	localstatedir = "/usr/var"
 	logdir = "/usr/var/log"
 	file = "/app/data/radius.log"
 }
	name = "radiusd"
	prefix = "/usr"
}
[Sun Apr 26 13:36:42 UTC 2026] radiusd exited with code 0. Restarting in 2s...
[Sun Apr 26 13:36:45 UTC 2026] Launching radiusd...
main {
 log {
 	destination = "stdout"
 	syslog_facility = "daemon"
 	localstatedir = "/usr/var"
 	logdir = "/usr/var/log"
 	file = "/app/data/radius.log"
 }
	name = "radiusd"
	prefix = "/usr"
}
[Sun Apr 26 13:36:46 UTC 2026] radiusd exited with code 0. Restarting in 2s...
[Sun Apr 26 13:36:48 UTC 2026] Launching radiusd...
main {
 log {
 	destination = "stdout"
 	syslog_facility = "daemon"
 	localstatedir = "/usr/var"
 	logdir = "/usr/var/log"
 	file = "/app/data/radius.log"
 }
	name = "radiusd"
	prefix = "/usr"
}
[Sun Apr 26 13:36:50 UTC 2026] radiusd exited with code 0. Restarting in 2s...
[Sun Apr 26 13:36:52 UTC 2026] Launching radiusd...
main {
 log {
 	destination = "stdout"
 	syslog_facility = "daemon"
 	localstatedir = "/usr/var"
 	logdir = "/usr/var/log"
 	file = "/app/data/radius.log"
 }
	name = "radiusd"
	prefix = "/usr"
}
[Sun Apr 26 13:36:54 UTC 2026] radiusd exited with code 0. Restarting in 2s...
[Sun Apr 26 13:36:56 UTC 2026] Launching radiusd...
main {
 log {
 	destination = "stdout"
 	syslog_facility = "daemon"
 	localstatedir = "/usr/var"
 	logdir = "/usr/var/log"
 	file = "/app/data/radius.log"
 }
	name = "radiusd"
	prefix = "/usr"
}
[Sun Apr 26 13:36:57 UTC 2026] radiusd exited with code 0. Restarting in 2s...
[Sun Apr 26 13:36:59 UTC 2026] Launching radiusd...
main {
 log {
 	destination = "stdout"
 	syslog_facility = "daemon"
 	localstatedir = "/usr/var"
 	logdir = "/usr/var/log"
 	file = "/app/data/radius.log"
 }
	name = "radiusd"
	prefix = "/usr"
}
[Sun Apr 26 13:37:01 UTC 2026] radiusd exited with code 0. Restarting in 2s...
[Sun Apr 26 13:37:03 UTC 2026] Launching radiusd...
main {
 log {
 	destination = "stdout"
 	syslog_facility = "daemon"
 	localstatedir = "/usr/var"
 	logdir = "/usr/var/log"
 	file = "/app/data/radius.log"
 }
	name = "radiusd"
	prefix = "/usr"
}
[Sun Apr 26 13:37:04 UTC 2026] radiusd exited with code 0. Restarting in 2s...
[Sun Apr 26 13:37:06 UTC 2026] Launching radiusd...
main {
 log {
 	destination = "stdout"
 	syslog_facility = "daemon"
 	localstatedir = "/usr/var"
 	logdir = "/usr/var/log"
 	file = "/app/data/radius.log"
 }
	name = "radiusd"
	prefix = "/usr"
}
[Sun Apr 26 13:37:06 UTC 2026] radiusd exited with code 0. Restarting in 2s...
[Sun Apr 26 13:37:08 UTC 2026] Launching radiusd...
main {
 log {
 	destination = "stdout"
 	syslog_facility = "daemon"
 	localstatedir = "/usr/var"
 	logdir = "/usr/var/log"
 	file = "/app/data/radius.log"
 }
	name = "radiusd"
	prefix = "/usr"
}
[Sun Apr 26 13:37:10 UTC 2026] radiusd exited with code 0. Restarting in 2s...
[Sun Apr 26 13:37:12 UTC 2026] Launching radiusd...
main {
 log {
 	destination = "stdout"
 	syslog_facility = "daemon"
 	localstatedir = "/usr/var"
 	logdir = "/usr/var/log"
 	file = "/app/data/radius.log"
 }
	name = "radiusd"
	prefix = "/usr"
}
[Sun Apr 26 13:37:12 UTC 2026] radiusd exited with code 0. Restarting in 2s...
[Sun Apr 26 13:37:14 UTC 2026] Launching radiusd...
main {
 log {
 	destination = "stdout"
 	syslog_facility = "daemon"
 	localstatedir = "/usr/var"
 	logdir = "/usr/var/log"
 	file = "/app/data/radius.log"
 }
	name = "radiusd"
	prefix = "/usr"
}
[Sun Apr 26 13:37:15 UTC 2026] radiusd exited with code 0. Restarting in 2s...
[Sun Apr 26 13:37:17 UTC 2026] Launching radiusd...
main {
 log {
 	destination = "stdout"
 	syslog_facility = "daemon"
 	localstatedir = "/usr/var"
 	logdir = "/usr/var/log"
 	file = "/app/data/radius.log"
 }
	name = "radiusd"
	prefix = "/usr"
}
[Sun Apr 26 13:37:17 UTC 2026] radiusd exited with code 0. Restarting in 2s...
[Sun Apr 26 13:37:19 UTC 2026] Launching radiusd...
main {
 log {
 	destination = "stdout"
 	syslog_facility = "daemon"
 	localstatedir = "/usr/var"
 	logdir = "/usr/var/log"
 	file = "/app/data/radius.log"
 }
	name = "radiusd"
	prefix = "/usr"
}
[Sun Apr 26 13:37:19 UTC 2026] radiusd exited with code 0. Restarting in 2s...
[Sun Apr 26 13:37:21 UTC 2026] Launching radiusd...
main {
 log {
 	destination = "stdout"
 	syslog_facility = "daemon"
 	localstatedir = "/usr/var"
 	logdir = "/usr/var/log"
 	file = "/app/data/radius.log"
 }
	name = "radiusd"
	prefix = "/usr"
}
[Sun Apr 26 13:37:22 UTC 2026] radiusd exited with code 0. Restarting in 2s...
[Sun Apr 26 13:37:24 UTC 2026] Launching radiusd...
main {
 log {
 	destination = "stdout"
 	syslog_facility = "daemon"
 	localstatedir = "/usr/var"
 	logdir = "/usr/var/log"
 	file = "/app/data/radius.log"
 }
	name = "radiusd"
	prefix = "/usr"
}
[Sun Apr 26 13:37:25 UTC 2026] radiusd exited with code 0. Restarting in 2s...
[Sun Apr 26 13:37:27 UTC 2026] Launching radiusd...
main {
 log {
 	destination = "stdout"
 	syslog_facility = "daemon"
 	localstatedir = "/usr/var"
 	logdir = "/usr/var/log"
 	file = "/app/data/radius.log"
 }
	name = "radiusd"
	prefix = "/usr"
}
[Sun Apr 26 13:37:28 UTC 2026] radiusd exited with code 0. Restarting in 2s...
[Sun Apr 26 13:37:30 UTC 2026] Launching radiusd...
main {
 log {
 	destination = "stdout"
 	syslog_facility = "daemon"
 	localstatedir = "/usr/var"
 	logdir = "/usr/var/log"
 	file = "/app/data/radius.log"
 }
	name = "radiusd"
	prefix = "/usr"
}
[Sun Apr 26 13:37:31 UTC 2026] radiusd exited with code 0. Restarting in 2s...
[Sun Apr 26 13:37:33 UTC 2026] Launching radiusd...
main {
 log {
 	destination = "stdout"
 	syslog_facility = "daemon"
 	localstatedir = "/usr/var"
 	logdir = "/usr/var/log"
 	file = "/app/data/radius.log"
 }
	name = "radiusd"
	prefix = "/usr"
}
[Sun Apr 26 13:37:34 UTC 2026] radiusd exited with code 0. Restarting in 2s...
[Sun Apr 26 13:37:36 UTC 2026] Launching radiusd...
main {
 log {
 	destination = "stdout"
 	syslog_facility = "daemon"
 	localstatedir = "/usr/var"
 	logdir = "/usr/var/log"
 	file = "/app/data/radius.log"
 }
	name = "radiusd"
	prefix = "/usr"
}
[Sun Apr 26 13:37:36 UTC 2026] radiusd exited with code 0. Restarting in 2s...
[Sun Apr 26 13:37:38 UTC 2026] Launching radiusd...
main {
 log {
 	destination = "stdout"
 	syslog_facility = "daemon"
 	localstatedir = "/usr/var"
 	logdir = "/usr/var/log"
 	file = "/app/data/radius.log"
 }
	name = "radiusd"
	prefix = "/usr"
}
[Sun Apr 26 13:37:39 UTC 2026] radiusd exited with code 0. Restarting in 2s...
[Sun Apr 26 13:37:41 UTC 2026] Launching radiusd...
main {
 log {
 	destination = "stdout"
 	syslog_facility = "daemon"
 	localstatedir = "/usr/var"
 	logdir = "/usr/var/log"
 	file = "/app/data/radius.log"
 }
	name = "radiusd"
	prefix = "/usr"
}
[Sun Apr 26 13:37:42 UTC 2026] radiusd exited with code 0. Restarting in 2s...
[Sun Apr 26 13:37:44 UTC 2026] Launching radiusd...
main {
 log {
 	destination = "stdout"
 	syslog_facility = "daemon"
 	localstatedir = "/usr/var"
 	logdir = "/usr/var/log"
 	file = "/app/data/radius.log"
 }
	name = "radiusd"
	prefix = "/usr"
}
[Sun Apr 26 13:37:48 UTC 2026] radiusd exited with code 0. Restarting in 2s...
[Sun Apr 26 13:37:50 UTC 2026] Launching radiusd...
main {
 log {
 	destination = "stdout"
 	syslog_facility = "daemon"
 	localstatedir = "/usr/var"
 	logdir = "/usr/var/log"
 	file = "/app/data/radius.log"
 }
	name = "radiusd"
	prefix = "/usr"
}
[Sun Apr 26 13:37:51 UTC 2026] radiusd exited with code 0. Restarting in 2s...
[Sun Apr 26 13:37:53 UTC 2026] Launching radiusd...
main {
 log {
 	destination = "stdout"
 	syslog_facility = "daemon"
 	localstatedir = "/usr/var"
 	logdir = "/usr/var/log"
 	file = "/app/data/radius.log"
 }
	name = "radiusd"
	prefix = "/usr"
}
[Sun Apr 26 13:37:54 UTC 2026] radiusd exited with code 0. Restarting in 2s...
[Sun Apr 26 13:37:56 UTC 2026] Launching radiusd...
main {
 log {
 	destination = "stdout"
 	syslog_facility = "daemon"
 	localstatedir = "/usr/var"
 	logdir = "/usr/var/log"
 	file = "/app/data/radius.log"
 }
	name = "radiusd"
	prefix = "/usr"
}
[Sun Apr 26 13:37:58 UTC 2026] radiusd exited with code 0. Restarting in 2s...
[Sun Apr 26 13:38:00 UTC 2026] Launching radiusd...
main {
 log {
 	destination = "stdout"
 	syslog_facility = "daemon"
 	localstatedir = "/usr/var"
 	logdir = "/usr/var/log"
 	file = "/app/data/radius.log"
 }
	name = "radiusd"
	prefix = "/usr"
}
[Sun Apr 26 13:38:02 UTC 2026] radiusd exited with code 0. Restarting in 2s...
[Sun Apr 26 13:38:04 UTC 2026] Launching radiusd...
main {
 log {
 	destination = "stdout"
 	syslog_facility = "daemon"
 	localstatedir = "/usr/var"
 	logdir = "/usr/var/log"
 	file = "/app/data/radius.log"
 }
	name = "radiusd"
	prefix = "/usr"
}
[Sun Apr 26 13:38:07 UTC 2026] radiusd exited with code 0. Restarting in 2s...
[Sun Apr 26 13:38:09 UTC 2026] Launching radiusd...
main {
 log {
 	destination = "stdout"
 	syslog_facility = "daemon"
 	localstatedir = "/usr/var"
 	logdir = "/usr/var/log"
 	file = "/app/data/radius.log"
 }
	name = "radiusd"
	prefix = "/usr"
}
[Sun Apr 26 13:38:09 UTC 2026] radiusd exited with code 0. Restarting in 2s...
[Sun Apr 26 13:38:11 UTC 2026] Launching radiusd...
main {
 log {
 	destination = "stdout"
 	syslog_facility = "daemon"
 	localstatedir = "/usr/var"
 	logdir = "/usr/var/log"
 	file = "/app/data/radius.log"
 }
	name = "radiusd"
	prefix = "/usr"
}
[Sun Apr 26 13:38:12 UTC 2026] radiusd exited with code 0. Restarting in 2s...
[Sun Apr 26 13:38:14 UTC 2026] Launching radiusd...
main {
 log {
 	destination = "stdout"
 	syslog_facility = "daemon"
 	localstatedir = "/usr/var"
 	logdir = "/usr/var/log"
 	file = "/app/data/radius.log"
 }
	name = "radiusd"
	prefix = "/usr"
}
[Sun Apr 26 13:38:17 UTC 2026] radiusd exited with code 0. Restarting in 2s...
[Sun Apr 26 13:38:19 UTC 2026] Launching radiusd...
main {
 log {
 	destination = "stdout"
 	syslog_facility = "daemon"
 	localstatedir = "/usr/var"
 	logdir = "/usr/var/log"
 	file = "/app/data/radius.log"
 }
	name = "radiusd"
	prefix = "/usr"
}
[Sun Apr 26 13:38:21 UTC 2026] radiusd exited with code 0. Restarting in 2s...
[Sun Apr 26 13:38:23 UTC 2026] Launching radiusd...
main {
 log {
 	destination = "stdout"
 	syslog_facility = "daemon"
 	localstatedir = "/usr/var"
 	logdir = "/usr/var/log"
 	file = "/app/data/radius.log"
 }
	name = "radiusd"
	prefix = "/usr"
}
[Sun Apr 26 13:38:25 UTC 2026] radiusd exited with code 0. Restarting in 2s...
[Sun Apr 26 13:38:27 UTC 2026] Launching radiusd...
main {
 log {
 	destination = "stdout"
 	syslog_facility = "daemon"
 	localstatedir = "/usr/var"
 	logdir = "/usr/var/log"
 	file = "/app/data/radius.log"
 }
	name = "radiusd"
	prefix = "/usr"
}
[Sun Apr 26 13:38:28 UTC 2026] radiusd exited with code 0. Restarting in 2s...
[Sun Apr 26 13:38:30 UTC 2026] Launching radiusd...
main {
 log {
 	destination = "stdout"
 	syslog_facility = "daemon"
 	localstatedir = "/usr/var"
 	logdir = "/usr/var/log"
 	file = "/app/data/radius.log"
 }
	name = "radiusd"
	prefix = "/usr"
}
[Sun Apr 26 13:38:32 UTC 2026] radiusd exited with code 0. Restarting in 2s...
[Sun Apr 26 13:38:34 UTC 2026] Launching radiusd...
main {
 log {
 	destination = "stdout"
 	syslog_facility = "daemon"
 	localstatedir = "/usr/var"
 	logdir = "/usr/var/log"
 	file = "/app/data/radius.log"
 }
	name = "radiusd"
	prefix = "/usr"
}
[Sun Apr 26 13:38:35 UTC 2026] radiusd exited with code 0. Restarting in 2s...
[Sun Apr 26 13:38:37 UTC 2026] Launching radiusd...
main {
 log {
 	destination = "stdout"
 	syslog_facility = "daemon"
 	localstatedir = "/usr/var"
 	logdir = "/usr/var/log"
 	file = "/app/data/radius.log"
 }
	name = "radiusd"
	prefix = "/usr"
}
[Sun Apr 26 13:38:38 UTC 2026] radiusd exited with code 0. Restarting in 2s...
[Sun Apr 26 13:38:40 UTC 2026] Launching radiusd...
main {
 log {
 	destination = "stdout"
 	syslog_facility = "daemon"
 	localstatedir = "/usr/var"
 	logdir = "/usr/var/log"
 	file = "/app/data/radius.log"
 }
	name = "radiusd"
	prefix = "/usr"
}
[Sun Apr 26 13:38:41 UTC 2026] radiusd exited with code 0. Restarting in 2s...
[Sun Apr 26 13:38:43 UTC 2026] Launching radiusd...
main {
 log {
 	destination = "stdout"
 	syslog_facility = "daemon"
 	localstatedir = "/usr/var"
 	logdir = "/usr/var/log"
 	file = "/app/data/radius.log"
 }
	name = "radiusd"
	prefix = "/usr"
}
[Sun Apr 26 13:38:45 UTC 2026] radiusd exited with code 0. Restarting in 2s...
[Sun Apr 26 13:38:47 UTC 2026] Launching radiusd...
main {
 log {
 	destination = "stdout"
 	syslog_facility = "daemon"
 	localstatedir = "/usr/var"
 	logdir = "/usr/var/log"
 	file = "/app/data/radius.log"
 }
	name = "radiusd"
	prefix = "/usr"
}
[Sun Apr 26 13:38:49 UTC 2026] radiusd exited with code 0. Restarting in 2s...
[Sun Apr 26 13:38:51 UTC 2026] Launching radiusd...
main {
 log {
 	destination = "stdout"
 	syslog_facility = "daemon"
 	localstatedir = "/usr/var"
 	logdir = "/usr/var/log"
 	file = "/app/data/radius.log"
 }
	name = "radiusd"
	prefix = "/usr"
}
[Sun Apr 26 13:38:52 UTC 2026] radiusd exited with code 0. Restarting in 2s...
[Sun Apr 26 13:38:54 UTC 2026] Launching radiusd...
main {
 log {
 	destination = "stdout"
 	syslog_facility = "daemon"
 	localstatedir = "/usr/var"
 	logdir = "/usr/var/log"
 	file = "/app/data/radius.log"
 }
	name = "radiusd"
	prefix = "/usr"
}
[Sun Apr 26 13:38:55 UTC 2026] radiusd exited with code 0. Restarting in 2s...
[Sun Apr 26 13:38:58 UTC 2026] Launching radiusd...
main {
 log {
 	destination = "stdout"
 	syslog_facility = "daemon"
 	localstatedir = "/usr/var"
 	logdir = "/usr/var/log"
 	file = "/app/data/radius.log"
 }
	name = "radiusd"
	prefix = "/usr"
}
[Sun Apr 26 13:39:00 UTC 2026] radiusd exited with code 0. Restarting in 2s...
[Sun Apr 26 13:39:02 UTC 2026] Launching radiusd...
main {
 log {
 	destination = "stdout"
 	syslog_facility = "daemon"
 	localstatedir = "/usr/var"
 	logdir = "/usr/var/log"
 	file = "/app/data/radius.log"
 }
	name = "radiusd"
	prefix = "/usr"
}
[Sun Apr 26 13:39:04 UTC 2026] radiusd exited with code 0. Restarting in 2s...
[Sun Apr 26 13:39:06 UTC 2026] Launching radiusd...
main {
 log {
 	destination = "stdout"
 	syslog_facility = "daemon"
 	localstatedir = "/usr/var"
 	logdir = "/usr/var/log"
 	file = "/app/data/radius.log"
 }
	name = "radiusd"
	prefix = "/usr"
}
[Sun Apr 26 13:39:07 UTC 2026] radiusd exited with code 0. Restarting in 2s...
[Sun Apr 26 13:39:09 UTC 2026] Launching radiusd...
main {
 log {
 	destination = "stdout"
 	syslog_facility = "daemon"
 	localstatedir = "/usr/var"
 	logdir = "/usr/var/log"
 	file = "/app/data/radius.log"
 }
	name = "radiusd"
	prefix = "/usr"
}
[Sun Apr 26 13:39:13 UTC 2026] radiusd exited with code 0. Restarting in 2s...
[Sun Apr 26 13:39:15 UTC 2026] Launching radiusd...
main {
 log {
 	destination = "stdout"
 	syslog_facility = "daemon"
 	localstatedir = "/usr/var"
 	logdir = "/usr/var/log"
 	file = "/app/data/radius.log"
 }
	name = "radiusd"
	prefix = "/usr"
}
[Sun Apr 26 13:39:20 UTC 2026] radiusd exited with code 0. Restarting in 2s...
[Sun Apr 26 13:39:22 UTC 2026] Launching radiusd...
main {
 log {
 	destination = "stdout"
 	syslog_facility = "daemon"
 	localstatedir = "/usr/var"
 	logdir = "/usr/var/log"
 	file = "/app/data/radius.log"
 }
	name = "radiusd"
	prefix = "/usr"
}
[Sun Apr 26 13:39:24 UTC 2026] radiusd exited with code 0. Restarting in 2s...
[Sun Apr 26 13:39:26 UTC 2026] Launching radiusd...
main {
 log {
 	destination = "stdout"
 	syslog_facility = "daemon"
 	localstatedir = "/usr/var"
 	logdir = "/usr/var/log"
 	file = "/app/data/radius.log"
 }
	name = "radiusd"
	prefix = "/usr"
}
[Sun Apr 26 13:39:29 UTC 2026] radiusd exited with code 0. Restarting in 2s...
[Sun Apr 26 13:39:31 UTC 2026] Launching radiusd...
main {
 log {
 	destination = "stdout"
 	syslog_facility = "daemon"
 	localstatedir = "/usr/var"
 	logdir = "/usr/var/log"
 	file = "/app/data/radius.log"
 }
	name = "radiusd"
	prefix = "/usr"
}
[Sun Apr 26 13:39:32 UTC 2026] radiusd exited with code 0. Restarting in 2s...
[Sun Apr 26 13:39:34 UTC 2026] Launching radiusd...
main {
 log {
 	destination = "stdout"
 	syslog_facility = "daemon"
 	localstatedir = "/usr/var"
 	logdir = "/usr/var/log"
 	file = "/app/data/radius.log"
 }
	name = "radiusd"
	prefix = "/usr"
}
[Sun Apr 26 13:39:36 UTC 2026] radiusd exited with code 0. Restarting in 2s...
[Sun Apr 26 13:39:38 UTC 2026] Launching radiusd...
main {
 log {
 	destination = "stdout"
 	syslog_facility = "daemon"
 	localstatedir = "/usr/var"
 	logdir = "/usr/var/log"
 	file = "/app/data/radius.log"
 }
	name = "radiusd"
	prefix = "/usr"
}
[Sun Apr 26 13:39:39 UTC 2026] radiusd exited with code 0. Restarting in 2s...
[Sun Apr 26 13:39:41 UTC 2026] Launching radiusd...
main {
 log {
 	destination = "stdout"
 	syslog_facility = "daemon"
 	localstatedir = "/usr/var"
 	logdir = "/usr/var/log"
 	file = "/app/data/radius.log"
 }
	name = "radiusd"
	prefix = "/usr"
}
[Sun Apr 26 13:39:43 UTC 2026] radiusd exited with code 0. Restarting in 2s...
[Sun Apr 26 13:39:45 UTC 2026] Launching radiusd...
main {
 log {
 	destination = "stdout"
 	syslog_facility = "daemon"
 	localstatedir = "/usr/var"
 	logdir = "/usr/var/log"
 	file = "/app/data/radius.log"
 }
	name = "radiusd"
	prefix = "/usr"
}
[Sun Apr 26 13:39:47 UTC 2026] radiusd exited with code 0. Restarting in 2s...
[Sun Apr 26 13:39:49 UTC 2026] Launching radiusd...
main {
 log {
 	destination = "stdout"
 	syslog_facility = "daemon"
 	localstatedir = "/usr/var"
 	logdir = "/usr/var/log"
 	file = "/app/data/radius.log"
 }
	name = "radiusd"
	prefix = "/usr"
}
[Sun Apr 26 13:39:50 UTC 2026] radiusd exited with code 0. Restarting in 2s...
[Sun Apr 26 13:39:52 UTC 2026] Launching radiusd...
main {
 log {
 	destination = "stdout"
 	syslog_facility = "daemon"
 	localstatedir = "/usr/var"
 	logdir = "/usr/var/log"
 	file = "/app/data/radius.log"
 }
	name = "radiusd"
	prefix = "/usr"
}
[Sun Apr 26 13:39:54 UTC 2026] radiusd exited with code 0. Restarting in 2s...
[Sun Apr 26 13:39:56 UTC 2026] Launching radiusd...
main {
 log {
 	destination = "stdout"
 	syslog_facility = "daemon"
 	localstatedir = "/usr/var"
 	logdir = "/usr/var/log"
 	file = "/app/data/radius.log"
 }
	name = "radiusd"
	prefix = "/usr"
}
[Sun Apr 26 13:39:58 UTC 2026] radiusd exited with code 0. Restarting in 2s...
[Sun Apr 26 13:40:00 UTC 2026] Launching radiusd...
main {
 log {
 	destination = "stdout"
 	syslog_facility = "daemon"
 	localstatedir = "/usr/var"
 	logdir = "/usr/var/log"
 	file = "/app/data/radius.log"
 }
	name = "radiusd"
	prefix = "/usr"
}
[Sun Apr 26 13:40:03 UTC 2026] radiusd exited with code 0. Restarting in 2s...
[Sun Apr 26 13:40:05 UTC 2026] Launching radiusd...
main {
 log {
 	destination = "stdout"
 	syslog_facility = "daemon"
 	localstatedir = "/usr/var"
 	logdir = "/usr/var/log"
 	file = "/app/data/radius.log"
 }
	name = "radiusd"
	prefix = "/usr"
}
[Sun Apr 26 13:40:06 UTC 2026] radiusd exited with code 0. Restarting in 2s...
[Sun Apr 26 13:40:08 UTC 2026] Launching radiusd...
main {
 log {
 	destination = "stdout"
 	syslog_facility = "daemon"
 	localstatedir = "/usr/var"
 	logdir = "/usr/var/log"
 	file = "/app/data/radius.log"
 }
	name = "radiusd"
	prefix = "/usr"
}
[Sun Apr 26 13:40:10 UTC 2026] radiusd exited with code 0. Restarting in 2s...
[Sun Apr 26 13:40:12 UTC 2026] Launching radiusd...
main {
 log {
 	destination = "stdout"
 	syslog_facility = "daemon"
 	localstatedir = "/usr/var"
 	logdir = "/usr/var/log"
 	file = "/app/data/radius.log"
 }
	name = "radiusd"
	prefix = "/usr"
}
[Sun Apr 26 13:40:16 UTC 2026] radiusd exited with code 0. Restarting in 2s...
[Sun Apr 26 13:40:18 UTC 2026] Launching radiusd...
main {
 log {
 	destination = "stdout"
 	syslog_facility = "daemon"
 	localstatedir = "/usr/var"
 	logdir = "/usr/var/log"
 	file = "/app/data/radius.log"
 }
	name = "radiusd"
	prefix = "/usr"
}
[Sun Apr 26 13:40:21 UTC 2026] radiusd exited with code 0. Restarting in 2s...
[Sun Apr 26 13:40:23 UTC 2026] Launching radiusd...
main {
 log {
 	destination = "stdout"
 	syslog_facility = "daemon"
 	localstatedir = "/usr/var"
 	logdir = "/usr/var/log"
 	file = "/app/data/radius.log"
 }
	name = "radiusd"
	prefix = "/usr"
}
[Sun Apr 26 13:40:25 UTC 2026] radiusd exited with code 0. Restarting in 2s...
[Sun Apr 26 13:40:28 UTC 2026] Launching radiusd...
main {
 log {
 	destination = "stdout"
 	syslog_facility = "daemon"
 	localstatedir = "/usr/var"
 	logdir = "/usr/var/log"
 	file = "/app/data/radius.log"
 }
	name = "radiusd"
	prefix = "/usr"
}
[Sun Apr 26 13:40:32 UTC 2026] radiusd exited with code 0. Restarting in 2s...
[Sun Apr 26 13:40:34 UTC 2026] Launching radiusd...
main {
 log {
 	destination = "stdout"
 	syslog_facility = "daemon"
 	localstatedir = "/usr/var"
 	logdir = "/usr/var/log"
 	file = "/app/data/radius.log"
 }
	name = "radiusd"
	prefix = "/usr"
}
[Sun Apr 26 13:40:38 UTC 2026] radiusd exited with code 0. Restarting in 2s...
[Sun Apr 26 13:40:40 UTC 2026] Launching radiusd...
main {
 log {
 	destination = "stdout"
 	syslog_facility = "daemon"
 	localstatedir = "/usr/var"
 	logdir = "/usr/var/log"
 	file = "/app/data/radius.log"
 }
	name = "radiusd"
	prefix = "/usr"
}
[Sun Apr 26 13:40:43 UTC 2026] radiusd exited with code 0. Restarting in 2s...
[Sun Apr 26 13:40:45 UTC 2026] Launching radiusd...
main {
 log {
 	destination = "stdout"
 	syslog_facility = "daemon"
 	localstatedir = "/usr/var"
 	logdir = "/usr/var/log"
 	file = "/app/data/radius.log"
 }
	name = "radiusd"
	prefix = "/usr"
}
[Sun Apr 26 13:40:47 UTC 2026] radiusd exited with code 0. Restarting in 2s...
[Sun Apr 26 13:40:49 UTC 2026] Launching radiusd...
main {
 log {
 	destination = "stdout"
 	syslog_facility = "daemon"
 	localstatedir = "/usr/var"
 	logdir = "/usr/var/log"
 	file = "/app/data/radius.log"
 }
	name = "radiusd"
	prefix = "/usr"
}
[Sun Apr 26 13:40:50 UTC 2026] radiusd exited with code 0. Restarting in 2s...
[Sun Apr 26 13:40:52 UTC 2026] Launching radiusd...
main {
 log {
 	destination = "stdout"
 	syslog_facility = "daemon"
 	localstatedir = "/usr/var"
 	logdir = "/usr/var/log"
 	file = "/app/data/radius.log"
 }
	name = "radiusd"
	prefix = "/usr"
}
[Sun Apr 26 13:40:54 UTC 2026] radiusd exited with code 0. Restarting in 2s...
[Sun Apr 26 13:40:56 UTC 2026] Launching radiusd...
main {
 log {
 	destination = "stdout"
 	syslog_facility = "daemon"
 	localstatedir = "/usr/var"
 	logdir = "/usr/var/log"
 	file = "/app/data/radius.log"
 }
	name = "radiusd"
	prefix = "/usr"
}
[Sun Apr 26 13:40:59 UTC 2026] radiusd exited with code 0. Restarting in 2s...
[Sun Apr 26 13:41:01 UTC 2026] Launching radiusd...
main {
 log {
 	destination = "stdout"
 	syslog_facility = "daemon"
 	localstatedir = "/usr/var"
 	logdir = "/usr/var/log"
 	file = "/app/data/radius.log"
 }
	name = "radiusd"
	prefix = "/usr"
}
[Sun Apr 26 13:41:03 UTC 2026] radiusd exited with code 0. Restarting in 2s...
[Sun Apr 26 13:41:05 UTC 2026] Launching radiusd...
main {
 log {
 	destination = "stdout"
 	syslog_facility = "daemon"
 	localstatedir = "/usr/var"
 	logdir = "/usr/var/log"
 	file = "/app/data/radius.log"
 }
	name = "radiusd"
	prefix = "/usr"
}
[Sun Apr 26 13:41:08 UTC 2026] radiusd exited with code 0. Restarting in 2s...
[Sun Apr 26 13:41:10 UTC 2026] Launching radiusd...
main {
 log {
 	destination = "stdout"
 	syslog_facility = "daemon"
 	localstatedir = "/usr/var"
 	logdir = "/usr/var/log"
 	file = "/app/data/radius.log"
 }
	name = "radiusd"
	prefix = "/usr"
}
[Sun Apr 26 13:41:12 UTC 2026] radiusd exited with code 0. Restarting in 2s...
[Sun Apr 26 13:41:14 UTC 2026] Launching radiusd...
main {
 log {
 	destination = "stdout"
 	syslog_facility = "daemon"
 	localstatedir = "/usr/var"
 	logdir = "/usr/var/log"
 	file = "/app/data/radius.log"
 }
	name = "radiusd"
	prefix = "/usr"
}
[Sun Apr 26 13:41:15 UTC 2026] radiusd exited with code 0. Restarting in 2s...
[Sun Apr 26 13:41:17 UTC 2026] Launching radiusd...
main {
 log {
 	destination = "stdout"
 	syslog_facility = "daemon"
 	localstatedir = "/usr/var"
 	logdir = "/usr/var/log"
 	file = "/app/data/radius.log"
 }
	name = "radiusd"
	prefix = "/usr"
}
[Sun Apr 26 13:41:18 UTC 2026] radiusd exited with code 0. Restarting in 2s...
[Sun Apr 26 13:41:20 UTC 2026] Launching radiusd...
main {
 log {
 	destination = "stdout"
 	syslog_facility = "daemon"
 	localstatedir = "/usr/var"
 	logdir = "/usr/var/log"
 	file = "/app/data/radius.log"
 }
	name = "radiusd"
	prefix = "/usr"
}
[Sun Apr 26 13:41:21 UTC 2026] radiusd exited with code 0. Restarting in 2s...
[Sun Apr 26 13:41:23 UTC 2026] Launching radiusd...
main {
 log {
 	destination = "stdout"
 	syslog_facility = "daemon"
 	localstatedir = "/usr/var"
 	logdir = "/usr/var/log"
 	file = "/app/data/radius.log"
 }
	name = "radiusd"
	prefix = "/usr"
}
[Sun Apr 26 13:41:24 UTC 2026] radiusd exited with code 0. Restarting in 2s...
[Sun Apr 26 13:41:26 UTC 2026] Launching radiusd...
main {
 log {
 	destination = "stdout"
 	syslog_facility = "daemon"
 	localstatedir = "/usr/var"
 	logdir = "/usr/var/log"
 	file = "/app/data/radius.log"
 }
	name = "radiusd"
	prefix = "/usr"
}
[Sun Apr 26 13:41:29 UTC 2026] radiusd exited with code 0. Restarting in 2s...
[Sun Apr 26 13:41:31 UTC 2026] Launching radiusd...
main {
 log {
 	destination = "stdout"
 	syslog_facility = "daemon"
 	localstatedir = "/usr/var"
 	logdir = "/usr/var/log"
 	file = "/app/data/radius.log"
 }
	name = "radiusd"
	prefix = "/usr"
}
[Sun Apr 26 13:41:33 UTC 2026] radiusd exited with code 0. Restarting in 2s...
[Sun Apr 26 13:41:35 UTC 2026] Launching radiusd...
main {
 log {
 	destination = "stdout"
 	syslog_facility = "daemon"
 	localstatedir = "/usr/var"
 	logdir = "/usr/var/log"
 	file = "/app/data/radius.log"
 }
	name = "radiusd"
	prefix = "/usr"
}
[Sun Apr 26 13:41:38 UTC 2026] radiusd exited with code 0. Restarting in 2s...
[Sun Apr 26 13:41:40 UTC 2026] Launching radiusd...
main {
 log {
 	destination = "stdout"
 	syslog_facility = "daemon"
 	localstatedir = "/usr/var"
 	logdir = "/usr/var/log"
 	file = "/app/data/radius.log"
 }
	name = "radiusd"
	prefix = "/usr"
}
[Sun Apr 26 13:41:42 UTC 2026] radiusd exited with code 0. Restarting in 2s...
[Sun Apr 26 13:41:44 UTC 2026] Launching radiusd...
main {
 log {
 	destination = "stdout"
 	syslog_facility = "daemon"
 	localstatedir = "/usr/var"
 	logdir = "/usr/var/log"
 	file = "/app/data/radius.log"
 }
	name = "radiusd"
	prefix = "/usr"
}
[Sun Apr 26 13:41:46 UTC 2026] radiusd exited with code 0. Restarting in 2s...
[Sun Apr 26 13:41:48 UTC 2026] Launching radiusd...
main {
 log {
 	destination = "stdout"
 	syslog_facility = "daemon"
 	localstatedir = "/usr/var"
 	logdir = "/usr/var/log"
 	file = "/app/data/radius.log"
 }
	name = "radiusd"
	prefix = "/usr"
}
[Sun Apr 26 13:41:49 UTC 2026] radiusd exited with code 0. Restarting in 2s...
[Sun Apr 26 13:41:51 UTC 2026] Launching radiusd...
main {
 log {
 	destination = "stdout"
 	syslog_facility = "daemon"
 	localstatedir = "/usr/var"
 	logdir = "/usr/var/log"
 	file = "/app/data/radius.log"
 }
	name = "radiusd"
	prefix = "/usr"
}
[Sun Apr 26 13:41:51 UTC 2026] radiusd exited with code 0. Restarting in 2s...
[Sun Apr 26 13:41:54 UTC 2026] Launching radiusd...
main {
 log {
 	destination = "stdout"
 	syslog_facility = "daemon"
 	localstatedir = "/usr/var"
 	logdir = "/usr/var/log"
 	file = "/app/data/radius.log"
 }
	name = "radiusd"
	prefix = "/usr"
}
[Sun Apr 26 13:41:55 UTC 2026] radiusd exited with code 0. Restarting in 2s...
[Sun Apr 26 13:41:57 UTC 2026] Launching radiusd...
main {
 log {
 	destination = "stdout"
 	syslog_facility = "daemon"
 	localstatedir = "/usr/var"
 	logdir = "/usr/var/log"
 	file = "/app/data/radius.log"
 }
	name = "radiusd"
	prefix = "/usr"
}
[Sun Apr 26 13:41:59 UTC 2026] radiusd exited with code 0. Restarting in 2s...
[Sun Apr 26 13:42:01 UTC 2026] Launching radiusd...
main {
 log {
 	destination = "stdout"
 	syslog_facility = "daemon"
 	localstatedir = "/usr/var"
 	logdir = "/usr/var/log"
 	file = "/app/data/radius.log"
 }
	name = "radiusd"
	prefix = "/usr"
}
[Sun Apr 26 13:42:01 UTC 2026] radiusd exited with code 0. Restarting in 2s...
[Sun Apr 26 13:42:04 UTC 2026] Launching radiusd...
main {
 log {
 	destination = "stdout"
 	syslog_facility = "daemon"
 	localstatedir = "/usr/var"
 	logdir = "/usr/var/log"
 	file = "/app/data/radius.log"
 }
	name = "radiusd"
	prefix = "/usr"
}
[Sun Apr 26 13:42:05 UTC 2026] radiusd exited with code 0. Restarting in 2s...
[Sun Apr 26 13:42:07 UTC 2026] Launching radiusd...
main {
 log {
 	destination = "stdout"
 	syslog_facility = "daemon"
 	localstatedir = "/usr/var"
 	logdir = "/usr/var/log"
 	file = "/app/data/radius.log"
 }
	name = "radiusd"
	prefix = "/usr"
}
[Sun Apr 26 13:42:07 UTC 2026] radiusd exited with code 0. Restarting in 2s...
[Sun Apr 26 13:42:09 UTC 2026] Launching radiusd...
main {
 log {
 	destination = "stdout"
 	syslog_facility = "daemon"
 	localstatedir = "/usr/var"
 	logdir = "/usr/var/log"
 	file = "/app/data/radius.log"
 }
	name = "radiusd"
	prefix = "/usr"
}
[Sun Apr 26 13:42:10 UTC 2026] radiusd exited with code 0. Restarting in 2s...
[Sun Apr 26 13:42:12 UTC 2026] Launching radiusd...
main {
 log {
 	destination = "stdout"
 	syslog_facility = "daemon"
 	localstatedir = "/usr/var"
 	logdir = "/usr/var/log"
 	file = "/app/data/radius.log"
 }
	name = "radiusd"
	prefix = "/usr"
}
[Sun Apr 26 13:42:13 UTC 2026] radiusd exited with code 0. Restarting in 2s...
[Sun Apr 26 13:42:15 UTC 2026] Launching radiusd...
main {
 log {
 	destination = "stdout"
 	syslog_facility = "daemon"
 	localstatedir = "/usr/var"
 	logdir = "/usr/var/log"
 	file = "/app/data/radius.log"
 }
	name = "radiusd"
	prefix = "/usr"
}
[Sun Apr 26 13:42:15 UTC 2026] radiusd exited with code 0. Restarting in 2s...
[Sun Apr 26 13:42:17 UTC 2026] Launching radiusd...
main {
 log {
 	destination = "stdout"
 	syslog_facility = "daemon"
 	localstatedir = "/usr/var"
 	logdir = "/usr/var/log"
 	file = "/app/data/radius.log"
 }
	name = "radiusd"
	prefix = "/usr"
}
[Sun Apr 26 13:42:18 UTC 2026] radiusd exited with code 0. Restarting in 2s...
[Sun Apr 26 13:42:20 UTC 2026] Launching radiusd...
main {
 log {
 	destination = "stdout"
 	syslog_facility = "daemon"
 	localstatedir = "/usr/var"
 	logdir = "/usr/var/log"
 	file = "/app/data/radius.log"
 }
	name = "radiusd"
	prefix = "/usr"
}
[Sun Apr 26 13:42:20 UTC 2026] radiusd exited with code 0. Restarting in 2s...
[Sun Apr 26 13:42:22 UTC 2026] Launching radiusd...
main {
 log {
 	destination = "stdout"
 	syslog_facility = "daemon"
 	localstatedir = "/usr/var"
 	logdir = "/usr/var/log"
 	file = "/app/data/radius.log"
 }
	name = "radiusd"
	prefix = "/usr"
}
[Sun Apr 26 13:42:23 UTC 2026] radiusd exited with code 0. Restarting in 2s...
[Sun Apr 26 13:42:25 UTC 2026] Launching radiusd...
main {
 log {
 	destination = "stdout"
 	syslog_facility = "daemon"
 	localstatedir = "/usr/var"
 	logdir = "/usr/var/log"
 	file = "/app/data/radius.log"
 }
	name = "radiusd"
	prefix = "/usr"
}
[Sun Apr 26 13:42:26 UTC 2026] radiusd exited with code 0. Restarting in 2s...
[Sun Apr 26 13:42:28 UTC 2026] Launching radiusd...
main {
 log {
 	destination = "stdout"
 	syslog_facility = "daemon"
 	localstatedir = "/usr/var"
 	logdir = "/usr/var/log"
 	file = "/app/data/radius.log"
 }
	name = "radiusd"
	prefix = "/usr"
}
[Sun Apr 26 13:42:29 UTC 2026] radiusd exited with code 0. Restarting in 2s...
[Sun Apr 26 13:42:31 UTC 2026] Launching radiusd...
main {
 log {
 	destination = "stdout"
 	syslog_facility = "daemon"
 	localstatedir = "/usr/var"
 	logdir = "/usr/var/log"
 	file = "/app/data/radius.log"
 }
	name = "radiusd"
	prefix = "/usr"
}
[Sun Apr 26 13:42:32 UTC 2026] radiusd exited with code 0. Restarting in 2s...
[Sun Apr 26 13:42:34 UTC 2026] Launching radiusd...
main {
 log {
 	destination = "stdout"
 	syslog_facility = "daemon"
 	localstatedir = "/usr/var"
 	logdir = "/usr/var/log"
 	file = "/app/data/radius.log"
 }
	name = "radiusd"
	prefix = "/usr"
}
[Sun Apr 26 13:42:34 UTC 2026] radiusd exited with code 0. Restarting in 2s...
[Sun Apr 26 13:42:36 UTC 2026] Launching radiusd...
main {
 log {
 	destination = "stdout"
 	syslog_facility = "daemon"
 	localstatedir = "/usr/var"
 	logdir = "/usr/var/log"
 	file = "/app/data/radius.log"
 }
	name = "radiusd"
	prefix = "/usr"
}
[Sun Apr 26 13:42:37 UTC 2026] radiusd exited with code 0. Restarting in 2s...
[Sun Apr 26 13:42:39 UTC 2026] Launching radiusd...
main {
 log {
 	destination = "stdout"
 	syslog_facility = "daemon"
 	localstatedir = "/usr/var"
 	logdir = "/usr/var/log"
 	file = "/app/data/radius.log"
 }
	name = "radiusd"
	prefix = "/usr"
}
[Sun Apr 26 13:42:39 UTC 2026] radiusd exited with code 0. Restarting in 2s...
[Sun Apr 26 13:42:41 UTC 2026] Launching radiusd...
main {
 log {
 	destination = "stdout"
 	syslog_facility = "daemon"
 	localstatedir = "/usr/var"
 	logdir = "/usr/var/log"
 	file = "/app/data/radius.log"
 }
	name = "radiusd"
	prefix = "/usr"
}
[Sun Apr 26 13:42:41 UTC 2026] radiusd exited with code 0. Restarting in 2s...
[Sun Apr 26 13:42:43 UTC 2026] Launching radiusd...
main {
 log {
 	destination = "stdout"
 	syslog_facility = "daemon"
 	localstatedir = "/usr/var"
 	logdir = "/usr/var/log"
 	file = "/app/data/radius.log"
 }
	name = "radiusd"
	prefix = "/usr"
}
[Sun Apr 26 13:42:44 UTC 2026] radiusd exited with code 0. Restarting in 2s...
[Sun Apr 26 13:42:46 UTC 2026] Launching radiusd...
main {
 log {
 	destination = "stdout"
 	syslog_facility = "daemon"
 	localstatedir = "/usr/var"
 	logdir = "/usr/var/log"
 	file = "/app/data/radius.log"
 }
	name = "radiusd"
	prefix = "/usr"
}
[Sun Apr 26 13:42:47 UTC 2026] radiusd exited with code 0. Restarting in 2s...
[Sun Apr 26 13:42:49 UTC 2026] Launching radiusd...
main {
 log {
 	destination = "stdout"
 	syslog_facility = "daemon"
 	localstatedir = "/usr/var"
 	logdir = "/usr/var/log"
 	file = "/app/data/radius.log"
 }
	name = "radiusd"
	prefix = "/usr"
}
[Sun Apr 26 13:42:49 UTC 2026] radiusd exited with code 0. Restarting in 2s...
[Sun Apr 26 13:42:51 UTC 2026] Launching radiusd...
main {
 log {
 	destination = "stdout"
 	syslog_facility = "daemon"
 	localstatedir = "/usr/var"
 	logdir = "/usr/var/log"
 	file = "/app/data/radius.log"
 }
	name = "radiusd"
	prefix = "/usr"
}
[Sun Apr 26 13:42:51 UTC 2026] radiusd exited with code 0. Restarting in 2s...
[Sun Apr 26 13:42:53 UTC 2026] Launching radiusd...
main {
 log {
 	destination = "stdout"
 	syslog_facility = "daemon"
 	localstatedir = "/usr/var"
 	logdir = "/usr/var/log"
 	file = "/app/data/radius.log"
 }
	name = "radiusd"
	prefix = "/usr"
}
[Sun Apr 26 13:42:54 UTC 2026] radiusd exited with code 0. Restarting in 2s...
[Sun Apr 26 13:42:56 UTC 2026] Launching radiusd...
main {
 log {
 	destination = "stdout"
 	syslog_facility = "daemon"
 	localstatedir = "/usr/var"
 	logdir = "/usr/var/log"
 	file = "/app/data/radius.log"
 }
	name = "radiusd"
	prefix = "/usr"
}
[Sun Apr 26 13:42:58 UTC 2026] radiusd exited with code 0. Restarting in 2s...
[Sun Apr 26 13:43:00 UTC 2026] Launching radiusd...
main {
 log {
 	destination = "stdout"
 	syslog_facility = "daemon"
 	localstatedir = "/usr/var"
 	logdir = "/usr/var/log"
 	file = "/app/data/radius.log"
 }
	name = "radiusd"
	prefix = "/usr"
}
[Sun Apr 26 13:43:01 UTC 2026] radiusd exited with code 0. Restarting in 2s...
[Sun Apr 26 13:43:03 UTC 2026] Launching radiusd...
main {
 log {
 	destination = "stdout"
 	syslog_facility = "daemon"
 	localstatedir = "/usr/var"
 	logdir = "/usr/var/log"
 	file = "/app/data/radius.log"
 }
	name = "radiusd"
	prefix = "/usr"
}
[Sun Apr 26 13:43:03 UTC 2026] radiusd exited with code 0. Restarting in 2s...
[Sun Apr 26 13:43:05 UTC 2026] Launching radiusd...
main {
 log {
 	destination = "stdout"
 	syslog_facility = "daemon"
 	localstatedir = "/usr/var"
 	logdir = "/usr/var/log"
 	file = "/app/data/radius.log"
 }
	name = "radiusd"
	prefix = "/usr"
}
[Sun Apr 26 13:43:05 UTC 2026] radiusd exited with code 0. Restarting in 2s...
[Sun Apr 26 13:43:07 UTC 2026] Launching radiusd...
main {
 log {
 	destination = "stdout"
 	syslog_facility = "daemon"
 	localstatedir = "/usr/var"
 	logdir = "/usr/var/log"
 	file = "/app/data/radius.log"
 }
	name = "radiusd"
	prefix = "/usr"
}
[Sun Apr 26 13:43:08 UTC 2026] radiusd exited with code 0. Restarting in 2s...
[Sun Apr 26 13:43:10 UTC 2026] Launching radiusd...
main {
 log {
 	destination = "stdout"
 	syslog_facility = "daemon"
 	localstatedir = "/usr/var"
 	logdir = "/usr/var/log"
 	file = "/app/data/radius.log"
 }
	name = "radiusd"
	prefix = "/usr"
}
[Sun Apr 26 13:43:10 UTC 2026] radiusd exited with code 0. Restarting in 2s...
[Sun Apr 26 13:43:12 UTC 2026] Launching radiusd...
main {
 log {
 	destination = "stdout"
 	syslog_facility = "daemon"
 	localstatedir = "/usr/var"
 	logdir = "/usr/var/log"
 	file = "/app/data/radius.log"
 }
	name = "radiusd"
	prefix = "/usr"
}
[Sun Apr 26 13:43:12 UTC 2026] radiusd exited with code 0. Restarting in 2s...
[Sun Apr 26 13:43:14 UTC 2026] Launching radiusd...
main {
 log {
 	destination = "stdout"
 	syslog_facility = "daemon"
 	localstatedir = "/usr/var"
 	logdir = "/usr/var/log"
 	file = "/app/data/radius.log"
 }
	name = "radiusd"
	prefix = "/usr"
}
[Sun Apr 26 13:43:15 UTC 2026] radiusd exited with code 0. Restarting in 2s...
[Sun Apr 26 13:43:17 UTC 2026] Launching radiusd...
main {
 log {
 	destination = "stdout"
 	syslog_facility = "daemon"
 	localstatedir = "/usr/var"
 	logdir = "/usr/var/log"
 	file = "/app/data/radius.log"
 }
	name = "radiusd"
	prefix = "/usr"
}
[Sun Apr 26 13:43:17 UTC 2026] radiusd exited with code 0. Restarting in 2s...
[Sun Apr 26 13:43:19 UTC 2026] Launching radiusd...
main {
 log {
 	destination = "stdout"
 	syslog_facility = "daemon"
 	localstatedir = "/usr/var"
 	logdir = "/usr/var/log"
 	file = "/app/data/radius.log"
 }
	name = "radiusd"
	prefix = "/usr"
}
[Sun Apr 26 13:43:19 UTC 2026] radiusd exited with code 0. Restarting in 2s...
[Sun Apr 26 13:43:22 UTC 2026] Launching radiusd...
main {
 log {
 	destination = "stdout"
 	syslog_facility = "daemon"
 	localstatedir = "/usr/var"
 	logdir = "/usr/var/log"
 	file = "/app/data/radius.log"
 }
	name = "radiusd"
	prefix = "/usr"
}
[Sun Apr 26 13:43:22 UTC 2026] radiusd exited with code 0. Restarting in 2s...
[Sun Apr 26 13:43:24 UTC 2026] Launching radiusd...
main {
 log {
 	destination = "stdout"
 	syslog_facility = "daemon"
 	localstatedir = "/usr/var"
 	logdir = "/usr/var/log"
 	file = "/app/data/radius.log"
 }
	name = "radiusd"
	prefix = "/usr"
}
[Sun Apr 26 13:43:24 UTC 2026] radiusd exited with code 0. Restarting in 2s...
[Sun Apr 26 13:43:26 UTC 2026] Launching radiusd...
main {
 log {
 	destination = "stdout"
 	syslog_facility = "daemon"
 	localstatedir = "/usr/var"
 	logdir = "/usr/var/log"
 	file = "/app/data/radius.log"
 }
	name = "radiusd"
	prefix = "/usr"
}
[Sun Apr 26 13:43:26 UTC 2026] radiusd exited with code 0. Restarting in 2s...
[Sun Apr 26 13:43:28 UTC 2026] Launching radiusd...
main {
 log {
 	destination = "stdout"
 	syslog_facility = "daemon"
 	localstatedir = "/usr/var"
 	logdir = "/usr/var/log"
 	file = "/app/data/radius.log"
 }
	name = "radiusd"
	prefix = "/usr"
}
[Sun Apr 26 13:43:29 UTC 2026] radiusd exited with code 0. Restarting in 2s...
[Sun Apr 26 13:43:31 UTC 2026] Launching radiusd...
main {
 log {
 	destination = "stdout"
 	syslog_facility = "daemon"
 	localstatedir = "/usr/var"
 	logdir = "/usr/var/log"
 	file = "/app/data/radius.log"
 }
	name = "radiusd"
	prefix = "/usr"
}
[Sun Apr 26 13:43:31 UTC 2026] radiusd exited with code 0. Restarting in 2s...
[Sun Apr 26 13:43:33 UTC 2026] Launching radiusd...
main {
 log {
 	destination = "stdout"
 	syslog_facility = "daemon"
 	localstatedir = "/usr/var"
 	logdir = "/usr/var/log"
 	file = "/app/data/radius.log"
 }
	name = "radiusd"
	prefix = "/usr"
}
[Sun Apr 26 13:43:33 UTC 2026] radiusd exited with code 0. Restarting in 2s...
[Sun Apr 26 13:43:35 UTC 2026] Launching radiusd...
main {
 log {
 	destination = "stdout"
 	syslog_facility = "daemon"
 	localstatedir = "/usr/var"
 	logdir = "/usr/var/log"
 	file = "/app/data/radius.log"
 }
	name = "radiusd"
	prefix = "/usr"
}
[Sun Apr 26 13:43:35 UTC 2026] radiusd exited with code 0. Restarting in 2s...
[Sun Apr 26 13:43:37 UTC 2026] Launching radiusd...
main {
 log {
 	destination = "stdout"
 	syslog_facility = "daemon"
 	localstatedir = "/usr/var"
 	logdir = "/usr/var/log"
 	file = "/app/data/radius.log"
 }
	name = "radiusd"
	prefix = "/usr"
}
[Sun Apr 26 13:43:38 UTC 2026] radiusd exited with code 0. Restarting in 2s...
[Sun Apr 26 13:43:39 UTC 2026] Launching radiusd...
main {
 log {
 	destination = "stdout"
 	syslog_facility = "daemon"
 	localstatedir = "/usr/var"
 	logdir = "/usr/var/log"
 	file = "/app/data/radius.log"
 }
	name = "radiusd"
	prefix = "/usr"
}
[Sun Apr 26 13:43:40 UTC 2026] radiusd exited with code 0. Restarting in 2s...
[Sun Apr 26 13:43:42 UTC 2026] Launching radiusd...
main {
 log {
 	destination = "stdout"
 	syslog_facility = "daemon"
 	localstatedir = "/usr/var"
 	logdir = "/usr/var/log"
 	file = "/app/data/radius.log"
 }
	name = "radiusd"
	prefix = "/usr"
}
[Sun Apr 26 13:43:42 UTC 2026] radiusd exited with code 0. Restarting in 2s...
[Sun Apr 26 13:43:44 UTC 2026] Launching radiusd...
main {
 log {
 	destination = "stdout"
 	syslog_facility = "daemon"
 	localstatedir = "/usr/var"
 	logdir = "/usr/var/log"
 	file = "/app/data/radius.log"
 }
	name = "radiusd"
	prefix = "/usr"
}
[Sun Apr 26 13:43:45 UTC 2026] radiusd exited with code 0. Restarting in 2s...
[Sun Apr 26 13:43:47 UTC 2026] Launching radiusd...
main {
 log {
 	destination = "stdout"
 	syslog_facility = "daemon"
 	localstatedir = "/usr/var"
 	logdir = "/usr/var/log"
 	file = "/app/data/radius.log"
 }
	name = "radiusd"
	prefix = "/usr"
}
[Sun Apr 26 13:43:47 UTC 2026] radiusd exited with code 0. Restarting in 2s...
[Sun Apr 26 13:43:49 UTC 2026] Launching radiusd...
main {
 log {
 	destination = "stdout"
 	syslog_facility = "daemon"
 	localstatedir = "/usr/var"
 	logdir = "/usr/var/log"
 	file = "/app/data/radius.log"
 }
	name = "radiusd"
	prefix = "/usr"
}
[Sun Apr 26 13:43:49 UTC 2026] radiusd exited with code 0. Restarting in 2s...
[Sun Apr 26 13:43:51 UTC 2026] Launching radiusd...
main {
 log {
 	destination = "stdout"
 	syslog_facility = "daemon"
 	localstatedir = "/usr/var"
 	logdir = "/usr/var/log"
 	file = "/app/data/radius.log"
 }
	name = "radiusd"
	prefix = "/usr"
}
[Sun Apr 26 13:43:51 UTC 2026] radiusd exited with code 0. Restarting in 2s...
[Sun Apr 26 13:43:53 UTC 2026] Launching radiusd...
main {
 log {
 	destination = "stdout"
 	syslog_facility = "daemon"
 	localstatedir = "/usr/var"
 	logdir = "/usr/var/log"
 	file = "/app/data/radius.log"
 }
	name = "radiusd"
	prefix = "/usr"
}
[Sun Apr 26 13:43:53 UTC 2026] radiusd exited with code 0. Restarting in 2s...
[Sun Apr 26 13:43:56 UTC 2026] Launching radiusd...
main {
 log {
 	destination = "stdout"
 	syslog_facility = "daemon"
 	localstatedir = "/usr/var"
 	logdir = "/usr/var/log"
 	file = "/app/data/radius.log"
 }
	name = "radiusd"
	prefix = "/usr"
}
[Sun Apr 26 13:43:56 UTC 2026] radiusd exited with code 0. Restarting in 2s...
[Sun Apr 26 13:43:58 UTC 2026] Launching radiusd...
main {
 log {
 	destination = "stdout"
 	syslog_facility = "daemon"
 	localstatedir = "/usr/var"
 	logdir = "/usr/var/log"
 	file = "/app/data/radius.log"
 }
	name = "radiusd"
	prefix = "/usr"
}
[Sun Apr 26 13:43:58 UTC 2026] radiusd exited with code 0. Restarting in 2s...
[Sun Apr 26 13:44:00 UTC 2026] Launching radiusd...
main {
 log {
 	destination = "stdout"
 	syslog_facility = "daemon"
 	localstatedir = "/usr/var"
 	logdir = "/usr/var/log"
 	file = "/app/data/radius.log"
 }
	name = "radiusd"
	prefix = "/usr"
}
[Sun Apr 26 13:44:00 UTC 2026] radiusd exited with code 0. Restarting in 2s...
[Sun Apr 26 13:44:02 UTC 2026] Launching radiusd...
main {
 log {
 	destination = "stdout"
 	syslog_facility = "daemon"
 	localstatedir = "/usr/var"
 	logdir = "/usr/var/log"
 	file = "/app/data/radius.log"
 }
	name = "radiusd"
	prefix = "/usr"
}
[Sun Apr 26 13:44:03 UTC 2026] radiusd exited with code 0. Restarting in 2s...
[Sun Apr 26 13:44:05 UTC 2026] Launching radiusd...
main {
 log {
 	destination = "stdout"
 	syslog_facility = "daemon"
 	localstatedir = "/usr/var"
 	logdir = "/usr/var/log"
 	file = "/app/data/radius.log"
 }
	name = "radiusd"
	prefix = "/usr"
}
[Sun Apr 26 13:44:05 UTC 2026] radiusd exited with code 0. Restarting in 2s...
[Sun Apr 26 13:44:07 UTC 2026] Launching radiusd...
main {
 log {
 	destination = "stdout"
 	syslog_facility = "daemon"
 	localstatedir = "/usr/var"
 	logdir = "/usr/var/log"
 	file = "/app/data/radius.log"
 }
	name = "radiusd"
	prefix = "/usr"
}
[Sun Apr 26 13:44:08 UTC 2026] radiusd exited with code 0. Restarting in 2s...
[Sun Apr 26 13:44:10 UTC 2026] Launching radiusd...
main {
 log {
 	destination = "stdout"
 	syslog_facility = "daemon"
 	localstatedir = "/usr/var"
 	logdir = "/usr/var/log"
 	file = "/app/data/radius.log"
 }
	name = "radiusd"
	prefix = "/usr"
}
[Sun Apr 26 13:44:10 UTC 2026] radiusd exited with code 0. Restarting in 2s...
[Sun Apr 26 13:44:12 UTC 2026] Launching radiusd...
main {
 log {
 	destination = "stdout"
 	syslog_facility = "daemon"
 	localstatedir = "/usr/var"
 	logdir = "/usr/var/log"
 	file = "/app/data/radius.log"
 }
	name = "radiusd"
	prefix = "/usr"
}
[Sun Apr 26 13:44:12 UTC 2026] radiusd exited with code 0. Restarting in 2s...
[Sun Apr 26 13:44:14 UTC 2026] Launching radiusd...
main {
 log {
 	destination = "stdout"
 	syslog_facility = "daemon"
 	localstatedir = "/usr/var"
 	logdir = "/usr/var/log"
 	file = "/app/data/radius.log"
 }
	name = "radiusd"
	prefix = "/usr"
}
[Sun Apr 26 13:44:15 UTC 2026] radiusd exited with code 0. Restarting in 2s...
[Sun Apr 26 13:44:17 UTC 2026] Launching radiusd...
main {
 log {
 	destination = "stdout"
 	syslog_facility = "daemon"
 	localstatedir = "/usr/var"
 	logdir = "/usr/var/log"
 	file = "/app/data/radius.log"
 }
	name = "radiusd"
	prefix = "/usr"
}
[Sun Apr 26 13:44:17 UTC 2026] radiusd exited with code 0. Restarting in 2s...
[Sun Apr 26 13:44:19 UTC 2026] Launching radiusd...
main {
 log {
 	destination = "stdout"
 	syslog_facility = "daemon"
 	localstatedir = "/usr/var"
 	logdir = "/usr/var/log"
 	file = "/app/data/radius.log"
 }
	name = "radiusd"
	prefix = "/usr"
}
[Sun Apr 26 13:44:19 UTC 2026] radiusd exited with code 0. Restarting in 2s...
[Sun Apr 26 13:44:21 UTC 2026] Launching radiusd...
main {
 log {
 	destination = "stdout"
 	syslog_facility = "daemon"
 	localstatedir = "/usr/var"
 	logdir = "/usr/var/log"
 	file = "/app/data/radius.log"
 }
	name = "radiusd"
	prefix = "/usr"
}
[Sun Apr 26 13:44:21 UTC 2026] radiusd exited with code 0. Restarting in 2s...
[Sun Apr 26 13:44:23 UTC 2026] Launching radiusd...
main {
 log {
 	destination = "stdout"
 	syslog_facility = "daemon"
 	localstatedir = "/usr/var"
 	logdir = "/usr/var/log"
 	file = "/app/data/radius.log"
 }
	name = "radiusd"
	prefix = "/usr"
}
[Sun Apr 26 13:44:24 UTC 2026] radiusd exited with code 0. Restarting in 2s...
[Sun Apr 26 13:44:26 UTC 2026] Launching radiusd...
main {
 log {
 	destination = "stdout"
 	syslog_facility = "daemon"
 	localstatedir = "/usr/var"
 	logdir = "/usr/var/log"
 	file = "/app/data/radius.log"
 }
	name = "radiusd"
	prefix = "/usr"
}
[Sun Apr 26 13:44:26 UTC 2026] radiusd exited with code 0. Restarting in 2s...
[Sun Apr 26 13:44:28 UTC 2026] Launching radiusd...
main {
 log {
 	destination = "stdout"
 	syslog_facility = "daemon"
 	localstatedir = "/usr/var"
 	logdir = "/usr/var/log"
 	file = "/app/data/radius.log"
 }
	name = "radiusd"
	prefix = "/usr"
}
[Sun Apr 26 13:44:28 UTC 2026] radiusd exited with code 0. Restarting in 2s...
[Sun Apr 26 13:44:30 UTC 2026] Launching radiusd...
main {
 log {
 	destination = "stdout"
 	syslog_facility = "daemon"
 	localstatedir = "/usr/var"
 	logdir = "/usr/var/log"
 	file = "/app/data/radius.log"
 }
	name = "radiusd"
	prefix = "/usr"
}
[Sun Apr 26 13:44:31 UTC 2026] radiusd exited with code 0. Restarting in 2s...
[Sun Apr 26 13:44:33 UTC 2026] Launching radiusd...
main {
 log {
 	destination = "stdout"
 	syslog_facility = "daemon"
 	localstatedir = "/usr/var"
 	logdir = "/usr/var/log"
 	file = "/app/data/radius.log"
 }
	name = "radiusd"
	prefix = "/usr"
}
[Sun Apr 26 13:44:33 UTC 2026] radiusd exited with code 0. Restarting in 2s...
[Sun Apr 26 13:44:35 UTC 2026] Launching radiusd...
main {
 log {
 	destination = "stdout"
 	syslog_facility = "daemon"
 	localstatedir = "/usr/var"
 	logdir = "/usr/var/log"
 	file = "/app/data/radius.log"
 }
	name = "radiusd"
	prefix = "/usr"
}
[Sun Apr 26 13:44:35 UTC 2026] radiusd exited with code 0. Restarting in 2s...
[Sun Apr 26 13:44:37 UTC 2026] Launching radiusd...
main {
 log {
 	destination = "stdout"
 	syslog_facility = "daemon"
 	localstatedir = "/usr/var"
 	logdir = "/usr/var/log"
 	file = "/app/data/radius.log"
 }
	name = "radiusd"
	prefix = "/usr"
}
[Sun Apr 26 13:44:38 UTC 2026] radiusd exited with code 0. Restarting in 2s...
[Sun Apr 26 13:44:39 UTC 2026] Launching radiusd...
main {
 log {
 	destination = "stdout"
 	syslog_facility = "daemon"
 	localstatedir = "/usr/var"
 	logdir = "/usr/var/log"
 	file = "/app/data/radius.log"
 }
	name = "radiusd"
	prefix = "/usr"
}
[Sun Apr 26 13:44:40 UTC 2026] radiusd exited with code 0. Restarting in 2s...
[Sun Apr 26 13:44:42 UTC 2026] Launching radiusd...
main {
 log {
 	destination = "stdout"
 	syslog_facility = "daemon"
 	localstatedir = "/usr/var"
 	logdir = "/usr/var/log"
 	file = "/app/data/radius.log"
 }
	name = "radiusd"
	prefix = "/usr"
}
[Sun Apr 26 13:44:42 UTC 2026] radiusd exited with code 0. Restarting in 2s...
[Sun Apr 26 13:44:44 UTC 2026] Launching radiusd...
main {
 log {
 	destination = "stdout"
 	syslog_facility = "daemon"
 	localstatedir = "/usr/var"
 	logdir = "/usr/var/log"
 	file = "/app/data/radius.log"
 }
	name = "radiusd"
	prefix = "/usr"
}
[Sun Apr 26 13:44:44 UTC 2026] radiusd exited with code 0. Restarting in 2s...
[Sun Apr 26 13:44:46 UTC 2026] Launching radiusd...
main {
 log {
 	destination = "stdout"
 	syslog_facility = "daemon"
 	localstatedir = "/usr/var"
 	logdir = "/usr/var/log"
 	file = "/app/data/radius.log"
 }
	name = "radiusd"
	prefix = "/usr"
}
[Sun Apr 26 13:44:46 UTC 2026] radiusd exited with code 0. Restarting in 2s...
[Sun Apr 26 13:44:48 UTC 2026] Launching radiusd...
main {
 log {
 	destination = "stdout"
 	syslog_facility = "daemon"
 	localstatedir = "/usr/var"
 	logdir = "/usr/var/log"
 	file = "/app/data/radius.log"
 }
	name = "radiusd"
	prefix = "/usr"
}
[Sun Apr 26 13:44:49 UTC 2026] radiusd exited with code 0. Restarting in 2s...
[Sun Apr 26 13:44:51 UTC 2026] Launching radiusd...
main {
 log {
 	destination = "stdout"
 	syslog_facility = "daemon"
 	localstatedir = "/usr/var"
 	logdir = "/usr/var/log"
 	file = "/app/data/radius.log"
 }
	name = "radiusd"
	prefix = "/usr"
}
[Sun Apr 26 13:44:51 UTC 2026] radiusd exited with code 0. Restarting in 2s...
[Sun Apr 26 13:44:53 UTC 2026] Launching radiusd...
main {
 log {
 	destination = "stdout"
 	syslog_facility = "daemon"
 	localstatedir = "/usr/var"
 	logdir = "/usr/var/log"
 	file = "/app/data/radius.log"
 }
	name = "radiusd"
	prefix = "/usr"
}
[Sun Apr 26 13:44:53 UTC 2026] radiusd exited with code 0. Restarting in 2s...
[Sun Apr 26 13:44:55 UTC 2026] Launching radiusd...
main {
 log {
 	destination = "stdout"
 	syslog_facility = "daemon"
 	localstatedir = "/usr/var"
 	logdir = "/usr/var/log"
 	file = "/app/data/radius.log"
 }
	name = "radiusd"
	prefix = "/usr"
}
[Sun Apr 26 13:44:55 UTC 2026] radiusd exited with code 0. Restarting in 2s...
[Sun Apr 26 13:44:57 UTC 2026] Launching radiusd...
main {
 log {
 	destination = "stdout"
 	syslog_facility = "daemon"
 	localstatedir = "/usr/var"
 	logdir = "/usr/var/log"
 	file = "/app/data/radius.log"
 }
	name = "radiusd"
	prefix = "/usr"
}
[Sun Apr 26 13:44:57 UTC 2026] radiusd exited with code 0. Restarting in 2s...
[Sun Apr 26 13:45:00 UTC 2026] Launching radiusd...
main {
 log {
 	destination = "stdout"
 	syslog_facility = "daemon"
 	localstatedir = "/usr/var"
 	logdir = "/usr/var/log"
 	file = "/app/data/radius.log"
 }
	name = "radiusd"
	prefix = "/usr"
}
[Sun Apr 26 13:45:00 UTC 2026] radiusd exited with code 0. Restarting in 2s...
[Sun Apr 26 13:45:02 UTC 2026] Launching radiusd...
main {
 log {
 	destination = "stdout"
 	syslog_facility = "daemon"
 	localstatedir = "/usr/var"
 	logdir = "/usr/var/log"
 	file = "/app/data/radius.log"
 }
	name = "radiusd"
	prefix = "/usr"
}
[Sun Apr 26 13:45:02 UTC 2026] radiusd exited with code 0. Restarting in 2s...
[Sun Apr 26 13:45:04 UTC 2026] Launching radiusd...
main {
 log {
 	destination = "stdout"
 	syslog_facility = "daemon"
 	localstatedir = "/usr/var"
 	logdir = "/usr/var/log"
 	file = "/app/data/radius.log"
 }
	name = "radiusd"
	prefix = "/usr"
}
[Sun Apr 26 13:45:04 UTC 2026] radiusd exited with code 0. Restarting in 2s...
[Sun Apr 26 13:45:06 UTC 2026] Launching radiusd...
main {
 log {
 	destination = "stdout"
 	syslog_facility = "daemon"
 	localstatedir = "/usr/var"
 	logdir = "/usr/var/log"
 	file = "/app/data/radius.log"
 }
	name = "radiusd"
	prefix = "/usr"
}
[Sun Apr 26 13:45:06 UTC 2026] radiusd exited with code 0. Restarting in 2s...
[Sun Apr 26 13:45:08 UTC 2026] Launching radiusd...
main {
 log {
 	destination = "stdout"
 	syslog_facility = "daemon"
 	localstatedir = "/usr/var"
 	logdir = "/usr/var/log"
 	file = "/app/data/radius.log"
 }
	name = "radiusd"
	prefix = "/usr"
}
[Sun Apr 26 13:45:09 UTC 2026] radiusd exited with code 0. Restarting in 2s...
[Sun Apr 26 13:45:11 UTC 2026] Launching radiusd...
main {
 log {
 	destination = "stdout"
 	syslog_facility = "daemon"
 	localstatedir = "/usr/var"
 	logdir = "/usr/var/log"
 	file = "/app/data/radius.log"
 }
	name = "radiusd"
	prefix = "/usr"
}
[Sun Apr 26 13:45:11 UTC 2026] radiusd exited with code 0. Restarting in 2s...
[Sun Apr 26 13:45:13 UTC 2026] Launching radiusd...
main {
 log {
 	destination = "stdout"
 	syslog_facility = "daemon"
 	localstatedir = "/usr/var"
 	logdir = "/usr/var/log"
 	file = "/app/data/radius.log"
 }
	name = "radiusd"
	prefix = "/usr"
}
[Sun Apr 26 13:45:13 UTC 2026] radiusd exited with code 0. Restarting in 2s...
[Sun Apr 26 13:45:15 UTC 2026] Launching radiusd...
main {
 log {
 	destination = "stdout"
 	syslog_facility = "daemon"
 	localstatedir = "/usr/var"
 	logdir = "/usr/var/log"
 	file = "/app/data/radius.log"
 }
	name = "radiusd"
	prefix = "/usr"
}
[Sun Apr 26 13:45:15 UTC 2026] radiusd exited with code 0. Restarting in 2s...
[Sun Apr 26 13:45:17 UTC 2026] Launching radiusd...
main {
 log {
 	destination = "stdout"
 	syslog_facility = "daemon"
 	localstatedir = "/usr/var"
 	logdir = "/usr/var/log"
 	file = "/app/data/radius.log"
 }
	name = "radiusd"
	prefix = "/usr"
}
[Sun Apr 26 13:45:18 UTC 2026] radiusd exited with code 0. Restarting in 2s...
[Sun Apr 26 13:45:20 UTC 2026] Launching radiusd...
main {
 log {
 	destination = "stdout"
 	syslog_facility = "daemon"
 	localstatedir = "/usr/var"
 	logdir = "/usr/var/log"
 	file = "/app/data/radius.log"
 }
	name = "radiusd"
	prefix = "/usr"
}
[Sun Apr 26 13:45:20 UTC 2026] radiusd exited with code 0. Restarting in 2s...
[Sun Apr 26 13:45:22 UTC 2026] Launching radiusd...
main {
 log {
 	destination = "stdout"
 	syslog_facility = "daemon"
 	localstatedir = "/usr/var"
 	logdir = "/usr/var/log"
 	file = "/app/data/radius.log"
 }
	name = "radiusd"
	prefix = "/usr"
}
[Sun Apr 26 13:45:22 UTC 2026] radiusd exited with code 0. Restarting in 2s...
[Sun Apr 26 13:45:24 UTC 2026] Launching radiusd...
main {
 log {
 	destination = "stdout"
 	syslog_facility = "daemon"
 	localstatedir = "/usr/var"
 	logdir = "/usr/var/log"
 	file = "/app/data/radius.log"
 }
	name = "radiusd"
	prefix = "/usr"
}
[Sun Apr 26 13:45:24 UTC 2026] radiusd exited with code 0. Restarting in 2s...
[Sun Apr 26 13:45:26 UTC 2026] Launching radiusd...
main {
 log {
 	destination = "stdout"
 	syslog_facility = "daemon"
 	localstatedir = "/usr/var"
 	logdir = "/usr/var/log"
 	file = "/app/data/radius.log"
 }
	name = "radiusd"
	prefix = "/usr"
}
[Sun Apr 26 13:45:27 UTC 2026] radiusd exited with code 0. Restarting in 2s...
[Sun Apr 26 13:45:29 UTC 2026] Launching radiusd...
main {
 log {
 	destination = "stdout"
 	syslog_facility = "daemon"
 	localstatedir = "/usr/var"
 	logdir = "/usr/var/log"
 	file = "/app/data/radius.log"
 }
	name = "radiusd"
	prefix = "/usr"
}
[Sun Apr 26 13:45:29 UTC 2026] radiusd exited with code 0. Restarting in 2s...
[Sun Apr 26 13:45:31 UTC 2026] Launching radiusd...
main {
 log {
 	destination = "stdout"
 	syslog_facility = "daemon"
 	localstatedir = "/usr/var"
 	logdir = "/usr/var/log"
 	file = "/app/data/radius.log"
 }
	name = "radiusd"
	prefix = "/usr"
}
[Sun Apr 26 13:45:31 UTC 2026] radiusd exited with code 0. Restarting in 2s...
[Sun Apr 26 13:45:33 UTC 2026] Launching radiusd...
main {
 log {
 	destination = "stdout"
 	syslog_facility = "daemon"
 	localstatedir = "/usr/var"
 	logdir = "/usr/var/log"
 	file = "/app/data/radius.log"
 }
	name = "radiusd"
	prefix = "/usr"
}
[Sun Apr 26 13:45:33 UTC 2026] radiusd exited with code 0. Restarting in 2s...
[Sun Apr 26 13:45:35 UTC 2026] Launching radiusd...
main {
 log {
 	destination = "stdout"
 	syslog_facility = "daemon"
 	localstatedir = "/usr/var"
 	logdir = "/usr/var/log"
 	file = "/app/data/radius.log"
 }
	name = "radiusd"
	prefix = "/usr"
}
[Sun Apr 26 13:45:36 UTC 2026] radiusd exited with code 0. Restarting in 2s...
[Sun Apr 26 13:45:38 UTC 2026] Launching radiusd...
main {
 log {
 	destination = "stdout"
 	syslog_facility = "daemon"
 	localstatedir = "/usr/var"
 	logdir = "/usr/var/log"
 	file = "/app/data/radius.log"
 }
	name = "radiusd"
	prefix = "/usr"
}
[Sun Apr 26 13:45:38 UTC 2026] radiusd exited with code 0. Restarting in 2s...
[Sun Apr 26 13:45:40 UTC 2026] Launching radiusd...
main {
 log {
 	destination = "stdout"
 	syslog_facility = "daemon"
 	localstatedir = "/usr/var"
 	logdir = "/usr/var/log"
 	file = "/app/data/radius.log"
 }
	name = "radiusd"
	prefix = "/usr"
}
[Sun Apr 26 13:45:40 UTC 2026] radiusd exited with code 0. Restarting in 2s...
[Sun Apr 26 13:45:42 UTC 2026] Launching radiusd...
main {
 log {
 	destination = "stdout"
 	syslog_facility = "daemon"
 	localstatedir = "/usr/var"
 	logdir = "/usr/var/log"
 	file = "/app/data/radius.log"
 }
	name = "radiusd"
	prefix = "/usr"
}
[Sun Apr 26 13:45:42 UTC 2026] radiusd exited with code 0. Restarting in 2s...
[Sun Apr 26 13:45:44 UTC 2026] Launching radiusd...
main {
 log {
 	destination = "stdout"
 	syslog_facility = "daemon"
 	localstatedir = "/usr/var"
 	logdir = "/usr/var/log"
 	file = "/app/data/radius.log"
 }
	name = "radiusd"
	prefix = "/usr"
}
[Sun Apr 26 13:45:45 UTC 2026] radiusd exited with code 0. Restarting in 2s...
[Sun Apr 26 13:45:47 UTC 2026] Launching radiusd...
main {
 log {
 	destination = "stdout"
 	syslog_facility = "daemon"
 	localstatedir = "/usr/var"
 	logdir = "/usr/var/log"
 	file = "/app/data/radius.log"
 }
	name = "radiusd"
	prefix = "/usr"
}
[Sun Apr 26 13:45:47 UTC 2026] radiusd exited with code 0. Restarting in 2s...
[Sun Apr 26 13:45:49 UTC 2026] Launching radiusd...
main {
 log {
 	destination = "stdout"
 	syslog_facility = "daemon"
 	localstatedir = "/usr/var"
 	logdir = "/usr/var/log"
 	file = "/app/data/radius.log"
 }
	name = "radiusd"
	prefix = "/usr"
}
[Sun Apr 26 13:45:49 UTC 2026] radiusd exited with code 0. Restarting in 2s...
[Sun Apr 26 13:45:51 UTC 2026] Launching radiusd...
main {
 log {
 	destination = "stdout"
 	syslog_facility = "daemon"
 	localstatedir = "/usr/var"
 	logdir = "/usr/var/log"
 	file = "/app/data/radius.log"
 }
	name = "radiusd"
	prefix = "/usr"
}
[Sun Apr 26 13:45:52 UTC 2026] radiusd exited with code 0. Restarting in 2s...
[Sun Apr 26 13:45:54 UTC 2026] Launching radiusd...
main {
 log {
 	destination = "stdout"
 	syslog_facility = "daemon"
 	localstatedir = "/usr/var"
 	logdir = "/usr/var/log"
 	file = "/app/data/radius.log"
 }
	name = "radiusd"
	prefix = "/usr"
}
[Sun Apr 26 13:45:54 UTC 2026] radiusd exited with code 0. Restarting in 2s...
[Sun Apr 26 13:45:56 UTC 2026] Launching radiusd...
main {
 log {
 	destination = "stdout"
 	syslog_facility = "daemon"
 	localstatedir = "/usr/var"
 	logdir = "/usr/var/log"
 	file = "/app/data/radius.log"
 }
	name = "radiusd"
	prefix = "/usr"
}
[Sun Apr 26 13:45:56 UTC 2026] radiusd exited with code 0. Restarting in 2s...
[Sun Apr 26 13:45:58 UTC 2026] Launching radiusd...
main {
 log {
 	destination = "stdout"
 	syslog_facility = "daemon"
 	localstatedir = "/usr/var"
 	logdir = "/usr/var/log"
 	file = "/app/data/radius.log"
 }
	name = "radiusd"
	prefix = "/usr"
}
[Sun Apr 26 13:45:58 UTC 2026] radiusd exited with code 0. Restarting in 2s...
[Sun Apr 26 13:46:00 UTC 2026] Launching radiusd...
main {
 log {
 	destination = "stdout"
 	syslog_facility = "daemon"
 	localstatedir = "/usr/var"
 	logdir = "/usr/var/log"
 	file = "/app/data/radius.log"
 }
	name = "radiusd"
	prefix = "/usr"
}
[Sun Apr 26 13:46:01 UTC 2026] radiusd exited with code 0. Restarting in 2s...
[Sun Apr 26 13:46:03 UTC 2026] Launching radiusd...
main {
 log {
 	destination = "stdout"
 	syslog_facility = "daemon"
 	localstatedir = "/usr/var"
 	logdir = "/usr/var/log"
 	file = "/app/data/radius.log"
 }
	name = "radiusd"
	prefix = "/usr"
}
[Sun Apr 26 13:46:03 UTC 2026] radiusd exited with code 0. Restarting in 2s...
[Sun Apr 26 13:46:05 UTC 2026] Launching radiusd...
main {
 log {
 	destination = "stdout"
 	syslog_facility = "daemon"
 	localstatedir = "/usr/var"
 	logdir = "/usr/var/log"
 	file = "/app/data/radius.log"
 }
	name = "radiusd"
	prefix = "/usr"
}
[Sun Apr 26 13:46:05 UTC 2026] radiusd exited with code 0. Restarting in 2s...
[Sun Apr 26 13:46:07 UTC 2026] Launching radiusd...
main {
 log {
 	destination = "stdout"
 	syslog_facility = "daemon"
 	localstatedir = "/usr/var"
 	logdir = "/usr/var/log"
 	file = "/app/data/radius.log"
 }
	name = "radiusd"
	prefix = "/usr"
}
[Sun Apr 26 13:46:07 UTC 2026] radiusd exited with code 0. Restarting in 2s...
[Sun Apr 26 13:46:09 UTC 2026] Launching radiusd...
main {
 log {
 	destination = "stdout"
 	syslog_facility = "daemon"
 	localstatedir = "/usr/var"
 	logdir = "/usr/var/log"
 	file = "/app/data/radius.log"
 }
	name = "radiusd"
	prefix = "/usr"
}
[Sun Apr 26 13:46:09 UTC 2026] radiusd exited with code 0. Restarting in 2s...
[Sun Apr 26 13:46:11 UTC 2026] Launching radiusd...
main {
 log {
 	destination = "stdout"
 	syslog_facility = "daemon"
 	localstatedir = "/usr/var"
 	logdir = "/usr/var/log"
 	file = "/app/data/radius.log"
 }
	name = "radiusd"
	prefix = "/usr"
}
[Sun Apr 26 13:46:12 UTC 2026] radiusd exited with code 0. Restarting in 2s...
[Sun Apr 26 13:46:14 UTC 2026] Launching radiusd...
main {
 log {
 	destination = "stdout"
 	syslog_facility = "daemon"
 	localstatedir = "/usr/var"
 	logdir = "/usr/var/log"
 	file = "/app/data/radius.log"
 }
	name = "radiusd"
	prefix = "/usr"
}
[Sun Apr 26 13:46:14 UTC 2026] radiusd exited with code 0. Restarting in 2s...
[Sun Apr 26 13:46:16 UTC 2026] Launching radiusd...
main {
 log {
 	destination = "stdout"
 	syslog_facility = "daemon"
 	localstatedir = "/usr/var"
 	logdir = "/usr/var/log"
 	file = "/app/data/radius.log"
 }
	name = "radiusd"
	prefix = "/usr"
}
[Sun Apr 26 13:46:16 UTC 2026] radiusd exited with code 0. Restarting in 2s...
[Sun Apr 26 13:46:18 UTC 2026] Launching radiusd...
main {
 log {
 	destination = "stdout"
 	syslog_facility = "daemon"
 	localstatedir = "/usr/var"
 	logdir = "/usr/var/log"
 	file = "/app/data/radius.log"
 }
	name = "radiusd"
	prefix = "/usr"
}
[Sun Apr 26 13:46:18 UTC 2026] radiusd exited with code 0. Restarting in 2s...
[Sun Apr 26 13:46:21 UTC 2026] Launching radiusd...
main {
 log {
 	destination = "stdout"
 	syslog_facility = "daemon"
 	localstatedir = "/usr/var"
 	logdir = "/usr/var/log"
 	file = "/app/data/radius.log"
 }
	name = "radiusd"
	prefix = "/usr"
}
[Sun Apr 26 13:46:21 UTC 2026] radiusd exited with code 0. Restarting in 2s...
[Sun Apr 26 13:46:23 UTC 2026] Launching radiusd...
main {
 log {
 	destination = "stdout"
 	syslog_facility = "daemon"
 	localstatedir = "/usr/var"
 	logdir = "/usr/var/log"
 	file = "/app/data/radius.log"
 }
	name = "radiusd"
	prefix = "/usr"
}
[Sun Apr 26 13:46:24 UTC 2026] radiusd exited with code 0. Restarting in 2s...
[Sun Apr 26 13:46:26 UTC 2026] Launching radiusd...
main {
 log {
 	destination = "stdout"
 	syslog_facility = "daemon"
 	localstatedir = "/usr/var"
 	logdir = "/usr/var/log"
 	file = "/app/data/radius.log"
 }
	name = "radiusd"
	prefix = "/usr"
}
[Sun Apr 26 13:46:26 UTC 2026] radiusd exited with code 0. Restarting in 2s...
[Sun Apr 26 13:46:28 UTC 2026] Launching radiusd...
main {
 log {
 	destination = "stdout"
 	syslog_facility = "daemon"
 	localstatedir = "/usr/var"
 	logdir = "/usr/var/log"
 	file = "/app/data/radius.log"
 }
	name = "radiusd"
	prefix = "/usr"
}
[Sun Apr 26 13:46:28 UTC 2026] radiusd exited with code 0. Restarting in 2s...
[Sun Apr 26 13:46:30 UTC 2026] Launching radiusd...
main {
 log {
 	destination = "stdout"
 	syslog_facility = "daemon"
 	localstatedir = "/usr/var"
 	logdir = "/usr/var/log"
 	file = "/app/data/radius.log"
 }
	name = "radiusd"
	prefix = "/usr"
}
[Sun Apr 26 13:46:31 UTC 2026] radiusd exited with code 0. Restarting in 2s...
[Sun Apr 26 13:46:33 UTC 2026] Launching radiusd...
main {
 log {
 	destination = "stdout"
 	syslog_facility = "daemon"
 	localstatedir = "/usr/var"
 	logdir = "/usr/var/log"
 	file = "/app/data/radius.log"
 }
	name = "radiusd"
	prefix = "/usr"
}
[Sun Apr 26 13:46:33 UTC 2026] radiusd exited with code 0. Restarting in 2s...
[Sun Apr 26 13:46:35 UTC 2026] Launching radiusd...
main {
 log {
 	destination = "stdout"
 	syslog_facility = "daemon"
 	localstatedir = "/usr/var"
 	logdir = "/usr/var/log"
 	file = "/app/data/radius.log"
 }
	name = "radiusd"
	prefix = "/usr"
}
[Sun Apr 26 13:46:35 UTC 2026] radiusd exited with code 0. Restarting in 2s...
[Sun Apr 26 13:46:37 UTC 2026] Launching radiusd...
main {
 log {
 	destination = "stdout"
 	syslog_facility = "daemon"
 	localstatedir = "/usr/var"
 	logdir = "/usr/var/log"
 	file = "/app/data/radius.log"
 }
	name = "radiusd"
	prefix = "/usr"
}
[Sun Apr 26 13:46:38 UTC 2026] radiusd exited with code 0. Restarting in 2s...
[Sun Apr 26 13:46:39 UTC 2026] Launching radiusd...
main {
 log {
 	destination = "stdout"
 	syslog_facility = "daemon"
 	localstatedir = "/usr/var"
 	logdir = "/usr/var/log"
 	file = "/app/data/radius.log"
 }
	name = "radiusd"
	prefix = "/usr"
}
[Sun Apr 26 13:46:40 UTC 2026] radiusd exited with code 0. Restarting in 2s...
[Sun Apr 26 13:46:42 UTC 2026] Launching radiusd...
main {
 log {
 	destination = "stdout"
 	syslog_facility = "daemon"
 	localstatedir = "/usr/var"
 	logdir = "/usr/var/log"
 	file = "/app/data/radius.log"
 }
	name = "radiusd"
	prefix = "/usr"
}
[Sun Apr 26 13:46:42 UTC 2026] radiusd exited with code 0. Restarting in 2s...
[Sun Apr 26 13:46:44 UTC 2026] Launching radiusd...
main {
 log {
 	destination = "stdout"
 	syslog_facility = "daemon"
 	localstatedir = "/usr/var"
 	logdir = "/usr/var/log"
 	file = "/app/data/radius.log"
 }
	name = "radiusd"
	prefix = "/usr"
}
[Sun Apr 26 13:46:44 UTC 2026] radiusd exited with code 0. Restarting in 2s...
[Sun Apr 26 13:46:46 UTC 2026] Launching radiusd...
main {
 log {
 	destination = "stdout"
 	syslog_facility = "daemon"
 	localstatedir = "/usr/var"
 	logdir = "/usr/var/log"
 	file = "/app/data/radius.log"
 }
	name = "radiusd"
	prefix = "/usr"
}
[Sun Apr 26 13:46:46 UTC 2026] radiusd exited with code 0. Restarting in 2s...
[Sun Apr 26 13:46:48 UTC 2026] Launching radiusd...
main {
 log {
 	destination = "stdout"
 	syslog_facility = "daemon"
 	localstatedir = "/usr/var"
 	logdir = "/usr/var/log"
 	file = "/app/data/radius.log"
 }
	name = "radiusd"
	prefix = "/usr"
}
[Sun Apr 26 13:46:49 UTC 2026] radiusd exited with code 0. Restarting in 2s...
[Sun Apr 26 13:46:51 UTC 2026] Launching radiusd...
main {
 log {
 	destination = "stdout"
 	syslog_facility = "daemon"
 	localstatedir = "/usr/var"
 	logdir = "/usr/var/log"
 	file = "/app/data/radius.log"
 }
	name = "radiusd"
	prefix = "/usr"
}
[Sun Apr 26 13:46:51 UTC 2026] radiusd exited with code 0. Restarting in 2s...
[Sun Apr 26 13:46:53 UTC 2026] Launching radiusd...
main {
 log {
 	destination = "stdout"
 	syslog_facility = "daemon"
 	localstatedir = "/usr/var"
 	logdir = "/usr/var/log"
 	file = "/app/data/radius.log"
 }
	name = "radiusd"
	prefix = "/usr"
}
[Sun Apr 26 13:46:53 UTC 2026] radiusd exited with code 0. Restarting in 2s...
[Sun Apr 26 13:46:55 UTC 2026] Launching radiusd...
main {
 log {
 	destination = "stdout"
 	syslog_facility = "daemon"
 	localstatedir = "/usr/var"
 	logdir = "/usr/var/log"
 	file = "/app/data/radius.log"
 }
	name = "radiusd"
	prefix = "/usr"
}
[Sun Apr 26 13:46:55 UTC 2026] radiusd exited with code 0. Restarting in 2s...
[Sun Apr 26 13:46:57 UTC 2026] Launching radiusd...
main {
 log {
 	destination = "stdout"
 	syslog_facility = "daemon"
 	localstatedir = "/usr/var"
 	logdir = "/usr/var/log"
 	file = "/app/data/radius.log"
 }
	name = "radiusd"
	prefix = "/usr"
}
[Sun Apr 26 13:46:58 UTC 2026] radiusd exited with code 0. Restarting in 2s...
[Sun Apr 26 13:47:00 UTC 2026] Launching radiusd...
main {
 log {
 	destination = "stdout"
 	syslog_facility = "daemon"
 	localstatedir = "/usr/var"
 	logdir = "/usr/var/log"
 	file = "/app/data/radius.log"
 }
	name = "radiusd"
	prefix = "/usr"
}
[Sun Apr 26 13:47:00 UTC 2026] radiusd exited with code 0. Restarting in 2s...
[Sun Apr 26 13:47:02 UTC 2026] Launching radiusd...
main {
 log {
 	destination = "stdout"
 	syslog_facility = "daemon"
 	localstatedir = "/usr/var"
 	logdir = "/usr/var/log"
 	file = "/app/data/radius.log"
 }
	name = "radiusd"
	prefix = "/usr"
}
[Sun Apr 26 13:47:02 UTC 2026] radiusd exited with code 0. Restarting in 2s...
[Sun Apr 26 13:47:04 UTC 2026] Launching radiusd...
main {
 log {
 	destination = "stdout"
 	syslog_facility = "daemon"
 	localstatedir = "/usr/var"
 	logdir = "/usr/var/log"
 	file = "/app/data/radius.log"
 }
	name = "radiusd"
	prefix = "/usr"
}
[Sun Apr 26 13:47:04 UTC 2026] radiusd exited with code 0. Restarting in 2s...
[Sun Apr 26 13:47:06 UTC 2026] Launching radiusd...
main {
 log {
 	destination = "stdout"
 	syslog_facility = "daemon"
 	localstatedir = "/usr/var"
 	logdir = "/usr/var/log"
 	file = "/app/data/radius.log"
 }
	name = "radiusd"
	prefix = "/usr"
}
[Sun Apr 26 13:47:07 UTC 2026] radiusd exited with code 0. Restarting in 2s...
[Sun Apr 26 13:47:09 UTC 2026] Launching radiusd...
main {
 log {
 	destination = "stdout"
 	syslog_facility = "daemon"
 	localstatedir = "/usr/var"
 	logdir = "/usr/var/log"
 	file = "/app/data/radius.log"
 }
	name = "radiusd"
	prefix = "/usr"
}
[Sun Apr 26 13:47:10 UTC 2026] radiusd exited with code 0. Restarting in 2s...
[Sun Apr 26 13:47:12 UTC 2026] Launching radiusd...
main {
 log {
 	destination = "stdout"
 	syslog_facility = "daemon"
 	localstatedir = "/usr/var"
 	logdir = "/usr/var/log"
 	file = "/app/data/radius.log"
 }
	name = "radiusd"
	prefix = "/usr"
}
[Sun Apr 26 13:47:12 UTC 2026] radiusd exited with code 0. Restarting in 2s...
[Sun Apr 26 13:47:14 UTC 2026] Launching radiusd...
main {
 log {
 	destination = "stdout"
 	syslog_facility = "daemon"
 	localstatedir = "/usr/var"
 	logdir = "/usr/var/log"
 	file = "/app/data/radius.log"
 }
	name = "radiusd"
	prefix = "/usr"
}
[Sun Apr 26 13:47:14 UTC 2026] radiusd exited with code 0. Restarting in 2s...
[Sun Apr 26 13:47:16 UTC 2026] Launching radiusd...
main {
 log {
 	destination = "stdout"
 	syslog_facility = "daemon"
 	localstatedir = "/usr/var"
 	logdir = "/usr/var/log"
 	file = "/app/data/radius.log"
 }
	name = "radiusd"
	prefix = "/usr"
}
[Sun Apr 26 13:47:17 UTC 2026] radiusd exited with code 0. Restarting in 2s...
[Sun Apr 26 13:47:19 UTC 2026] Launching radiusd...
main {
 log {
 	destination = "stdout"
 	syslog_facility = "daemon"
 	localstatedir = "/usr/var"
 	logdir = "/usr/var/log"
 	file = "/app/data/radius.log"
 }
	name = "radiusd"
	prefix = "/usr"
}
[Sun Apr 26 13:47:19 UTC 2026] radiusd exited with code 0. Restarting in 2s...
[Sun Apr 26 13:47:21 UTC 2026] Launching radiusd...
main {
 log {
 	destination = "stdout"
 	syslog_facility = "daemon"
 	localstatedir = "/usr/var"
 	logdir = "/usr/var/log"
 	file = "/app/data/radius.log"
 }
	name = "radiusd"
	prefix = "/usr"
}
[Sun Apr 26 13:47:21 UTC 2026] radiusd exited with code 0. Restarting in 2s...
[Sun Apr 26 13:47:23 UTC 2026] Launching radiusd...
main {
 log {
 	destination = "stdout"
 	syslog_facility = "daemon"
 	localstatedir = "/usr/var"
 	logdir = "/usr/var/log"
 	file = "/app/data/radius.log"
 }
	name = "radiusd"
	prefix = "/usr"
}
[Sun Apr 26 13:47:23 UTC 2026] radiusd exited with code 0. Restarting in 2s...
[Sun Apr 26 13:47:25 UTC 2026] Launching radiusd...
main {
 log {
 	destination = "stdout"
 	syslog_facility = "daemon"
 	localstatedir = "/usr/var"
 	logdir = "/usr/var/log"
 	file = "/app/data/radius.log"
 }
	name = "radiusd"
	prefix = "/usr"
}
[Sun Apr 26 13:47:26 UTC 2026] radiusd exited with code 0. Restarting in 2s...
[Sun Apr 26 13:47:28 UTC 2026] Launching radiusd...
main {
 log {
 	destination = "stdout"
 	syslog_facility = "daemon"
 	localstatedir = "/usr/var"
 	logdir = "/usr/var/log"
 	file = "/app/data/radius.log"
 }
	name = "radiusd"
	prefix = "/usr"
}
[Sun Apr 26 13:47:28 UTC 2026] radiusd exited with code 0. Restarting in 2s...
[Sun Apr 26 13:47:30 UTC 2026] Launching radiusd...
main {
 log {
 	destination = "stdout"
 	syslog_facility = "daemon"
 	localstatedir = "/usr/var"
 	logdir = "/usr/var/log"
 	file = "/app/data/radius.log"
 }
	name = "radiusd"
	prefix = "/usr"
}
[Sun Apr 26 13:47:30 UTC 2026] radiusd exited with code 0. Restarting in 2s...
[Sun Apr 26 13:47:33 UTC 2026] Launching radiusd...
main {
 log {
 	destination = "stdout"
 	syslog_facility = "daemon"
 	localstatedir = "/usr/var"
 	logdir = "/usr/var/log"
 	file = "/app/data/radius.log"
 }
	name = "radiusd"
	prefix = "/usr"
}
[Sun Apr 26 13:47:33 UTC 2026] radiusd exited with code 0. Restarting in 2s...
[Sun Apr 26 13:47:35 UTC 2026] Launching radiusd...
main {
 log {
 	destination = "stdout"
 	syslog_facility = "daemon"
 	localstatedir = "/usr/var"
 	logdir = "/usr/var/log"
 	file = "/app/data/radius.log"
 }
	name = "radiusd"
	prefix = "/usr"
}
[Sun Apr 26 13:47:36 UTC 2026] radiusd exited with code 0. Restarting in 2s...
[Sun Apr 26 13:47:38 UTC 2026] Launching radiusd...
main {
 log {
 	destination = "stdout"
 	syslog_facility = "daemon"
 	localstatedir = "/usr/var"
 	logdir = "/usr/var/log"
 	file = "/app/data/radius.log"
 }
	name = "radiusd"
	prefix = "/usr"
}
[Sun Apr 26 13:47:38 UTC 2026] radiusd exited with code 0. Restarting in 2s...
[Sun Apr 26 13:47:40 UTC 2026] Launching radiusd...
main {
 log {
 	destination = "stdout"
 	syslog_facility = "daemon"
 	localstatedir = "/usr/var"
 	logdir = "/usr/var/log"
 	file = "/app/data/radius.log"
 }
	name = "radiusd"
	prefix = "/usr"
}
[Sun Apr 26 13:47:40 UTC 2026] radiusd exited with code 0. Restarting in 2s...
[Sun Apr 26 13:47:42 UTC 2026] Launching radiusd...
main {
 log {
 	destination = "stdout"
 	syslog_facility = "daemon"
 	localstatedir = "/usr/var"
 	logdir = "/usr/var/log"
 	file = "/app/data/radius.log"
 }
	name = "radiusd"
	prefix = "/usr"
}
[Sun Apr 26 13:47:42 UTC 2026] radiusd exited with code 0. Restarting in 2s...
[Sun Apr 26 13:47:44 UTC 2026] Launching radiusd...
main {
 log {
 	destination = "stdout"
 	syslog_facility = "daemon"
 	localstatedir = "/usr/var"
 	logdir = "/usr/var/log"
 	file = "/app/data/radius.log"
 }
	name = "radiusd"
	prefix = "/usr"
}
[Sun Apr 26 13:47:45 UTC 2026] radiusd exited with code 0. Restarting in 2s...
[Sun Apr 26 13:47:47 UTC 2026] Launching radiusd...
main {
 log {
 	destination = "stdout"
 	syslog_facility = "daemon"
 	localstatedir = "/usr/var"
 	logdir = "/usr/var/log"
 	file = "/app/data/radius.log"
 }
	name = "radiusd"
	prefix = "/usr"
}
[Sun Apr 26 13:47:47 UTC 2026] radiusd exited with code 0. Restarting in 2s...
[Sun Apr 26 13:47:49 UTC 2026] Launching radiusd...
main {
 log {
 	destination = "stdout"
 	syslog_facility = "daemon"
 	localstatedir = "/usr/var"
 	logdir = "/usr/var/log"
 	file = "/app/data/radius.log"
 }
	name = "radiusd"
	prefix = "/usr"
}
[Sun Apr 26 13:47:49 UTC 2026] radiusd exited with code 0. Restarting in 2s...
[Sun Apr 26 13:47:51 UTC 2026] Launching radiusd...
main {
 log {
 	destination = "stdout"
 	syslog_facility = "daemon"
 	localstatedir = "/usr/var"
 	logdir = "/usr/var/log"
 	file = "/app/data/radius.log"
 }
	name = "radiusd"
	prefix = "/usr"
}
[Sun Apr 26 13:47:51 UTC 2026] radiusd exited with code 0. Restarting in 2s...
[Sun Apr 26 13:47:53 UTC 2026] Launching radiusd...
main {
 log {
 	destination = "stdout"
 	syslog_facility = "daemon"
 	localstatedir = "/usr/var"
 	logdir = "/usr/var/log"
 	file = "/app/data/radius.log"
 }
	name = "radiusd"
	prefix = "/usr"
}
[Sun Apr 26 13:47:54 UTC 2026] radiusd exited with code 0. Restarting in 2s...
[Sun Apr 26 13:47:56 UTC 2026] Launching radiusd...
main {
 log {
 	destination = "stdout"
 	syslog_facility = "daemon"
 	localstatedir = "/usr/var"
 	logdir = "/usr/var/log"
 	file = "/app/data/radius.log"
 }
	name = "radiusd"
	prefix = "/usr"
}
[Sun Apr 26 13:47:56 UTC 2026] radiusd exited with code 0. Restarting in 2s...
[Sun Apr 26 13:47:58 UTC 2026] Launching radiusd...
main {
 log {
 	destination = "stdout"
 	syslog_facility = "daemon"
 	localstatedir = "/usr/var"
 	logdir = "/usr/var/log"
 	file = "/app/data/radius.log"
 }
	name = "radiusd"
	prefix = "/usr"
}
[Sun Apr 26 13:47:58 UTC 2026] radiusd exited with code 0. Restarting in 2s...
[Sun Apr 26 13:48:00 UTC 2026] Launching radiusd...
main {
 log {
 	destination = "stdout"
 	syslog_facility = "daemon"
 	localstatedir = "/usr/var"
 	logdir = "/usr/var/log"
 	file = "/app/data/radius.log"
 }
	name = "radiusd"
	prefix = "/usr"
}
[Sun Apr 26 13:48:01 UTC 2026] radiusd exited with code 0. Restarting in 2s...
[Sun Apr 26 13:48:03 UTC 2026] Launching radiusd...
main {
 log {
 	destination = "stdout"
 	syslog_facility = "daemon"
 	localstatedir = "/usr/var"
 	logdir = "/usr/var/log"
 	file = "/app/data/radius.log"
 }
	name = "radiusd"
	prefix = "/usr"
}
[Sun Apr 26 13:48:03 UTC 2026] radiusd exited with code 0. Restarting in 2s...
[Sun Apr 26 13:48:05 UTC 2026] Launching radiusd...
main {
 log {
 	destination = "stdout"
 	syslog_facility = "daemon"
 	localstatedir = "/usr/var"
 	logdir = "/usr/var/log"
 	file = "/app/data/radius.log"
 }
	name = "radiusd"
	prefix = "/usr"
}
[Sun Apr 26 13:48:06 UTC 2026] radiusd exited with code 0. Restarting in 2s...
[Sun Apr 26 13:48:08 UTC 2026] Launching radiusd...
main {
 log {
 	destination = "stdout"
 	syslog_facility = "daemon"
 	localstatedir = "/usr/var"
 	logdir = "/usr/var/log"
 	file = "/app/data/radius.log"
 }
	name = "radiusd"
	prefix = "/usr"
}
[Sun Apr 26 13:48:08 UTC 2026] radiusd exited with code 0. Restarting in 2s...
[Sun Apr 26 13:48:10 UTC 2026] Launching radiusd...
main {
 log {
 	destination = "stdout"
 	syslog_facility = "daemon"
 	localstatedir = "/usr/var"
 	logdir = "/usr/var/log"
 	file = "/app/data/radius.log"
 }
	name = "radiusd"
	prefix = "/usr"
}
[Sun Apr 26 13:48:11 UTC 2026] radiusd exited with code 0. Restarting in 2s...
[Sun Apr 26 13:48:13 UTC 2026] Launching radiusd...
main {
 log {
 	destination = "stdout"
 	syslog_facility = "daemon"
 	localstatedir = "/usr/var"
 	logdir = "/usr/var/log"
 	file = "/app/data/radius.log"
 }
	name = "radiusd"
	prefix = "/usr"
}
[Sun Apr 26 13:48:13 UTC 2026] radiusd exited with code 0. Restarting in 2s...
[Sun Apr 26 13:48:15 UTC 2026] Launching radiusd...
main {
 log {
 	destination = "stdout"
 	syslog_facility = "daemon"
 	localstatedir = "/usr/var"
 	logdir = "/usr/var/log"
 	file = "/app/data/radius.log"
 }
	name = "radiusd"
	prefix = "/usr"
}
[Sun Apr 26 13:48:15 UTC 2026] radiusd exited with code 0. Restarting in 2s...
[Sun Apr 26 13:48:17 UTC 2026] Launching radiusd...
main {
 log {
 	destination = "stdout"
 	syslog_facility = "daemon"
 	localstatedir = "/usr/var"
 	logdir = "/usr/var/log"
 	file = "/app/data/radius.log"
 }
	name = "radiusd"
	prefix = "/usr"
}
[Sun Apr 26 13:48:17 UTC 2026] radiusd exited with code 0. Restarting in 2s...
[Sun Apr 26 13:48:19 UTC 2026] Launching radiusd...
main {
 log {
 	destination = "stdout"
 	syslog_facility = "daemon"
 	localstatedir = "/usr/var"
 	logdir = "/usr/var/log"
 	file = "/app/data/radius.log"
 }
	name = "radiusd"
	prefix = "/usr"
}
[Sun Apr 26 13:48:19 UTC 2026] radiusd exited with code 0. Restarting in 2s...
[Sun Apr 26 13:48:21 UTC 2026] Launching radiusd...
main {
 log {
 	destination = "stdout"
 	syslog_facility = "daemon"
 	localstatedir = "/usr/var"
 	logdir = "/usr/var/log"
 	file = "/app/data/radius.log"
 }
	name = "radiusd"
	prefix = "/usr"
}
[Sun Apr 26 13:48:22 UTC 2026] radiusd exited with code 0. Restarting in 2s...
[Sun Apr 26 13:48:24 UTC 2026] Launching radiusd...
main {
 log {
 	destination = "stdout"
 	syslog_facility = "daemon"
 	localstatedir = "/usr/var"
 	logdir = "/usr/var/log"
 	file = "/app/data/radius.log"
 }
	name = "radiusd"
	prefix = "/usr"
}
[Sun Apr 26 13:48:24 UTC 2026] radiusd exited with code 0. Restarting in 2s...
[Sun Apr 26 13:48:26 UTC 2026] Launching radiusd...
main {
 log {
 	destination = "stdout"
 	syslog_facility = "daemon"
 	localstatedir = "/usr/var"
 	logdir = "/usr/var/log"
 	file = "/app/data/radius.log"
 }
	name = "radiusd"
	prefix = "/usr"
}
[Sun Apr 26 13:48:27 UTC 2026] radiusd exited with code 0. Restarting in 2s...
[Sun Apr 26 13:48:29 UTC 2026] Launching radiusd...
main {
 log {
 	destination = "stdout"
 	syslog_facility = "daemon"
 	localstatedir = "/usr/var"
 	logdir = "/usr/var/log"
 	file = "/app/data/radius.log"
 }
	name = "radiusd"
	prefix = "/usr"
}
[Sun Apr 26 13:48:29 UTC 2026] radiusd exited with code 0. Restarting in 2s...
[Sun Apr 26 13:48:31 UTC 2026] Launching radiusd...
main {
 log {
 	destination = "stdout"
 	syslog_facility = "daemon"
 	localstatedir = "/usr/var"
 	logdir = "/usr/var/log"
 	file = "/app/data/radius.log"
 }
	name = "radiusd"
	prefix = "/usr"
}
[Sun Apr 26 13:48:31 UTC 2026] radiusd exited with code 0. Restarting in 2s...
[Sun Apr 26 13:48:33 UTC 2026] Launching radiusd...
main {
 log {
 	destination = "stdout"
 	syslog_facility = "daemon"
 	localstatedir = "/usr/var"
 	logdir = "/usr/var/log"
 	file = "/app/data/radius.log"
 }
	name = "radiusd"
	prefix = "/usr"
}
[Sun Apr 26 13:48:34 UTC 2026] radiusd exited with code 0. Restarting in 2s...
[Sun Apr 26 13:48:36 UTC 2026] Launching radiusd...
main {
 log {
 	destination = "stdout"
 	syslog_facility = "daemon"
 	localstatedir = "/usr/var"
 	logdir = "/usr/var/log"
 	file = "/app/data/radius.log"
 }
	name = "radiusd"
	prefix = "/usr"
}
[Sun Apr 26 13:48:36 UTC 2026] radiusd exited with code 0. Restarting in 2s...
[Sun Apr 26 13:48:38 UTC 2026] Launching radiusd...
main {
 log {
 	destination = "stdout"
 	syslog_facility = "daemon"
 	localstatedir = "/usr/var"
 	logdir = "/usr/var/log"
 	file = "/app/data/radius.log"
 }
	name = "radiusd"
	prefix = "/usr"
}
[Sun Apr 26 13:48:38 UTC 2026] radiusd exited with code 0. Restarting in 2s...
[Sun Apr 26 13:48:40 UTC 2026] Launching radiusd...
main {
 log {
 	destination = "stdout"
 	syslog_facility = "daemon"
 	localstatedir = "/usr/var"
 	logdir = "/usr/var/log"
 	file = "/app/data/radius.log"
 }
	name = "radiusd"
	prefix = "/usr"
}
[Sun Apr 26 13:48:41 UTC 2026] radiusd exited with code 0. Restarting in 2s...
[Sun Apr 26 13:48:43 UTC 2026] Launching radiusd...
main {
 log {
 	destination = "stdout"
 	syslog_facility = "daemon"
 	localstatedir = "/usr/var"
 	logdir = "/usr/var/log"
 	file = "/app/data/radius.log"
 }
	name = "radiusd"
	prefix = "/usr"
}
[Sun Apr 26 13:48:43 UTC 2026] radiusd exited with code 0. Restarting in 2s...
[Sun Apr 26 13:48:45 UTC 2026] Launching radiusd...
main {
 log {
 	destination = "stdout"
 	syslog_facility = "daemon"
 	localstatedir = "/usr/var"
 	logdir = "/usr/var/log"
 	file = "/app/data/radius.log"
 }
	name = "radiusd"
	prefix = "/usr"
}
[Sun Apr 26 13:48:45 UTC 2026] radiusd exited with code 0. Restarting in 2s...
[Sun Apr 26 13:48:47 UTC 2026] Launching radiusd...
main {
 log {
 	destination = "stdout"
 	syslog_facility = "daemon"
 	localstatedir = "/usr/var"
 	logdir = "/usr/var/log"
 	file = "/app/data/radius.log"
 }
	name = "radiusd"
	prefix = "/usr"
}
[Sun Apr 26 13:48:47 UTC 2026] radiusd exited with code 0. Restarting in 2s...
[Sun Apr 26 13:48:49 UTC 2026] Launching radiusd...
main {
 log {
 	destination = "stdout"
 	syslog_facility = "daemon"
 	localstatedir = "/usr/var"
 	logdir = "/usr/var/log"
 	file = "/app/data/radius.log"
 }
	name = "radiusd"
	prefix = "/usr"
}
[Sun Apr 26 13:48:50 UTC 2026] radiusd exited with code 0. Restarting in 2s...
[Sun Apr 26 13:48:52 UTC 2026] Launching radiusd...
main {
 log {
 	destination = "stdout"
 	syslog_facility = "daemon"
 	localstatedir = "/usr/var"
 	logdir = "/usr/var/log"
 	file = "/app/data/radius.log"
 }
	name = "radiusd"
	prefix = "/usr"
}
[Sun Apr 26 13:48:52 UTC 2026] radiusd exited with code 0. Restarting in 2s...
[Sun Apr 26 13:48:54 UTC 2026] Launching radiusd...
main {
 log {
 	destination = "stdout"
 	syslog_facility = "daemon"
 	localstatedir = "/usr/var"
 	logdir = "/usr/var/log"
 	file = "/app/data/radius.log"
 }
	name = "radiusd"
	prefix = "/usr"
}
[Sun Apr 26 13:48:54 UTC 2026] radiusd exited with code 0. Restarting in 2s...
[Sun Apr 26 13:48:56 UTC 2026] Launching radiusd...
main {
 log {
 	destination = "stdout"
 	syslog_facility = "daemon"
 	localstatedir = "/usr/var"
 	logdir = "/usr/var/log"
 	file = "/app/data/radius.log"
 }
	name = "radiusd"
	prefix = "/usr"
}
[Sun Apr 26 13:48:57 UTC 2026] radiusd exited with code 0. Restarting in 2s...
[Sun Apr 26 13:48:59 UTC 2026] Launching radiusd...
main {
 log {
 	destination = "stdout"
 	syslog_facility = "daemon"
 	localstatedir = "/usr/var"
 	logdir = "/usr/var/log"
 	file = "/app/data/radius.log"
 }
	name = "radiusd"
	prefix = "/usr"
}
[Sun Apr 26 13:48:59 UTC 2026] radiusd exited with code 0. Restarting in 2s...
[Sun Apr 26 13:49:01 UTC 2026] Launching radiusd...
main {
 log {
 	destination = "stdout"
 	syslog_facility = "daemon"
 	localstatedir = "/usr/var"
 	logdir = "/usr/var/log"
 	file = "/app/data/radius.log"
 }
	name = "radiusd"
	prefix = "/usr"
}
[Sun Apr 26 13:49:01 UTC 2026] radiusd exited with code 0. Restarting in 2s...
[Sun Apr 26 13:49:03 UTC 2026] Launching radiusd...
main {
 log {
 	destination = "stdout"
 	syslog_facility = "daemon"
 	localstatedir = "/usr/var"
 	logdir = "/usr/var/log"
 	file = "/app/data/radius.log"
 }
	name = "radiusd"
	prefix = "/usr"
}
[Sun Apr 26 13:49:04 UTC 2026] radiusd exited with code 0. Restarting in 2s...
[Sun Apr 26 13:49:06 UTC 2026] Launching radiusd...
main {
 log {
 	destination = "stdout"
 	syslog_facility = "daemon"
 	localstatedir = "/usr/var"
 	logdir = "/usr/var/log"
 	file = "/app/data/radius.log"
 }
	name = "radiusd"
	prefix = "/usr"
}
[Sun Apr 26 13:49:06 UTC 2026] radiusd exited with code 0. Restarting in 2s...
[Sun Apr 26 13:49:08 UTC 2026] Launching radiusd...
main {
 log {
 	destination = "stdout"
 	syslog_facility = "daemon"
 	localstatedir = "/usr/var"
 	logdir = "/usr/var/log"
 	file = "/app/data/radius.log"
 }
	name = "radiusd"
	prefix = "/usr"
}
[Sun Apr 26 13:49:08 UTC 2026] radiusd exited with code 0. Restarting in 2s...
[Sun Apr 26 13:49:10 UTC 2026] Launching radiusd...
main {
 log {
 	destination = "stdout"
 	syslog_facility = "daemon"
 	localstatedir = "/usr/var"
 	logdir = "/usr/var/log"
 	file = "/app/data/radius.log"
 }
	name = "radiusd"
	prefix = "/usr"
}
[Sun Apr 26 13:49:10 UTC 2026] radiusd exited with code 0. Restarting in 2s...
[Sun Apr 26 13:49:12 UTC 2026] Launching radiusd...
main {
 log {
 	destination = "stdout"
 	syslog_facility = "daemon"
 	localstatedir = "/usr/var"
 	logdir = "/usr/var/log"
 	file = "/app/data/radius.log"
 }
	name = "radiusd"
	prefix = "/usr"
}
[Sun Apr 26 13:49:13 UTC 2026] radiusd exited with code 0. Restarting in 2s...
[Sun Apr 26 13:49:15 UTC 2026] Launching radiusd...
main {
 log {
 	destination = "stdout"
 	syslog_facility = "daemon"
 	localstatedir = "/usr/var"
 	logdir = "/usr/var/log"
 	file = "/app/data/radius.log"
 }
	name = "radiusd"
	prefix = "/usr"
}
[Sun Apr 26 13:49:15 UTC 2026] radiusd exited with code 0. Restarting in 2s...
[Sun Apr 26 13:49:17 UTC 2026] Launching radiusd...
main {
 log {
 	destination = "stdout"
 	syslog_facility = "daemon"
 	localstatedir = "/usr/var"
 	logdir = "/usr/var/log"
 	file = "/app/data/radius.log"
 }
	name = "radiusd"
	prefix = "/usr"
}
[Sun Apr 26 13:49:18 UTC 2026] radiusd exited with code 0. Restarting in 2s...
[Sun Apr 26 13:49:20 UTC 2026] Launching radiusd...
main {
 log {
 	destination = "stdout"
 	syslog_facility = "daemon"
 	localstatedir = "/usr/var"
 	logdir = "/usr/var/log"
 	file = "/app/data/radius.log"
 }
	name = "radiusd"
	prefix = "/usr"
}
[Sun Apr 26 13:49:20 UTC 2026] radiusd exited with code 0. Restarting in 2s...
[Sun Apr 26 13:49:22 UTC 2026] Launching radiusd...
main {
 log {
 	destination = "stdout"
 	syslog_facility = "daemon"
 	localstatedir = "/usr/var"
 	logdir = "/usr/var/log"
 	file = "/app/data/radius.log"
 }
	name = "radiusd"
	prefix = "/usr"
}
[Sun Apr 26 13:49:22 UTC 2026] radiusd exited with code 0. Restarting in 2s...
[Sun Apr 26 13:49:24 UTC 2026] Launching radiusd...
main {
 log {
 	destination = "stdout"
 	syslog_facility = "daemon"
 	localstatedir = "/usr/var"
 	logdir = "/usr/var/log"
 	file = "/app/data/radius.log"
 }
	name = "radiusd"
	prefix = "/usr"
}
[Sun Apr 26 13:49:25 UTC 2026] radiusd exited with code 0. Restarting in 2s...
[Sun Apr 26 13:49:27 UTC 2026] Launching radiusd...
main {
 log {
 	destination = "stdout"
 	syslog_facility = "daemon"
 	localstatedir = "/usr/var"
 	logdir = "/usr/var/log"
 	file = "/app/data/radius.log"
 }
	name = "radiusd"
	prefix = "/usr"
}
[Sun Apr 26 13:49:27 UTC 2026] radiusd exited with code 0. Restarting in 2s...
[Sun Apr 26 13:49:29 UTC 2026] Launching radiusd...
main {
 log {
 	destination = "stdout"
 	syslog_facility = "daemon"
 	localstatedir = "/usr/var"
 	logdir = "/usr/var/log"
 	file = "/app/data/radius.log"
 }
	name = "radiusd"
	prefix = "/usr"
}
[Sun Apr 26 13:49:29 UTC 2026] radiusd exited with code 0. Restarting in 2s...
[Sun Apr 26 13:49:31 UTC 2026] Launching radiusd...
main {
 log {
 	destination = "stdout"
 	syslog_facility = "daemon"
 	localstatedir = "/usr/var"
 	logdir = "/usr/var/log"
 	file = "/app/data/radius.log"
 }
	name = "radiusd"
	prefix = "/usr"
}
[Sun Apr 26 13:49:31 UTC 2026] radiusd exited with code 0. Restarting in 2s...
[Sun Apr 26 13:49:33 UTC 2026] Launching radiusd...
main {
 log {
 	destination = "stdout"
 	syslog_facility = "daemon"
 	localstatedir = "/usr/var"
 	logdir = "/usr/var/log"
 	file = "/app/data/radius.log"
 }
	name = "radiusd"
	prefix = "/usr"
}
[Sun Apr 26 13:49:34 UTC 2026] radiusd exited with code 0. Restarting in 2s...
[Sun Apr 26 13:49:36 UTC 2026] Launching radiusd...
main {
 log {
 	destination = "stdout"
 	syslog_facility = "daemon"
 	localstatedir = "/usr/var"
 	logdir = "/usr/var/log"
 	file = "/app/data/radius.log"
 }
	name = "radiusd"
	prefix = "/usr"
}
[Sun Apr 26 13:49:36 UTC 2026] radiusd exited with code 0. Restarting in 2s...
[Sun Apr 26 13:49:38 UTC 2026] Launching radiusd...
main {
 log {
 	destination = "stdout"
 	syslog_facility = "daemon"
 	localstatedir = "/usr/var"
 	logdir = "/usr/var/log"
 	file = "/app/data/radius.log"
 }
	name = "radiusd"
	prefix = "/usr"
}
[Sun Apr 26 13:49:38 UTC 2026] radiusd exited with code 0. Restarting in 2s...
[Sun Apr 26 13:49:40 UTC 2026] Launching radiusd...
main {
 log {
 	destination = "stdout"
 	syslog_facility = "daemon"
 	localstatedir = "/usr/var"
 	logdir = "/usr/var/log"
 	file = "/app/data/radius.log"
 }
	name = "radiusd"
	prefix = "/usr"
}
[Sun Apr 26 13:49:41 UTC 2026] radiusd exited with code 0. Restarting in 2s...
[Sun Apr 26 13:49:43 UTC 2026] Launching radiusd...
main {
 log {
 	destination = "stdout"
 	syslog_facility = "daemon"
 	localstatedir = "/usr/var"
 	logdir = "/usr/var/log"
 	file = "/app/data/radius.log"
 }
	name = "radiusd"
	prefix = "/usr"
}
[Sun Apr 26 13:49:43 UTC 2026] radiusd exited with code 0. Restarting in 2s...
[Sun Apr 26 13:49:45 UTC 2026] Launching radiusd...
main {
 log {
 	destination = "stdout"
 	syslog_facility = "daemon"
 	localstatedir = "/usr/var"
 	logdir = "/usr/var/log"
 	file = "/app/data/radius.log"
 }
	name = "radiusd"
	prefix = "/usr"
}
[Sun Apr 26 13:49:46 UTC 2026] radiusd exited with code 0. Restarting in 2s...
[Sun Apr 26 13:49:48 UTC 2026] Launching radiusd...
main {
 log {
 	destination = "stdout"
 	syslog_facility = "daemon"
 	localstatedir = "/usr/var"
 	logdir = "/usr/var/log"
 	file = "/app/data/radius.log"
 }
	name = "radiusd"
	prefix = "/usr"
}
[Sun Apr 26 13:49:48 UTC 2026] radiusd exited with code 0. Restarting in 2s...
[Sun Apr 26 13:49:50 UTC 2026] Launching radiusd...
main {
 log {
 	destination = "stdout"
 	syslog_facility = "daemon"
 	localstatedir = "/usr/var"
 	logdir = "/usr/var/log"
 	file = "/app/data/radius.log"
 }
	name = "radiusd"
	prefix = "/usr"
}
[Sun Apr 26 13:49:51 UTC 2026] radiusd exited with code 0. Restarting in 2s...
[Sun Apr 26 13:49:53 UTC 2026] Launching radiusd...
main {
 log {
 	destination = "stdout"
 	syslog_facility = "daemon"
 	localstatedir = "/usr/var"
 	logdir = "/usr/var/log"
 	file = "/app/data/radius.log"
 }
	name = "radiusd"
	prefix = "/usr"
}
[Sun Apr 26 13:49:53 UTC 2026] radiusd exited with code 0. Restarting in 2s...
[Sun Apr 26 13:49:55 UTC 2026] Launching radiusd...
main {
 log {
 	destination = "stdout"
 	syslog_facility = "daemon"
 	localstatedir = "/usr/var"
 	logdir = "/usr/var/log"
 	file = "/app/data/radius.log"
 }
	name = "radiusd"
	prefix = "/usr"
}
[Sun Apr 26 13:49:55 UTC 2026] radiusd exited with code 0. Restarting in 2s...
[Sun Apr 26 13:49:57 UTC 2026] Launching radiusd...
main {
 log {
 	destination = "stdout"
 	syslog_facility = "daemon"
 	localstatedir = "/usr/var"
 	logdir = "/usr/var/log"
 	file = "/app/data/radius.log"
 }
	name = "radiusd"
	prefix = "/usr"
}
[Sun Apr 26 13:49:58 UTC 2026] radiusd exited with code 0. Restarting in 2s...
[Sun Apr 26 13:50:00 UTC 2026] Launching radiusd...
main {
 log {
 	destination = "stdout"
 	syslog_facility = "daemon"
 	localstatedir = "/usr/var"
 	logdir = "/usr/var/log"
 	file = "/app/data/radius.log"
 }
	name = "radiusd"
	prefix = "/usr"
}
[Sun Apr 26 13:50:00 UTC 2026] radiusd exited with code 0. Restarting in 2s...
[Sun Apr 26 13:50:02 UTC 2026] Launching radiusd...
main {
 log {
 	destination = "stdout"
 	syslog_facility = "daemon"
 	localstatedir = "/usr/var"
 	logdir = "/usr/var/log"
 	file = "/app/data/radius.log"
 }
	name = "radiusd"
	prefix = "/usr"
}
[Sun Apr 26 13:50:02 UTC 2026] radiusd exited with code 0. Restarting in 2s...
[Sun Apr 26 13:50:04 UTC 2026] Launching radiusd...
main {
 log {
 	destination = "stdout"
 	syslog_facility = "daemon"
 	localstatedir = "/usr/var"
 	logdir = "/usr/var/log"
 	file = "/app/data/radius.log"
 }
	name = "radiusd"
	prefix = "/usr"
}
[Sun Apr 26 13:50:04 UTC 2026] radiusd exited with code 0. Restarting in 2s...
[Sun Apr 26 13:50:06 UTC 2026] Launching radiusd...
main {
 log {
 	destination = "stdout"
 	syslog_facility = "daemon"
 	localstatedir = "/usr/var"
 	logdir = "/usr/var/log"
 	file = "/app/data/radius.log"
 }
	name = "radiusd"
	prefix = "/usr"
}
[Sun Apr 26 13:50:07 UTC 2026] radiusd exited with code 0. Restarting in 2s...
[Sun Apr 26 13:50:09 UTC 2026] Launching radiusd...
main {
 log {
 	destination = "stdout"
 	syslog_facility = "daemon"
 	localstatedir = "/usr/var"
 	logdir = "/usr/var/log"
 	file = "/app/data/radius.log"
 }
	name = "radiusd"
	prefix = "/usr"
}
[Sun Apr 26 13:50:09 UTC 2026] radiusd exited with code 0. Restarting in 2s...
[Sun Apr 26 13:50:11 UTC 2026] Launching radiusd...
main {
 log {
 	destination = "stdout"
 	syslog_facility = "daemon"
 	localstatedir = "/usr/var"
 	logdir = "/usr/var/log"
 	file = "/app/data/radius.log"
 }
	name = "radiusd"
	prefix = "/usr"
}
[Sun Apr 26 13:50:11 UTC 2026] radiusd exited with code 0. Restarting in 2s...
[Sun Apr 26 13:50:13 UTC 2026] Launching radiusd...
main {
 log {
 	destination = "stdout"
 	syslog_facility = "daemon"
 	localstatedir = "/usr/var"
 	logdir = "/usr/var/log"
 	file = "/app/data/radius.log"
 }
	name = "radiusd"
	prefix = "/usr"
}
[Sun Apr 26 13:50:13 UTC 2026] radiusd exited with code 0. Restarting in 2s...
[Sun Apr 26 13:50:15 UTC 2026] Launching radiusd...
main {
 log {
 	destination = "stdout"
 	syslog_facility = "daemon"
 	localstatedir = "/usr/var"
 	logdir = "/usr/var/log"
 	file = "/app/data/radius.log"
 }
	name = "radiusd"
	prefix = "/usr"
}
[Sun Apr 26 13:50:15 UTC 2026] radiusd exited with code 0. Restarting in 2s...
[Sun Apr 26 13:50:17 UTC 2026] Launching radiusd...
main {
 log {
 	destination = "stdout"
 	syslog_facility = "daemon"
 	localstatedir = "/usr/var"
 	logdir = "/usr/var/log"
 	file = "/app/data/radius.log"
 }
	name = "radiusd"
	prefix = "/usr"
}
[Sun Apr 26 13:50:18 UTC 2026] radiusd exited with code 0. Restarting in 2s...
[Sun Apr 26 13:50:20 UTC 2026] Launching radiusd...
main {
 log {
 	destination = "stdout"
 	syslog_facility = "daemon"
 	localstatedir = "/usr/var"
 	logdir = "/usr/var/log"
 	file = "/app/data/radius.log"
 }
	name = "radiusd"
	prefix = "/usr"
}
[Sun Apr 26 13:50:20 UTC 2026] radiusd exited with code 0. Restarting in 2s...
[Sun Apr 26 13:50:22 UTC 2026] Launching radiusd...
main {
 log {
 	destination = "stdout"
 	syslog_facility = "daemon"
 	localstatedir = "/usr/var"
 	logdir = "/usr/var/log"
 	file = "/app/data/radius.log"
 }
	name = "radiusd"
	prefix = "/usr"
}
[Sun Apr 26 13:50:22 UTC 2026] radiusd exited with code 0. Restarting in 2s...
[Sun Apr 26 13:50:24 UTC 2026] Launching radiusd...
main {
 log {
 	destination = "stdout"
 	syslog_facility = "daemon"
 	localstatedir = "/usr/var"
 	logdir = "/usr/var/log"
 	file = "/app/data/radius.log"
 }
	name = "radiusd"
	prefix = "/usr"
}
[Sun Apr 26 13:50:24 UTC 2026] radiusd exited with code 0. Restarting in 2s...
[Sun Apr 26 13:50:26 UTC 2026] Launching radiusd...
main {
 log {
 	destination = "stdout"
 	syslog_facility = "daemon"
 	localstatedir = "/usr/var"
 	logdir = "/usr/var/log"
 	file = "/app/data/radius.log"
 }
	name = "radiusd"
	prefix = "/usr"
}
[Sun Apr 26 13:50:27 UTC 2026] radiusd exited with code 0. Restarting in 2s...
[Sun Apr 26 13:50:29 UTC 2026] Launching radiusd...
main {
 log {
 	destination = "stdout"
 	syslog_facility = "daemon"
 	localstatedir = "/usr/var"
 	logdir = "/usr/var/log"
 	file = "/app/data/radius.log"
 }
	name = "radiusd"
	prefix = "/usr"
}
[Sun Apr 26 13:50:29 UTC 2026] radiusd exited with code 0. Restarting in 2s...
[Sun Apr 26 13:50:31 UTC 2026] Launching radiusd...
main {
 log {
 	destination = "stdout"
 	syslog_facility = "daemon"
 	localstatedir = "/usr/var"
 	logdir = "/usr/var/log"
 	file = "/app/data/radius.log"
 }
	name = "radiusd"
	prefix = "/usr"
}
[Sun Apr 26 13:50:32 UTC 2026] radiusd exited with code 0. Restarting in 2s...
[Sun Apr 26 13:50:34 UTC 2026] Launching radiusd...
main {
 log {
 	destination = "stdout"
 	syslog_facility = "daemon"
 	localstatedir = "/usr/var"
 	logdir = "/usr/var/log"
 	file = "/app/data/radius.log"
 }
	name = "radiusd"
	prefix = "/usr"
}
[Sun Apr 26 13:50:34 UTC 2026] radiusd exited with code 0. Restarting in 2s...
[Sun Apr 26 13:50:36 UTC 2026] Launching radiusd...
main {
 log {
 	destination = "stdout"
 	syslog_facility = "daemon"
 	localstatedir = "/usr/var"
 	logdir = "/usr/var/log"
 	file = "/app/data/radius.log"
 }
	name = "radiusd"
	prefix = "/usr"
}
[Sun Apr 26 13:50:36 UTC 2026] radiusd exited with code 0. Restarting in 2s...
[Sun Apr 26 13:50:38 UTC 2026] Launching radiusd...
main {
 log {
 	destination = "stdout"
 	syslog_facility = "daemon"
 	localstatedir = "/usr/var"
 	logdir = "/usr/var/log"
 	file = "/app/data/radius.log"
 }
	name = "radiusd"
	prefix = "/usr"
}
[Sun Apr 26 13:50:39 UTC 2026] radiusd exited with code 0. Restarting in 2s...
[Sun Apr 26 13:50:41 UTC 2026] Launching radiusd...
main {
 log {
 	destination = "stdout"
 	syslog_facility = "daemon"
 	localstatedir = "/usr/var"
 	logdir = "/usr/var/log"
 	file = "/app/data/radius.log"
 }
	name = "radiusd"
	prefix = "/usr"
}
[Sun Apr 26 13:50:42 UTC 2026] radiusd exited with code 0. Restarting in 2s...
[Sun Apr 26 13:50:44 UTC 2026] Launching radiusd...
main {
 log {
 	destination = "stdout"
 	syslog_facility = "daemon"
 	localstatedir = "/usr/var"
 	logdir = "/usr/var/log"
 	file = "/app/data/radius.log"
 }
	name = "radiusd"
	prefix = "/usr"
}
[Sun Apr 26 13:50:45 UTC 2026] radiusd exited with code 0. Restarting in 2s...
[Sun Apr 26 13:50:47 UTC 2026] Launching radiusd...
main {
 log {
 	destination = "stdout"
 	syslog_facility = "daemon"
 	localstatedir = "/usr/var"
 	logdir = "/usr/var/log"
 	file = "/app/data/radius.log"
 }
	name = "radiusd"
	prefix = "/usr"
}
[Sun Apr 26 13:50:48 UTC 2026] radiusd exited with code 0. Restarting in 2s...
[Sun Apr 26 13:50:50 UTC 2026] Launching radiusd...
main {
 log {
 	destination = "stdout"
 	syslog_facility = "daemon"
 	localstatedir = "/usr/var"
 	logdir = "/usr/var/log"
 	file = "/app/data/radius.log"
 }
	name = "radiusd"
	prefix = "/usr"
}
[Sun Apr 26 13:50:52 UTC 2026] radiusd exited with code 0. Restarting in 2s...
[Sun Apr 26 13:50:54 UTC 2026] Launching radiusd...
main {
 log {
 	destination = "stdout"
 	syslog_facility = "daemon"
 	localstatedir = "/usr/var"
 	logdir = "/usr/var/log"
 	file = "/app/data/radius.log"
 }
	name = "radiusd"
	prefix = "/usr"
}
[Sun Apr 26 13:50:54 UTC 2026] radiusd exited with code 0. Restarting in 2s...
[Sun Apr 26 13:50:56 UTC 2026] Launching radiusd...
main {
 log {
 	destination = "stdout"
 	syslog_facility = "daemon"
 	localstatedir = "/usr/var"
 	logdir = "/usr/var/log"
 	file = "/app/data/radius.log"
 }
	name = "radiusd"
	prefix = "/usr"
}
[Sun Apr 26 13:50:57 UTC 2026] radiusd exited with code 0. Restarting in 2s...
[Sun Apr 26 13:50:59 UTC 2026] Launching radiusd...
main {
 log {
 	destination = "stdout"
 	syslog_facility = "daemon"
 	localstatedir = "/usr/var"
 	logdir = "/usr/var/log"
 	file = "/app/data/radius.log"
 }
	name = "radiusd"
	prefix = "/usr"
}
[Sun Apr 26 13:50:59 UTC 2026] radiusd exited with code 0. Restarting in 2s...
[Sun Apr 26 13:51:01 UTC 2026] Launching radiusd...
main {
 log {
 	destination = "stdout"
 	syslog_facility = "daemon"
 	localstatedir = "/usr/var"
 	logdir = "/usr/var/log"
 	file = "/app/data/radius.log"
 }
	name = "radiusd"
	prefix = "/usr"
}
[Sun Apr 26 13:51:01 UTC 2026] radiusd exited with code 0. Restarting in 2s...
[Sun Apr 26 13:51:03 UTC 2026] Launching radiusd...
main {
 log {
 	destination = "stdout"
 	syslog_facility = "daemon"
 	localstatedir = "/usr/var"
 	logdir = "/usr/var/log"
 	file = "/app/data/radius.log"
 }
	name = "radiusd"
	prefix = "/usr"
}
[Sun Apr 26 13:51:04 UTC 2026] radiusd exited with code 0. Restarting in 2s...
[Sun Apr 26 13:51:06 UTC 2026] Launching radiusd...
main {
 log {
 	destination = "stdout"
 	syslog_facility = "daemon"
 	localstatedir = "/usr/var"
 	logdir = "/usr/var/log"
 	file = "/app/data/radius.log"
 }
	name = "radiusd"
	prefix = "/usr"
}
[Sun Apr 26 13:51:08 UTC 2026] radiusd exited with code 0. Restarting in 2s...
[Sun Apr 26 13:51:10 UTC 2026] Launching radiusd...
main {
 log {
 	destination = "stdout"
 	syslog_facility = "daemon"
 	localstatedir = "/usr/var"
 	logdir = "/usr/var/log"
 	file = "/app/data/radius.log"
 }
	name = "radiusd"
	prefix = "/usr"
}
[Sun Apr 26 13:51:11 UTC 2026] radiusd exited with code 0. Restarting in 2s...
[Sun Apr 26 13:51:14 UTC 2026] Launching radiusd...
main {
 log {
 	destination = "stdout"
 	syslog_facility = "daemon"
 	localstatedir = "/usr/var"
 	logdir = "/usr/var/log"
 	file = "/app/data/radius.log"
 }
	name = "radiusd"
	prefix = "/usr"
}
[Sun Apr 26 13:51:16 UTC 2026] radiusd exited with code 0. Restarting in 2s...
[Sun Apr 26 13:51:18 UTC 2026] Launching radiusd...
main {
 log {
 	destination = "stdout"
 	syslog_facility = "daemon"
 	localstatedir = "/usr/var"
 	logdir = "/usr/var/log"
 	file = "/app/data/radius.log"
 }
	name = "radiusd"
	prefix = "/usr"
}
[Sun Apr 26 13:51:20 UTC 2026] radiusd exited with code 0. Restarting in 2s...
[Sun Apr 26 13:51:22 UTC 2026] Launching radiusd...
main {
 log {
 	destination = "stdout"
 	syslog_facility = "daemon"
 	localstatedir = "/usr/var"
 	logdir = "/usr/var/log"
 	file = "/app/data/radius.log"
 }
	name = "radiusd"
	prefix = "/usr"
}
[Sun Apr 26 13:51:24 UTC 2026] radiusd exited with code 0. Restarting in 2s...
[Sun Apr 26 13:51:26 UTC 2026] Launching radiusd...
main {
 log {
 	destination = "stdout"
 	syslog_facility = "daemon"
 	localstatedir = "/usr/var"
 	logdir = "/usr/var/log"
 	file = "/app/data/radius.log"
 }
	name = "radiusd"
	prefix = "/usr"
}
[Sun Apr 26 13:51:26 UTC 2026] radiusd exited with code 0. Restarting in 2s...
[Sun Apr 26 13:51:28 UTC 2026] Launching radiusd...
main {
 log {
 	destination = "stdout"
 	syslog_facility = "daemon"
 	localstatedir = "/usr/var"
 	logdir = "/usr/var/log"
 	file = "/app/data/radius.log"
 }
	name = "radiusd"
	prefix = "/usr"
}
[Sun Apr 26 13:51:29 UTC 2026] radiusd exited with code 0. Restarting in 2s...
[Sun Apr 26 13:51:31 UTC 2026] Launching radiusd...
main {
 log {
 	destination = "stdout"
 	syslog_facility = "daemon"
 	localstatedir = "/usr/var"
 	logdir = "/usr/var/log"
 	file = "/app/data/radius.log"
 }
	name = "radiusd"
	prefix = "/usr"
}
[Sun Apr 26 13:51:31 UTC 2026] radiusd exited with code 0. Restarting in 2s...
[Sun Apr 26 13:51:33 UTC 2026] Launching radiusd...
main {
 log {
 	destination = "stdout"
 	syslog_facility = "daemon"
 	localstatedir = "/usr/var"
 	logdir = "/usr/var/log"
 	file = "/app/data/radius.log"
 }
	name = "radiusd"
	prefix = "/usr"
}
[Sun Apr 26 13:51:33 UTC 2026] radiusd exited with code 0. Restarting in 2s...
[Sun Apr 26 13:51:35 UTC 2026] Launching radiusd...
main {
 log {
 	destination = "stdout"
 	syslog_facility = "daemon"
 	localstatedir = "/usr/var"
 	logdir = "/usr/var/log"
 	file = "/app/data/radius.log"
 }
	name = "radiusd"
	prefix = "/usr"
}
[Sun Apr 26 13:51:35 UTC 2026] radiusd exited with code 0. Restarting in 2s...
[Sun Apr 26 13:51:37 UTC 2026] Launching radiusd...
main {
 log {
 	destination = "stdout"
 	syslog_facility = "daemon"
 	localstatedir = "/usr/var"
 	logdir = "/usr/var/log"
 	file = "/app/data/radius.log"
 }
	name = "radiusd"
	prefix = "/usr"
}
[Sun Apr 26 13:51:38 UTC 2026] radiusd exited with code 0. Restarting in 2s...
[Sun Apr 26 13:51:40 UTC 2026] Launching radiusd...
main {
 log {
 	destination = "stdout"
 	syslog_facility = "daemon"
 	localstatedir = "/usr/var"
 	logdir = "/usr/var/log"
 	file = "/app/data/radius.log"
 }
	name = "radiusd"
	prefix = "/usr"
}
[Sun Apr 26 13:51:40 UTC 2026] radiusd exited with code 0. Restarting in 2s...
[Sun Apr 26 13:51:42 UTC 2026] Launching radiusd...
main {
 log {
 	destination = "stdout"
 	syslog_facility = "daemon"
 	localstatedir = "/usr/var"
 	logdir = "/usr/var/log"
 	file = "/app/data/radius.log"
 }
	name = "radiusd"
	prefix = "/usr"
}
[Sun Apr 26 13:51:42 UTC 2026] radiusd exited with code 0. Restarting in 2s...
[Sun Apr 26 13:51:44 UTC 2026] Launching radiusd...
main {
 log {
 	destination = "stdout"
 	syslog_facility = "daemon"
 	localstatedir = "/usr/var"
 	logdir = "/usr/var/log"
 	file = "/app/data/radius.log"
 }
	name = "radiusd"
	prefix = "/usr"
}
[Sun Apr 26 13:51:45 UTC 2026] radiusd exited with code 0. Restarting in 2s...
[Sun Apr 26 13:51:47 UTC 2026] Launching radiusd...
main {
 log {
 	destination = "stdout"
 	syslog_facility = "daemon"
 	localstatedir = "/usr/var"
 	logdir = "/usr/var/log"
 	file = "/app/data/radius.log"
 }
	name = "radiusd"
	prefix = "/usr"
}
[Sun Apr 26 13:51:47 UTC 2026] radiusd exited with code 0. Restarting in 2s...
[Sun Apr 26 13:51:49 UTC 2026] Launching radiusd...
main {
 log {
 	destination = "stdout"
 	syslog_facility = "daemon"
 	localstatedir = "/usr/var"
 	logdir = "/usr/var/log"
 	file = "/app/data/radius.log"
 }
	name = "radiusd"
	prefix = "/usr"
}
[Sun Apr 26 13:51:50 UTC 2026] radiusd exited with code 0. Restarting in 2s...
[Sun Apr 26 13:51:52 UTC 2026] Launching radiusd...
main {
 log {
 	destination = "stdout"
 	syslog_facility = "daemon"
 	localstatedir = "/usr/var"
 	logdir = "/usr/var/log"
 	file = "/app/data/radius.log"
 }
	name = "radiusd"
	prefix = "/usr"
}
[Sun Apr 26 13:51:52 UTC 2026] radiusd exited with code 0. Restarting in 2s...
[Sun Apr 26 13:51:54 UTC 2026] Launching radiusd...
main {
 log {
 	destination = "stdout"
 	syslog_facility = "daemon"
 	localstatedir = "/usr/var"
 	logdir = "/usr/var/log"
 	file = "/app/data/radius.log"
 }
	name = "radiusd"
	prefix = "/usr"
}
[Sun Apr 26 13:51:55 UTC 2026] radiusd exited with code 0. Restarting in 2s...
[Sun Apr 26 13:51:57 UTC 2026] Launching radiusd...
main {
 log {
 	destination = "stdout"
 	syslog_facility = "daemon"
 	localstatedir = "/usr/var"
 	logdir = "/usr/var/log"
 	file = "/app/data/radius.log"
 }
	name = "radiusd"
	prefix = "/usr"
}
[Sun Apr 26 13:51:57 UTC 2026] radiusd exited with code 0. Restarting in 2s...
[Sun Apr 26 13:51:59 UTC 2026] Launching radiusd...
main {
 log {
 	destination = "stdout"
 	syslog_facility = "daemon"
 	localstatedir = "/usr/var"
 	logdir = "/usr/var/log"
 	file = "/app/data/radius.log"
 }
	name = "radiusd"
	prefix = "/usr"
}
[Sun Apr 26 13:51:59 UTC 2026] radiusd exited with code 0. Restarting in 2s...
[Sun Apr 26 13:52:01 UTC 2026] Launching radiusd...
main {
 log {
 	destination = "stdout"
 	syslog_facility = "daemon"
 	localstatedir = "/usr/var"
 	logdir = "/usr/var/log"
 	file = "/app/data/radius.log"
 }
	name = "radiusd"
	prefix = "/usr"
}
[Sun Apr 26 13:52:01 UTC 2026] radiusd exited with code 0. Restarting in 2s...
[Sun Apr 26 13:52:03 UTC 2026] Launching radiusd...
main {
 log {
 	destination = "stdout"
 	syslog_facility = "daemon"
 	localstatedir = "/usr/var"
 	logdir = "/usr/var/log"
 	file = "/app/data/radius.log"
 }
	name = "radiusd"
	prefix = "/usr"
}
[Sun Apr 26 13:52:04 UTC 2026] radiusd exited with code 0. Restarting in 2s...
[Sun Apr 26 13:52:06 UTC 2026] Launching radiusd...
main {
 log {
 	destination = "stdout"
 	syslog_facility = "daemon"
 	localstatedir = "/usr/var"
 	logdir = "/usr/var/log"
 	file = "/app/data/radius.log"
 }
	name = "radiusd"
	prefix = "/usr"
}
[Sun Apr 26 13:52:06 UTC 2026] radiusd exited with code 0. Restarting in 2s...
[Sun Apr 26 13:52:08 UTC 2026] Launching radiusd...
main {
 log {
 	destination = "stdout"
 	syslog_facility = "daemon"
 	localstatedir = "/usr/var"
 	logdir = "/usr/var/log"
 	file = "/app/data/radius.log"
 }
	name = "radiusd"
	prefix = "/usr"
}
[Sun Apr 26 13:52:08 UTC 2026] radiusd exited with code 0. Restarting in 2s...
[Sun Apr 26 13:52:10 UTC 2026] Launching radiusd...
main {
 log {
 	destination = "stdout"
 	syslog_facility = "daemon"
 	localstatedir = "/usr/var"
 	logdir = "/usr/var/log"
 	file = "/app/data/radius.log"
 }
	name = "radiusd"
	prefix = "/usr"
}
[Sun Apr 26 13:52:10 UTC 2026] radiusd exited with code 0. Restarting in 2s...
[Sun Apr 26 13:52:12 UTC 2026] Launching radiusd...
main {
 log {
 	destination = "stdout"
 	syslog_facility = "daemon"
 	localstatedir = "/usr/var"
 	logdir = "/usr/var/log"
 	file = "/app/data/radius.log"
 }
	name = "radiusd"
	prefix = "/usr"
}
[Sun Apr 26 13:52:13 UTC 2026] radiusd exited with code 0. Restarting in 2s...
[Sun Apr 26 13:52:15 UTC 2026] Launching radiusd...
main {
 log {
 	destination = "stdout"
 	syslog_facility = "daemon"
 	localstatedir = "/usr/var"
 	logdir = "/usr/var/log"
 	file = "/app/data/radius.log"
 }
	name = "radiusd"
	prefix = "/usr"
}
[Sun Apr 26 13:52:15 UTC 2026] radiusd exited with code 0. Restarting in 2s...
[Sun Apr 26 13:52:17 UTC 2026] Launching radiusd...
main {
 log {
 	destination = "stdout"
 	syslog_facility = "daemon"
 	localstatedir = "/usr/var"
 	logdir = "/usr/var/log"
 	file = "/app/data/radius.log"
 }
	name = "radiusd"
	prefix = "/usr"
}
[Sun Apr 26 13:52:17 UTC 2026] radiusd exited with code 0. Restarting in 2s...
[Sun Apr 26 13:52:19 UTC 2026] Launching radiusd...
main {
 log {
 	destination = "stdout"
 	syslog_facility = "daemon"
 	localstatedir = "/usr/var"
 	logdir = "/usr/var/log"
 	file = "/app/data/radius.log"
 }
	name = "radiusd"
	prefix = "/usr"
}
[Sun Apr 26 13:52:20 UTC 2026] radiusd exited with code 0. Restarting in 2s...
[Sun Apr 26 13:52:22 UTC 2026] Launching radiusd...
main {
 log {
 	destination = "stdout"
 	syslog_facility = "daemon"
 	localstatedir = "/usr/var"
 	logdir = "/usr/var/log"
 	file = "/app/data/radius.log"
 }
	name = "radiusd"
	prefix = "/usr"
}
[Sun Apr 26 13:52:22 UTC 2026] radiusd exited with code 0. Restarting in 2s...
[Sun Apr 26 13:52:24 UTC 2026] Launching radiusd...
main {
 log {
 	destination = "stdout"
 	syslog_facility = "daemon"
 	localstatedir = "/usr/var"
 	logdir = "/usr/var/log"
 	file = "/app/data/radius.log"
 }
	name = "radiusd"
	prefix = "/usr"
}
[Sun Apr 26 13:52:24 UTC 2026] radiusd exited with code 0. Restarting in 2s...
[Sun Apr 26 13:52:26 UTC 2026] Launching radiusd...
main {
 log {
 	destination = "stdout"
 	syslog_facility = "daemon"
 	localstatedir = "/usr/var"
 	logdir = "/usr/var/log"
 	file = "/app/data/radius.log"
 }
	name = "radiusd"
	prefix = "/usr"
}
[Sun Apr 26 13:52:27 UTC 2026] radiusd exited with code 0. Restarting in 2s...
[Sun Apr 26 13:52:29 UTC 2026] Launching radiusd...
main {
 log {
 	destination = "stdout"
 	syslog_facility = "daemon"
 	localstatedir = "/usr/var"
 	logdir = "/usr/var/log"
 	file = "/app/data/radius.log"
 }
	name = "radiusd"
	prefix = "/usr"
}
[Sun Apr 26 13:52:29 UTC 2026] radiusd exited with code 0. Restarting in 2s...
[Sun Apr 26 13:52:31 UTC 2026] Launching radiusd...
main {
 log {
 	destination = "stdout"
 	syslog_facility = "daemon"
 	localstatedir = "/usr/var"
 	logdir = "/usr/var/log"
 	file = "/app/data/radius.log"
 }
	name = "radiusd"
	prefix = "/usr"
}
[Sun Apr 26 13:52:32 UTC 2026] radiusd exited with code 0. Restarting in 2s...
[Sun Apr 26 13:52:34 UTC 2026] Launching radiusd...
main {
 log {
 	destination = "stdout"
 	syslog_facility = "daemon"
 	localstatedir = "/usr/var"
 	logdir = "/usr/var/log"
 	file = "/app/data/radius.log"
 }
	name = "radiusd"
	prefix = "/usr"
}
[Sun Apr 26 13:52:34 UTC 2026] radiusd exited with code 0. Restarting in 2s...
[Sun Apr 26 13:52:36 UTC 2026] Launching radiusd...
main {
 log {
 	destination = "stdout"
 	syslog_facility = "daemon"
 	localstatedir = "/usr/var"
 	logdir = "/usr/var/log"
 	file = "/app/data/radius.log"
 }
	name = "radiusd"
	prefix = "/usr"
}
[Sun Apr 26 13:52:36 UTC 2026] radiusd exited with code 0. Restarting in 2s...
[Sun Apr 26 13:52:38 UTC 2026] Launching radiusd...
main {
 log {
 	destination = "stdout"
 	syslog_facility = "daemon"
 	localstatedir = "/usr/var"
 	logdir = "/usr/var/log"
 	file = "/app/data/radius.log"
 }
	name = "radiusd"
	prefix = "/usr"
}
[Sun Apr 26 13:52:38 UTC 2026] radiusd exited with code 0. Restarting in 2s...
[Sun Apr 26 13:52:40 UTC 2026] Launching radiusd...
main {
 log {
 	destination = "stdout"
 	syslog_facility = "daemon"
 	localstatedir = "/usr/var"
 	logdir = "/usr/var/log"
 	file = "/app/data/radius.log"
 }
	name = "radiusd"
	prefix = "/usr"
}
[Sun Apr 26 13:52:41 UTC 2026] radiusd exited with code 0. Restarting in 2s...
[Sun Apr 26 13:52:43 UTC 2026] Launching radiusd...
main {
 log {
 	destination = "stdout"
 	syslog_facility = "daemon"
 	localstatedir = "/usr/var"
 	logdir = "/usr/var/log"
 	file = "/app/data/radius.log"
 }
	name = "radiusd"
	prefix = "/usr"
}
[Sun Apr 26 13:52:43 UTC 2026] radiusd exited with code 0. Restarting in 2s...
[Sun Apr 26 13:52:45 UTC 2026] Launching radiusd...
main {
 log {
 	destination = "stdout"
 	syslog_facility = "daemon"
 	localstatedir = "/usr/var"
 	logdir = "/usr/var/log"
 	file = "/app/data/radius.log"
 }
	name = "radiusd"
	prefix = "/usr"
}
[Sun Apr 26 13:52:45 UTC 2026] radiusd exited with code 0. Restarting in 2s...
[Sun Apr 26 13:52:47 UTC 2026] Launching radiusd...
main {
 log {
 	destination = "stdout"
 	syslog_facility = "daemon"
 	localstatedir = "/usr/var"
 	logdir = "/usr/var/log"
 	file = "/app/data/radius.log"
 }
	name = "radiusd"
	prefix = "/usr"
}
[Sun Apr 26 13:52:47 UTC 2026] radiusd exited with code 0. Restarting in 2s...
[Sun Apr 26 13:52:49 UTC 2026] Launching radiusd...
main {
 log {
 	destination = "stdout"
 	syslog_facility = "daemon"
 	localstatedir = "/usr/var"
 	logdir = "/usr/var/log"
 	file = "/app/data/radius.log"
 }
	name = "radiusd"
	prefix = "/usr"
}
[Sun Apr 26 13:52:50 UTC 2026] radiusd exited with code 0. Restarting in 2s...
[Sun Apr 26 13:52:52 UTC 2026] Launching radiusd...
main {
 log {
 	destination = "stdout"
 	syslog_facility = "daemon"
 	localstatedir = "/usr/var"
 	logdir = "/usr/var/log"
 	file = "/app/data/radius.log"
 }
	name = "radiusd"
	prefix = "/usr"
}
[Sun Apr 26 13:52:52 UTC 2026] radiusd exited with code 0. Restarting in 2s...
[Sun Apr 26 13:52:54 UTC 2026] Launching radiusd...
main {
 log {
 	destination = "stdout"
 	syslog_facility = "daemon"
 	localstatedir = "/usr/var"
 	logdir = "/usr/var/log"
 	file = "/app/data/radius.log"
 }
	name = "radiusd"
	prefix = "/usr"
}
[Sun Apr 26 13:52:54 UTC 2026] radiusd exited with code 0. Restarting in 2s...
[Sun Apr 26 13:52:56 UTC 2026] Launching radiusd...
main {
 log {
 	destination = "stdout"
 	syslog_facility = "daemon"
 	localstatedir = "/usr/var"
 	logdir = "/usr/var/log"
 	file = "/app/data/radius.log"
 }
	name = "radiusd"
	prefix = "/usr"
}
[Sun Apr 26 13:52:57 UTC 2026] radiusd exited with code 0. Restarting in 2s...
[Sun Apr 26 13:52:59 UTC 2026] Launching radiusd...
main {
 log {
 	destination = "stdout"
 	syslog_facility = "daemon"
 	localstatedir = "/usr/var"
 	logdir = "/usr/var/log"
 	file = "/app/data/radius.log"
 }
	name = "radiusd"
	prefix = "/usr"
}
[Sun Apr 26 13:52:59 UTC 2026] radiusd exited with code 0. Restarting in 2s...
[Sun Apr 26 13:53:01 UTC 2026] Launching radiusd...
main {
 log {
 	destination = "stdout"
 	syslog_facility = "daemon"
 	localstatedir = "/usr/var"
 	logdir = "/usr/var/log"
 	file = "/app/data/radius.log"
 }
	name = "radiusd"
	prefix = "/usr"
}
[Sun Apr 26 13:53:02 UTC 2026] radiusd exited with code 0. Restarting in 2s...
[Sun Apr 26 13:53:04 UTC 2026] Launching radiusd...
main {
 log {
 	destination = "stdout"
 	syslog_facility = "daemon"
 	localstatedir = "/usr/var"
 	logdir = "/usr/var/log"
 	file = "/app/data/radius.log"
 }
	name = "radiusd"
	prefix = "/usr"
}
[Sun Apr 26 13:53:04 UTC 2026] radiusd exited with code 0. Restarting in 2s...
[Sun Apr 26 13:53:06 UTC 2026] Launching radiusd...
main {
 log {
 	destination = "stdout"
 	syslog_facility = "daemon"
 	localstatedir = "/usr/var"
 	logdir = "/usr/var/log"
 	file = "/app/data/radius.log"
 }
	name = "radiusd"
	prefix = "/usr"
}
[Sun Apr 26 13:53:06 UTC 2026] radiusd exited with code 0. Restarting in 2s...
[Sun Apr 26 13:53:08 UTC 2026] Launching radiusd...
main {
 log {
 	destination = "stdout"
 	syslog_facility = "daemon"
 	localstatedir = "/usr/var"
 	logdir = "/usr/var/log"
 	file = "/app/data/radius.log"
 }
	name = "radiusd"
	prefix = "/usr"
}
[Sun Apr 26 13:53:08 UTC 2026] radiusd exited with code 0. Restarting in 2s...
[Sun Apr 26 13:53:11 UTC 2026] Launching radiusd...
main {
 log {
 	destination = "stdout"
 	syslog_facility = "daemon"
 	localstatedir = "/usr/var"
 	logdir = "/usr/var/log"
 	file = "/app/data/radius.log"
 }
	name = "radiusd"
	prefix = "/usr"
}
[Sun Apr 26 13:53:11 UTC 2026] radiusd exited with code 0. Restarting in 2s...
[Sun Apr 26 13:53:13 UTC 2026] Launching radiusd...
main {
 log {
 	destination = "stdout"
 	syslog_facility = "daemon"
 	localstatedir = "/usr/var"
 	logdir = "/usr/var/log"
 	file = "/app/data/radius.log"
 }
	name = "radiusd"
	prefix = "/usr"
}
[Sun Apr 26 13:53:13 UTC 2026] radiusd exited with code 0. Restarting in 2s...
[Sun Apr 26 13:53:15 UTC 2026] Launching radiusd...
main {
 log {
 	destination = "stdout"
 	syslog_facility = "daemon"
 	localstatedir = "/usr/var"
 	logdir = "/usr/var/log"
 	file = "/app/data/radius.log"
 }
	name = "radiusd"
	prefix = "/usr"
}
[Sun Apr 26 13:53:15 UTC 2026] radiusd exited with code 0. Restarting in 2s...
[Sun Apr 26 13:53:17 UTC 2026] Launching radiusd...
main {
 log {
 	destination = "stdout"
 	syslog_facility = "daemon"
 	localstatedir = "/usr/var"
 	logdir = "/usr/var/log"
 	file = "/app/data/radius.log"
 }
	name = "radiusd"
	prefix = "/usr"
}
[Sun Apr 26 13:53:17 UTC 2026] radiusd exited with code 0. Restarting in 2s...
[Sun Apr 26 13:53:19 UTC 2026] Launching radiusd...
main {
 log {
 	destination = "stdout"
 	syslog_facility = "daemon"
 	localstatedir = "/usr/var"
 	logdir = "/usr/var/log"
 	file = "/app/data/radius.log"
 }
	name = "radiusd"
	prefix = "/usr"
}
[Sun Apr 26 13:53:20 UTC 2026] radiusd exited with code 0. Restarting in 2s...
[Sun Apr 26 13:53:22 UTC 2026] Launching radiusd...
main {
 log {
 	destination = "stdout"
 	syslog_facility = "daemon"
 	localstatedir = "/usr/var"
 	logdir = "/usr/var/log"
 	file = "/app/data/radius.log"
 }
	name = "radiusd"
	prefix = "/usr"
}
[Sun Apr 26 13:53:22 UTC 2026] radiusd exited with code 0. Restarting in 2s...
[Sun Apr 26 13:53:24 UTC 2026] Launching radiusd...
main {
 log {
 	destination = "stdout"
 	syslog_facility = "daemon"
 	localstatedir = "/usr/var"
 	logdir = "/usr/var/log"
 	file = "/app/data/radius.log"
 }
	name = "radiusd"
	prefix = "/usr"
}
[Sun Apr 26 13:53:24 UTC 2026] radiusd exited with code 0. Restarting in 2s...
[Sun Apr 26 13:53:26 UTC 2026] Launching radiusd...
main {
 log {
 	destination = "stdout"
 	syslog_facility = "daemon"
 	localstatedir = "/usr/var"
 	logdir = "/usr/var/log"
 	file = "/app/data/radius.log"
 }
	name = "radiusd"
	prefix = "/usr"
}
[Sun Apr 26 13:53:26 UTC 2026] radiusd exited with code 0. Restarting in 2s...
[Sun Apr 26 13:53:29 UTC 2026] Launching radiusd...
main {
 log {
 	destination = "stdout"
 	syslog_facility = "daemon"
 	localstatedir = "/usr/var"
 	logdir = "/usr/var/log"
 	file = "/app/data/radius.log"
 }
	name = "radiusd"
	prefix = "/usr"
}
[Sun Apr 26 13:53:29 UTC 2026] radiusd exited with code 0. Restarting in 2s...
[Sun Apr 26 13:53:31 UTC 2026] Launching radiusd...
main {
 log {
 	destination = "stdout"
 	syslog_facility = "daemon"
 	localstatedir = "/usr/var"
 	logdir = "/usr/var/log"
 	file = "/app/data/radius.log"
 }
	name = "radiusd"
	prefix = "/usr"
}
[Sun Apr 26 13:53:31 UTC 2026] radiusd exited with code 0. Restarting in 2s...
[Sun Apr 26 13:53:33 UTC 2026] Launching radiusd...
main {
 log {
 	destination = "stdout"
 	syslog_facility = "daemon"
 	localstatedir = "/usr/var"
 	logdir = "/usr/var/log"
 	file = "/app/data/radius.log"
 }
	name = "radiusd"
	prefix = "/usr"
}
[Sun Apr 26 13:53:33 UTC 2026] radiusd exited with code 0. Restarting in 2s...
[Sun Apr 26 13:53:35 UTC 2026] Launching radiusd...
main {
 log {
 	destination = "stdout"
 	syslog_facility = "daemon"
 	localstatedir = "/usr/var"
 	logdir = "/usr/var/log"
 	file = "/app/data/radius.log"
 }
	name = "radiusd"
	prefix = "/usr"
}
[Sun Apr 26 13:53:36 UTC 2026] radiusd exited with code 0. Restarting in 2s...
[Sun Apr 26 13:53:37 UTC 2026] Launching radiusd...
main {
 log {
 	destination = "stdout"
 	syslog_facility = "daemon"
 	localstatedir = "/usr/var"
 	logdir = "/usr/var/log"
 	file = "/app/data/radius.log"
 }
	name = "radiusd"
	prefix = "/usr"
}
[Sun Apr 26 13:53:38 UTC 2026] radiusd exited with code 0. Restarting in 2s...
[Sun Apr 26 13:53:40 UTC 2026] Launching radiusd...
main {
 log {
 	destination = "stdout"
 	syslog_facility = "daemon"
 	localstatedir = "/usr/var"
 	logdir = "/usr/var/log"
 	file = "/app/data/radius.log"
 }
	name = "radiusd"
	prefix = "/usr"
}
[Sun Apr 26 13:53:40 UTC 2026] radiusd exited with code 0. Restarting in 2s...
[Sun Apr 26 13:53:42 UTC 2026] Launching radiusd...
main {
 log {
 	destination = "stdout"
 	syslog_facility = "daemon"
 	localstatedir = "/usr/var"
 	logdir = "/usr/var/log"
 	file = "/app/data/radius.log"
 }
	name = "radiusd"
	prefix = "/usr"
}
[Sun Apr 26 13:53:42 UTC 2026] radiusd exited with code 0. Restarting in 2s...
[Sun Apr 26 13:53:44 UTC 2026] Launching radiusd...
main {
 log {
 	destination = "stdout"
 	syslog_facility = "daemon"
 	localstatedir = "/usr/var"
 	logdir = "/usr/var/log"
 	file = "/app/data/radius.log"
 }
	name = "radiusd"
	prefix = "/usr"
}
[Sun Apr 26 13:53:45 UTC 2026] radiusd exited with code 0. Restarting in 2s...
[Sun Apr 26 13:53:47 UTC 2026] Launching radiusd...
main {
 log {
 	destination = "stdout"
 	syslog_facility = "daemon"
 	localstatedir = "/usr/var"
 	logdir = "/usr/var/log"
 	file = "/app/data/radius.log"
 }
	name = "radiusd"
	prefix = "/usr"
}
[Sun Apr 26 13:53:47 UTC 2026] radiusd exited with code 0. Restarting in 2s...
[Sun Apr 26 13:53:49 UTC 2026] Launching radiusd...
main {
 log {
 	destination = "stdout"
 	syslog_facility = "daemon"
 	localstatedir = "/usr/var"
 	logdir = "/usr/var/log"
 	file = "/app/data/radius.log"
 }
	name = "radiusd"
	prefix = "/usr"
}
[Sun Apr 26 13:53:49 UTC 2026] radiusd exited with code 0. Restarting in 2s...
[Sun Apr 26 13:53:51 UTC 2026] Launching radiusd...
main {
 log {
 	destination = "stdout"
 	syslog_facility = "daemon"
 	localstatedir = "/usr/var"
 	logdir = "/usr/var/log"
 	file = "/app/data/radius.log"
 }
	name = "radiusd"
	prefix = "/usr"
}
[Sun Apr 26 13:53:51 UTC 2026] radiusd exited with code 0. Restarting in 2s...
[Sun Apr 26 13:53:53 UTC 2026] Launching radiusd...
main {
 log {
 	destination = "stdout"
 	syslog_facility = "daemon"
 	localstatedir = "/usr/var"
 	logdir = "/usr/var/log"
 	file = "/app/data/radius.log"
 }
	name = "radiusd"
	prefix = "/usr"
}
[Sun Apr 26 13:53:54 UTC 2026] radiusd exited with code 0. Restarting in 2s...
[Sun Apr 26 13:53:56 UTC 2026] Launching radiusd...
main {
 log {
 	destination = "stdout"
 	syslog_facility = "daemon"
 	localstatedir = "/usr/var"
 	logdir = "/usr/var/log"
 	file = "/app/data/radius.log"
 }
	name = "radiusd"
	prefix = "/usr"
}
[Sun Apr 26 13:53:56 UTC 2026] radiusd exited with code 0. Restarting in 2s...
[Sun Apr 26 13:53:58 UTC 2026] Launching radiusd...
main {
 log {
 	destination = "stdout"
 	syslog_facility = "daemon"
 	localstatedir = "/usr/var"
 	logdir = "/usr/var/log"
 	file = "/app/data/radius.log"
 }
	name = "radiusd"
	prefix = "/usr"
}
[Sun Apr 26 13:53:59 UTC 2026] radiusd exited with code 0. Restarting in 2s...
[Sun Apr 26 13:54:01 UTC 2026] Launching radiusd...
main {
 log {
 	destination = "stdout"
 	syslog_facility = "daemon"
 	localstatedir = "/usr/var"
 	logdir = "/usr/var/log"
 	file = "/app/data/radius.log"
 }
	name = "radiusd"
	prefix = "/usr"
}
[Sun Apr 26 13:54:01 UTC 2026] radiusd exited with code 0. Restarting in 2s...
[Sun Apr 26 13:54:03 UTC 2026] Launching radiusd...
main {
 log {
 	destination = "stdout"
 	syslog_facility = "daemon"
 	localstatedir = "/usr/var"
 	logdir = "/usr/var/log"
 	file = "/app/data/radius.log"
 }
	name = "radiusd"
	prefix = "/usr"
}
[Sun Apr 26 13:54:03 UTC 2026] radiusd exited with code 0. Restarting in 2s...
[Sun Apr 26 13:54:05 UTC 2026] Launching radiusd...
main {
 log {
 	destination = "stdout"
 	syslog_facility = "daemon"
 	localstatedir = "/usr/var"
 	logdir = "/usr/var/log"
 	file = "/app/data/radius.log"
 }
	name = "radiusd"
	prefix = "/usr"
}
[Sun Apr 26 13:54:06 UTC 2026] radiusd exited with code 0. Restarting in 2s...
[Sun Apr 26 13:54:07 UTC 2026] Launching radiusd...
main {
 log {
 	destination = "stdout"
 	syslog_facility = "daemon"
 	localstatedir = "/usr/var"
 	logdir = "/usr/var/log"
 	file = "/app/data/radius.log"
 }
	name = "radiusd"
	prefix = "/usr"
}
[Sun Apr 26 13:54:08 UTC 2026] radiusd exited with code 0. Restarting in 2s...
[Sun Apr 26 13:54:10 UTC 2026] Launching radiusd...
main {
 log {
 	destination = "stdout"
 	syslog_facility = "daemon"
 	localstatedir = "/usr/var"
 	logdir = "/usr/var/log"
 	file = "/app/data/radius.log"
 }
	name = "radiusd"
	prefix = "/usr"
}
[Sun Apr 26 13:54:10 UTC 2026] radiusd exited with code 0. Restarting in 2s...
[Sun Apr 26 13:54:12 UTC 2026] Launching radiusd...
main {
 log {
 	destination = "stdout"
 	syslog_facility = "daemon"
 	localstatedir = "/usr/var"
 	logdir = "/usr/var/log"
 	file = "/app/data/radius.log"
 }
	name = "radiusd"
	prefix = "/usr"
}
[Sun Apr 26 13:54:12 UTC 2026] radiusd exited with code 0. Restarting in 2s...
[Sun Apr 26 13:54:14 UTC 2026] Launching radiusd...
main {
 log {
 	destination = "stdout"
 	syslog_facility = "daemon"
 	localstatedir = "/usr/var"
 	logdir = "/usr/var/log"
 	file = "/app/data/radius.log"
 }
	name = "radiusd"
	prefix = "/usr"
}
[Sun Apr 26 13:54:15 UTC 2026] radiusd exited with code 0. Restarting in 2s...
[Sun Apr 26 13:54:17 UTC 2026] Launching radiusd...
main {
 log {
 	destination = "stdout"
 	syslog_facility = "daemon"
 	localstatedir = "/usr/var"
 	logdir = "/usr/var/log"
 	file = "/app/data/radius.log"
 }
	name = "radiusd"
	prefix = "/usr"
}
[Sun Apr 26 13:54:18 UTC 2026] radiusd exited with code 0. Restarting in 2s...
[Sun Apr 26 13:54:20 UTC 2026] Launching radiusd...
main {
 log {
 	destination = "stdout"
 	syslog_facility = "daemon"
 	localstatedir = "/usr/var"
 	logdir = "/usr/var/log"
 	file = "/app/data/radius.log"
 }
	name = "radiusd"
	prefix = "/usr"
}
[Sun Apr 26 13:54:20 UTC 2026] radiusd exited with code 0. Restarting in 2s...
[Sun Apr 26 13:54:22 UTC 2026] Launching radiusd...
main {
 log {
 	destination = "stdout"
 	syslog_facility = "daemon"
 	localstatedir = "/usr/var"
 	logdir = "/usr/var/log"
 	file = "/app/data/radius.log"
 }
	name = "radiusd"
	prefix = "/usr"
}
[Sun Apr 26 13:54:23 UTC 2026] radiusd exited with code 0. Restarting in 2s...
[Sun Apr 26 13:54:25 UTC 2026] Launching radiusd...
main {
 log {
 	destination = "stdout"
 	syslog_facility = "daemon"
 	localstatedir = "/usr/var"
 	logdir = "/usr/var/log"
 	file = "/app/data/radius.log"
 }
	name = "radiusd"
	prefix = "/usr"
}
[Sun Apr 26 13:54:25 UTC 2026] radiusd exited with code 0. Restarting in 2s...
[Sun Apr 26 13:54:27 UTC 2026] Launching radiusd...
main {
 log {
 	destination = "stdout"
 	syslog_facility = "daemon"
 	localstatedir = "/usr/var"
 	logdir = "/usr/var/log"
 	file = "/app/data/radius.log"
 }
	name = "radiusd"
	prefix = "/usr"
}
[Sun Apr 26 13:54:27 UTC 2026] radiusd exited with code 0. Restarting in 2s...
[Sun Apr 26 13:54:29 UTC 2026] Launching radiusd...
main {
 log {
 	destination = "stdout"
 	syslog_facility = "daemon"
 	localstatedir = "/usr/var"
 	logdir = "/usr/var/log"
 	file = "/app/data/radius.log"
 }
	name = "radiusd"
	prefix = "/usr"
}
[Sun Apr 26 13:54:30 UTC 2026] radiusd exited with code 0. Restarting in 2s...
[Sun Apr 26 13:54:32 UTC 2026] Launching radiusd...
main {
 log {
 	destination = "stdout"
 	syslog_facility = "daemon"
 	localstatedir = "/usr/var"
 	logdir = "/usr/var/log"
 	file = "/app/data/radius.log"
 }
	name = "radiusd"
	prefix = "/usr"
}
[Sun Apr 26 13:54:32 UTC 2026] radiusd exited with code 0. Restarting in 2s...
[Sun Apr 26 13:54:34 UTC 2026] Launching radiusd...
main {
 log {
 	destination = "stdout"
 	syslog_facility = "daemon"
 	localstatedir = "/usr/var"
 	logdir = "/usr/var/log"
 	file = "/app/data/radius.log"
 }
	name = "radiusd"
	prefix = "/usr"
}
[Sun Apr 26 13:54:35 UTC 2026] radiusd exited with code 0. Restarting in 2s...
[Sun Apr 26 13:54:36 UTC 2026] Launching radiusd...
main {
 log {
 	destination = "stdout"
 	syslog_facility = "daemon"
 	localstatedir = "/usr/var"
 	logdir = "/usr/var/log"
 	file = "/app/data/radius.log"
 }
	name = "radiusd"
	prefix = "/usr"
}
[Sun Apr 26 13:54:37 UTC 2026] radiusd exited with code 0. Restarting in 2s...
[Sun Apr 26 13:54:39 UTC 2026] Launching radiusd...
main {
 log {
 	destination = "stdout"
 	syslog_facility = "daemon"
 	localstatedir = "/usr/var"
 	logdir = "/usr/var/log"
 	file = "/app/data/radius.log"
 }
	name = "radiusd"
	prefix = "/usr"
}
[Sun Apr 26 13:54:39 UTC 2026] radiusd exited with code 0. Restarting in 2s...
[Sun Apr 26 13:54:41 UTC 2026] Launching radiusd...
main {
 log {
 	destination = "stdout"
 	syslog_facility = "daemon"
 	localstatedir = "/usr/var"
 	logdir = "/usr/var/log"
 	file = "/app/data/radius.log"
 }
	name = "radiusd"
	prefix = "/usr"
}
[Sun Apr 26 13:54:42 UTC 2026] radiusd exited with code 0. Restarting in 2s...
[Sun Apr 26 13:54:44 UTC 2026] Launching radiusd...
main {
 log {
 	destination = "stdout"
 	syslog_facility = "daemon"
 	localstatedir = "/usr/var"
 	logdir = "/usr/var/log"
 	file = "/app/data/radius.log"
 }
	name = "radiusd"
	prefix = "/usr"
}
[Sun Apr 26 13:54:44 UTC 2026] radiusd exited with code 0. Restarting in 2s...
[Sun Apr 26 13:54:46 UTC 2026] Launching radiusd...
main {
 log {
 	destination = "stdout"
 	syslog_facility = "daemon"
 	localstatedir = "/usr/var"
 	logdir = "/usr/var/log"
 	file = "/app/data/radius.log"
 }
	name = "radiusd"
	prefix = "/usr"
}
[Sun Apr 26 13:54:46 UTC 2026] radiusd exited with code 0. Restarting in 2s...
[Sun Apr 26 13:54:48 UTC 2026] Launching radiusd...
main {
 log {
 	destination = "stdout"
 	syslog_facility = "daemon"
 	localstatedir = "/usr/var"
 	logdir = "/usr/var/log"
 	file = "/app/data/radius.log"
 }
	name = "radiusd"
	prefix = "/usr"
}
[Sun Apr 26 13:54:48 UTC 2026] radiusd exited with code 0. Restarting in 2s...
[Sun Apr 26 13:54:50 UTC 2026] Launching radiusd...
main {
 log {
 	destination = "stdout"
 	syslog_facility = "daemon"
 	localstatedir = "/usr/var"
 	logdir = "/usr/var/log"
 	file = "/app/data/radius.log"
 }
	name = "radiusd"
	prefix = "/usr"
}
[Sun Apr 26 13:54:50 UTC 2026] radiusd exited with code 0. Restarting in 2s...
[Sun Apr 26 13:54:52 UTC 2026] Launching radiusd...
main {
 log {
 	destination = "stdout"
 	syslog_facility = "daemon"
 	localstatedir = "/usr/var"
 	logdir = "/usr/var/log"
 	file = "/app/data/radius.log"
 }
	name = "radiusd"
	prefix = "/usr"
}
[Sun Apr 26 13:54:53 UTC 2026] radiusd exited with code 0. Restarting in 2s...
[Sun Apr 26 13:54:55 UTC 2026] Launching radiusd...
main {
 log {
 	destination = "stdout"
 	syslog_facility = "daemon"
 	localstatedir = "/usr/var"
 	logdir = "/usr/var/log"
 	file = "/app/data/radius.log"
 }
	name = "radiusd"
	prefix = "/usr"
}
[Sun Apr 26 13:54:55 UTC 2026] radiusd exited with code 0. Restarting in 2s...
[Sun Apr 26 13:54:57 UTC 2026] Launching radiusd...
main {
 log {
 	destination = "stdout"
 	syslog_facility = "daemon"
 	localstatedir = "/usr/var"
 	logdir = "/usr/var/log"
 	file = "/app/data/radius.log"
 }
	name = "radiusd"
	prefix = "/usr"
}
[Sun Apr 26 13:54:57 UTC 2026] radiusd exited with code 0. Restarting in 2s...
[Sun Apr 26 13:54:59 UTC 2026] Launching radiusd...
main {
 log {
 	destination = "stdout"
 	syslog_facility = "daemon"
 	localstatedir = "/usr/var"
 	logdir = "/usr/var/log"
 	file = "/app/data/radius.log"
 }
	name = "radiusd"
	prefix = "/usr"
}
[Sun Apr 26 13:54:59 UTC 2026] radiusd exited with code 0. Restarting in 2s...
[Sun Apr 26 13:55:01 UTC 2026] Launching radiusd...
main {
 log {
 	destination = "stdout"
 	syslog_facility = "daemon"
 	localstatedir = "/usr/var"
 	logdir = "/usr/var/log"
 	file = "/app/data/radius.log"
 }
	name = "radiusd"
	prefix = "/usr"
}
[Sun Apr 26 13:55:02 UTC 2026] radiusd exited with code 0. Restarting in 2s...
[Sun Apr 26 13:55:04 UTC 2026] Launching radiusd...
main {
 log {
 	destination = "stdout"
 	syslog_facility = "daemon"
 	localstatedir = "/usr/var"
 	logdir = "/usr/var/log"
 	file = "/app/data/radius.log"
 }
	name = "radiusd"
	prefix = "/usr"
}
[Sun Apr 26 13:55:04 UTC 2026] radiusd exited with code 0. Restarting in 2s...
[Sun Apr 26 13:55:06 UTC 2026] Launching radiusd...
main {
 log {
 	destination = "stdout"
 	syslog_facility = "daemon"
 	localstatedir = "/usr/var"
 	logdir = "/usr/var/log"
 	file = "/app/data/radius.log"
 }
	name = "radiusd"
	prefix = "/usr"
}
[Sun Apr 26 13:55:06 UTC 2026] radiusd exited with code 0. Restarting in 2s...
[Sun Apr 26 13:55:08 UTC 2026] Launching radiusd...
main {
 log {
 	destination = "stdout"
 	syslog_facility = "daemon"
 	localstatedir = "/usr/var"
 	logdir = "/usr/var/log"
 	file = "/app/data/radius.log"
 }
	name = "radiusd"
	prefix = "/usr"
}
[Sun Apr 26 13:55:08 UTC 2026] radiusd exited with code 0. Restarting in 2s...
[Sun Apr 26 13:55:10 UTC 2026] Launching radiusd...
main {
 log {
 	destination = "stdout"
 	syslog_facility = "daemon"
 	localstatedir = "/usr/var"
 	logdir = "/usr/var/log"
 	file = "/app/data/radius.log"
 }
	name = "radiusd"
	prefix = "/usr"
}
[Sun Apr 26 13:55:11 UTC 2026] radiusd exited with code 0. Restarting in 2s...
[Sun Apr 26 13:55:13 UTC 2026] Launching radiusd...
main {
 log {
 	destination = "stdout"
 	syslog_facility = "daemon"
 	localstatedir = "/usr/var"
 	logdir = "/usr/var/log"
 	file = "/app/data/radius.log"
 }
	name = "radiusd"
	prefix = "/usr"
}
[Sun Apr 26 13:55:13 UTC 2026] radiusd exited with code 0. Restarting in 2s...
[Sun Apr 26 13:55:15 UTC 2026] Launching radiusd...
main {
 log {
 	destination = "stdout"
 	syslog_facility = "daemon"
 	localstatedir = "/usr/var"
 	logdir = "/usr/var/log"
 	file = "/app/data/radius.log"
 }
	name = "radiusd"
	prefix = "/usr"
}
[Sun Apr 26 13:55:15 UTC 2026] radiusd exited with code 0. Restarting in 2s...
[Sun Apr 26 13:55:17 UTC 2026] Launching radiusd...
main {
 log {
 	destination = "stdout"
 	syslog_facility = "daemon"
 	localstatedir = "/usr/var"
 	logdir = "/usr/var/log"
 	file = "/app/data/radius.log"
 }
	name = "radiusd"
	prefix = "/usr"
}
[Sun Apr 26 13:55:17 UTC 2026] radiusd exited with code 0. Restarting in 2s...
[Sun Apr 26 13:55:20 UTC 2026] Launching radiusd...
main {
 log {
 	destination = "stdout"
 	syslog_facility = "daemon"
 	localstatedir = "/usr/var"
 	logdir = "/usr/var/log"
 	file = "/app/data/radius.log"
 }
	name = "radiusd"
	prefix = "/usr"
}
[Sun Apr 26 13:55:20 UTC 2026] radiusd exited with code 0. Restarting in 2s...
[Sun Apr 26 13:55:22 UTC 2026] Launching radiusd...
main {
 log {
 	destination = "stdout"
 	syslog_facility = "daemon"
 	localstatedir = "/usr/var"
 	logdir = "/usr/var/log"
 	file = "/app/data/radius.log"
 }
	name = "radiusd"
	prefix = "/usr"
}
[Sun Apr 26 13:55:22 UTC 2026] radiusd exited with code 0. Restarting in 2s...
[Sun Apr 26 13:55:24 UTC 2026] Launching radiusd...
main {
 log {
 	destination = "stdout"
 	syslog_facility = "daemon"
 	localstatedir = "/usr/var"
 	logdir = "/usr/var/log"
 	file = "/app/data/radius.log"
 }
	name = "radiusd"
	prefix = "/usr"
}
[Sun Apr 26 13:55:24 UTC 2026] radiusd exited with code 0. Restarting in 2s...
[Sun Apr 26 13:55:26 UTC 2026] Launching radiusd...
main {
 log {
 	destination = "stdout"
 	syslog_facility = "daemon"
 	localstatedir = "/usr/var"
 	logdir = "/usr/var/log"
 	file = "/app/data/radius.log"
 }
	name = "radiusd"
	prefix = "/usr"
}
[Sun Apr 26 13:55:26 UTC 2026] radiusd exited with code 0. Restarting in 2s...
[Sun Apr 26 13:55:28 UTC 2026] Launching radiusd...
main {
 log {
 	destination = "stdout"
 	syslog_facility = "daemon"
 	localstatedir = "/usr/var"
 	logdir = "/usr/var/log"
 	file = "/app/data/radius.log"
 }
	name = "radiusd"
	prefix = "/usr"
}
[Sun Apr 26 13:55:29 UTC 2026] radiusd exited with code 0. Restarting in 2s...
[Sun Apr 26 13:55:31 UTC 2026] Launching radiusd...
main {
 log {
 	destination = "stdout"
 	syslog_facility = "daemon"
 	localstatedir = "/usr/var"
 	logdir = "/usr/var/log"
 	file = "/app/data/radius.log"
 }
	name = "radiusd"
	prefix = "/usr"
}
[Sun Apr 26 13:55:31 UTC 2026] radiusd exited with code 0. Restarting in 2s...
[Sun Apr 26 13:55:33 UTC 2026] Launching radiusd...
main {
 log {
 	destination = "stdout"
 	syslog_facility = "daemon"
 	localstatedir = "/usr/var"
 	logdir = "/usr/var/log"
 	file = "/app/data/radius.log"
 }
	name = "radiusd"
	prefix = "/usr"
}
[Sun Apr 26 13:55:33 UTC 2026] radiusd exited with code 0. Restarting in 2s...
[Sun Apr 26 13:55:35 UTC 2026] Launching radiusd...
main {
 log {
 	destination = "stdout"
 	syslog_facility = "daemon"
 	localstatedir = "/usr/var"
 	logdir = "/usr/var/log"
 	file = "/app/data/radius.log"
 }
	name = "radiusd"
	prefix = "/usr"
}
[Sun Apr 26 13:55:36 UTC 2026] radiusd exited with code 0. Restarting in 2s...
[Sun Apr 26 13:55:37 UTC 2026] Launching radiusd...
main {
 log {
 	destination = "stdout"
 	syslog_facility = "daemon"
 	localstatedir = "/usr/var"
 	logdir = "/usr/var/log"
 	file = "/app/data/radius.log"
 }
	name = "radiusd"
	prefix = "/usr"
}
[Sun Apr 26 13:55:38 UTC 2026] radiusd exited with code 0. Restarting in 2s...
[Sun Apr 26 13:55:40 UTC 2026] Launching radiusd...
main {
 log {
 	destination = "stdout"
 	syslog_facility = "daemon"
 	localstatedir = "/usr/var"
 	logdir = "/usr/var/log"
 	file = "/app/data/radius.log"
 }
	name = "radiusd"
	prefix = "/usr"
}
[Sun Apr 26 13:55:40 UTC 2026] radiusd exited with code 0. Restarting in 2s...
[Sun Apr 26 13:55:42 UTC 2026] Launching radiusd...
main {
 log {
 	destination = "stdout"
 	syslog_facility = "daemon"
 	localstatedir = "/usr/var"
 	logdir = "/usr/var/log"
 	file = "/app/data/radius.log"
 }
	name = "radiusd"
	prefix = "/usr"
}
[Sun Apr 26 13:55:42 UTC 2026] radiusd exited with code 0. Restarting in 2s...
[Sun Apr 26 13:55:44 UTC 2026] Launching radiusd...
main {
 log {
 	destination = "stdout"
 	syslog_facility = "daemon"
 	localstatedir = "/usr/var"
 	logdir = "/usr/var/log"
 	file = "/app/data/radius.log"
 }
	name = "radiusd"
	prefix = "/usr"
}
[Sun Apr 26 13:55:44 UTC 2026] radiusd exited with code 0. Restarting in 2s...
[Sun Apr 26 13:55:46 UTC 2026] Launching radiusd...
main {
 log {
 	destination = "stdout"
 	syslog_facility = "daemon"
 	localstatedir = "/usr/var"
 	logdir = "/usr/var/log"
 	file = "/app/data/radius.log"
 }
	name = "radiusd"
	prefix = "/usr"
}
[Sun Apr 26 13:55:47 UTC 2026] radiusd exited with code 0. Restarting in 2s...
[Sun Apr 26 13:55:49 UTC 2026] Launching radiusd...
main {
 log {
 	destination = "stdout"
 	syslog_facility = "daemon"
 	localstatedir = "/usr/var"
 	logdir = "/usr/var/log"
 	file = "/app/data/radius.log"
 }
	name = "radiusd"
	prefix = "/usr"
}
[Sun Apr 26 13:55:49 UTC 2026] radiusd exited with code 0. Restarting in 2s...
[Sun Apr 26 13:55:51 UTC 2026] Launching radiusd...
main {
 log {
 	destination = "stdout"
 	syslog_facility = "daemon"
 	localstatedir = "/usr/var"
 	logdir = "/usr/var/log"
 	file = "/app/data/radius.log"
 }
	name = "radiusd"
	prefix = "/usr"
}
[Sun Apr 26 13:55:51 UTC 2026] radiusd exited with code 0. Restarting in 2s...
[Sun Apr 26 13:55:53 UTC 2026] Launching radiusd...
main {
 log {
 	destination = "stdout"
 	syslog_facility = "daemon"
 	localstatedir = "/usr/var"
 	logdir = "/usr/var/log"
 	file = "/app/data/radius.log"
 }
	name = "radiusd"
	prefix = "/usr"
}
[Sun Apr 26 13:55:54 UTC 2026] radiusd exited with code 0. Restarting in 2s...
[Sun Apr 26 13:55:56 UTC 2026] Launching radiusd...
main {
 log {
 	destination = "stdout"
 	syslog_facility = "daemon"
 	localstatedir = "/usr/var"
 	logdir = "/usr/var/log"
 	file = "/app/data/radius.log"
 }
	name = "radiusd"
	prefix = "/usr"
}
[Sun Apr 26 13:55:56 UTC 2026] radiusd exited with code 0. Restarting in 2s...
[Sun Apr 26 13:55:58 UTC 2026] Launching radiusd...
main {
 log {
 	destination = "stdout"
 	syslog_facility = "daemon"
 	localstatedir = "/usr/var"
 	logdir = "/usr/var/log"
 	file = "/app/data/radius.log"
 }
	name = "radiusd"
	prefix = "/usr"
}
[Sun Apr 26 13:55:58 UTC 2026] radiusd exited with code 0. Restarting in 2s...
[Sun Apr 26 13:56:00 UTC 2026] Launching radiusd...
main {
 log {
 	destination = "stdout"
 	syslog_facility = "daemon"
 	localstatedir = "/usr/var"
 	logdir = "/usr/var/log"
 	file = "/app/data/radius.log"
 }
	name = "radiusd"
	prefix = "/usr"
}
[Sun Apr 26 13:56:00 UTC 2026] radiusd exited with code 0. Restarting in 2s...
[Sun Apr 26 13:56:02 UTC 2026] Launching radiusd...
main {
 log {
 	destination = "stdout"
 	syslog_facility = "daemon"
 	localstatedir = "/usr/var"
 	logdir = "/usr/var/log"
 	file = "/app/data/radius.log"
 }
	name = "radiusd"
	prefix = "/usr"
}
[Sun Apr 26 13:56:03 UTC 2026] radiusd exited with code 0. Restarting in 2s...
[Sun Apr 26 13:56:05 UTC 2026] Launching radiusd...
main {
 log {
 	destination = "stdout"
 	syslog_facility = "daemon"
 	localstatedir = "/usr/var"
 	logdir = "/usr/var/log"
 	file = "/app/data/radius.log"
 }
	name = "radiusd"
	prefix = "/usr"
}
[Sun Apr 26 13:56:05 UTC 2026] radiusd exited with code 0. Restarting in 2s...
[Sun Apr 26 13:56:07 UTC 2026] Launching radiusd...
main {
 log {
 	destination = "stdout"
 	syslog_facility = "daemon"
 	localstatedir = "/usr/var"
 	logdir = "/usr/var/log"
 	file = "/app/data/radius.log"
 }
	name = "radiusd"
	prefix = "/usr"
}
[Sun Apr 26 13:56:07 UTC 2026] radiusd exited with code 0. Restarting in 2s...
[Sun Apr 26 13:56:09 UTC 2026] Launching radiusd...
main {
 log {
 	destination = "stdout"
 	syslog_facility = "daemon"
 	localstatedir = "/usr/var"
 	logdir = "/usr/var/log"
 	file = "/app/data/radius.log"
 }
	name = "radiusd"
	prefix = "/usr"
}
[Sun Apr 26 13:56:10 UTC 2026] radiusd exited with code 0. Restarting in 2s...
[Sun Apr 26 13:56:12 UTC 2026] Launching radiusd...
main {
 log {
 	destination = "stdout"
 	syslog_facility = "daemon"
 	localstatedir = "/usr/var"
 	logdir = "/usr/var/log"
 	file = "/app/data/radius.log"
 }
	name = "radiusd"
	prefix = "/usr"
}
[Sun Apr 26 13:56:12 UTC 2026] radiusd exited with code 0. Restarting in 2s...
[Sun Apr 26 13:56:14 UTC 2026] Launching radiusd...
main {
 log {
 	destination = "stdout"
 	syslog_facility = "daemon"
 	localstatedir = "/usr/var"
 	logdir = "/usr/var/log"
 	file = "/app/data/radius.log"
 }
	name = "radiusd"
	prefix = "/usr"
}
[Sun Apr 26 13:56:14 UTC 2026] radiusd exited with code 0. Restarting in 2s...
[Sun Apr 26 13:56:16 UTC 2026] Launching radiusd...
main {
 log {
 	destination = "stdout"
 	syslog_facility = "daemon"
 	localstatedir = "/usr/var"
 	logdir = "/usr/var/log"
 	file = "/app/data/radius.log"
 }
	name = "radiusd"
	prefix = "/usr"
}
[Sun Apr 26 13:56:17 UTC 2026] radiusd exited with code 0. Restarting in 2s...
[Sun Apr 26 13:56:19 UTC 2026] Launching radiusd...
main {
 log {
 	destination = "stdout"
 	syslog_facility = "daemon"
 	localstatedir = "/usr/var"
 	logdir = "/usr/var/log"
 	file = "/app/data/radius.log"
 }
	name = "radiusd"
	prefix = "/usr"
}
[Sun Apr 26 13:56:19 UTC 2026] radiusd exited with code 0. Restarting in 2s...
[Sun Apr 26 13:56:21 UTC 2026] Launching radiusd...
main {
 log {
 	destination = "stdout"
 	syslog_facility = "daemon"
 	localstatedir = "/usr/var"
 	logdir = "/usr/var/log"
 	file = "/app/data/radius.log"
 }
	name = "radiusd"
	prefix = "/usr"
}
[Sun Apr 26 13:56:22 UTC 2026] radiusd exited with code 0. Restarting in 2s...
[Sun Apr 26 13:56:24 UTC 2026] Launching radiusd...
main {
 log {
 	destination = "stdout"
 	syslog_facility = "daemon"
 	localstatedir = "/usr/var"
 	logdir = "/usr/var/log"
 	file = "/app/data/radius.log"
 }
	name = "radiusd"
	prefix = "/usr"
}
[Sun Apr 26 13:56:24 UTC 2026] radiusd exited with code 0. Restarting in 2s...
[Sun Apr 26 13:56:26 UTC 2026] Launching radiusd...
main {
 log {
 	destination = "stdout"
 	syslog_facility = "daemon"
 	localstatedir = "/usr/var"
 	logdir = "/usr/var/log"
 	file = "/app/data/radius.log"
 }
	name = "radiusd"
	prefix = "/usr"
}
[Sun Apr 26 13:56:26 UTC 2026] radiusd exited with code 0. Restarting in 2s...
[Sun Apr 26 13:56:28 UTC 2026] Launching radiusd...
main {
 log {
 	destination = "stdout"
 	syslog_facility = "daemon"
 	localstatedir = "/usr/var"
 	logdir = "/usr/var/log"
 	file = "/app/data/radius.log"
 }
	name = "radiusd"
	prefix = "/usr"
}
[Sun Apr 26 13:56:30 UTC 2026] radiusd exited with code 0. Restarting in 2s...
[Sun Apr 26 13:56:32 UTC 2026] Launching radiusd...
main {
 log {
 	destination = "stdout"
 	syslog_facility = "daemon"
 	localstatedir = "/usr/var"
 	logdir = "/usr/var/log"
 	file = "/app/data/radius.log"
 }
	name = "radiusd"
	prefix = "/usr"
}
[Sun Apr 26 13:56:34 UTC 2026] radiusd exited with code 0. Restarting in 2s...
[Sun Apr 26 13:56:36 UTC 2026] Launching radiusd...
main {
 log {
 	destination = "stdout"
 	syslog_facility = "daemon"
 	localstatedir = "/usr/var"
 	logdir = "/usr/var/log"
 	file = "/app/data/radius.log"
 }
	name = "radiusd"
	prefix = "/usr"
}
[Sun Apr 26 13:56:37 UTC 2026] radiusd exited with code 0. Restarting in 2s...
[Sun Apr 26 13:56:39 UTC 2026] Launching radiusd...
main {
 log {
 	destination = "stdout"
 	syslog_facility = "daemon"
 	localstatedir = "/usr/var"
 	logdir = "/usr/var/log"
 	file = "/app/data/radius.log"
 }
	name = "radiusd"
	prefix = "/usr"
}
[Sun Apr 26 13:56:40 UTC 2026] radiusd exited with code 0. Restarting in 2s...
[Sun Apr 26 13:56:42 UTC 2026] Launching radiusd...
main {
 log {
 	destination = "stdout"
 	syslog_facility = "daemon"
 	localstatedir = "/usr/var"
 	logdir = "/usr/var/log"
 	file = "/app/data/radius.log"
 }
	name = "radiusd"
	prefix = "/usr"
}
[Sun Apr 26 13:56:43 UTC 2026] radiusd exited with code 0. Restarting in 2s...
[Sun Apr 26 13:56:45 UTC 2026] Launching radiusd...
main {
 log {
 	destination = "stdout"
 	syslog_facility = "daemon"
 	localstatedir = "/usr/var"
 	logdir = "/usr/var/log"
 	file = "/app/data/radius.log"
 }
	name = "radiusd"
	prefix = "/usr"
}
[Sun Apr 26 13:56:45 UTC 2026] radiusd exited with code 0. Restarting in 2s...
[Sun Apr 26 13:56:47 UTC 2026] Launching radiusd...
main {
 log {
 	destination = "stdout"
 	syslog_facility = "daemon"
 	localstatedir = "/usr/var"
 	logdir = "/usr/var/log"
 	file = "/app/data/radius.log"
 }
	name = "radiusd"
	prefix = "/usr"
}
[Sun Apr 26 13:56:47 UTC 2026] radiusd exited with code 0. Restarting in 2s...
[Sun Apr 26 13:56:49 UTC 2026] Launching radiusd...
main {
 log {
 	destination = "stdout"
 	syslog_facility = "daemon"
 	localstatedir = "/usr/var"
 	logdir = "/usr/var/log"
 	file = "/app/data/radius.log"
 }
	name = "radiusd"
	prefix = "/usr"
}
[Sun Apr 26 13:56:49 UTC 2026] radiusd exited with code 0. Restarting in 2s...
[Sun Apr 26 13:56:51 UTC 2026] Launching radiusd...
main {
 log {
 	destination = "stdout"
 	syslog_facility = "daemon"
 	localstatedir = "/usr/var"
 	logdir = "/usr/var/log"
 	file = "/app/data/radius.log"
 }
	name = "radiusd"
	prefix = "/usr"
}
[Sun Apr 26 13:56:52 UTC 2026] radiusd exited with code 0. Restarting in 2s...
[Sun Apr 26 13:56:54 UTC 2026] Launching radiusd...
main {
 log {
 	destination = "stdout"
 	syslog_facility = "daemon"
 	localstatedir = "/usr/var"
 	logdir = "/usr/var/log"
 	file = "/app/data/radius.log"
 }
	name = "radiusd"
	prefix = "/usr"
}
[Sun Apr 26 13:56:54 UTC 2026] radiusd exited with code 0. Restarting in 2s...
[Sun Apr 26 13:56:56 UTC 2026] Launching radiusd...
main {
 log {
 	destination = "stdout"
 	syslog_facility = "daemon"
 	localstatedir = "/usr/var"
 	logdir = "/usr/var/log"
 	file = "/app/data/radius.log"
 }
	name = "radiusd"
	prefix = "/usr"
}
[Sun Apr 26 13:56:56 UTC 2026] radiusd exited with code 0. Restarting in 2s...
[Sun Apr 26 13:56:58 UTC 2026] Launching radiusd...
main {
 log {
 	destination = "stdout"
 	syslog_facility = "daemon"
 	localstatedir = "/usr/var"
 	logdir = "/usr/var/log"
 	file = "/app/data/radius.log"
 }
	name = "radiusd"
	prefix = "/usr"
}
[Sun Apr 26 13:56:58 UTC 2026] radiusd exited with code 0. Restarting in 2s...
[Sun Apr 26 13:57:00 UTC 2026] Launching radiusd...
main {
 log {
 	destination = "stdout"
 	syslog_facility = "daemon"
 	localstatedir = "/usr/var"
 	logdir = "/usr/var/log"
 	file = "/app/data/radius.log"
 }
	name = "radiusd"
	prefix = "/usr"
}
[Sun Apr 26 13:57:00 UTC 2026] radiusd exited with code 0. Restarting in 2s...
[Sun Apr 26 13:57:02 UTC 2026] Launching radiusd...
main {
 log {
 	destination = "stdout"
 	syslog_facility = "daemon"
 	localstatedir = "/usr/var"
 	logdir = "/usr/var/log"
 	file = "/app/data/radius.log"
 }
	name = "radiusd"
	prefix = "/usr"
}
[Sun Apr 26 13:57:03 UTC 2026] radiusd exited with code 0. Restarting in 2s...
[Sun Apr 26 13:57:05 UTC 2026] Launching radiusd...
main {
 log {
 	destination = "stdout"
 	syslog_facility = "daemon"
 	localstatedir = "/usr/var"
 	logdir = "/usr/var/log"
 	file = "/app/data/radius.log"
 }
	name = "radiusd"
	prefix = "/usr"
}
[Sun Apr 26 13:57:05 UTC 2026] radiusd exited with code 0. Restarting in 2s...
[Sun Apr 26 13:57:07 UTC 2026] Launching radiusd...
main {
 log {
 	destination = "stdout"
 	syslog_facility = "daemon"
 	localstatedir = "/usr/var"
 	logdir = "/usr/var/log"
 	file = "/app/data/radius.log"
 }
	name = "radiusd"
	prefix = "/usr"
}
[Sun Apr 26 13:57:07 UTC 2026] radiusd exited with code 0. Restarting in 2s...
[Sun Apr 26 13:57:09 UTC 2026] Launching radiusd...
main {
 log {
 	destination = "stdout"
 	syslog_facility = "daemon"
 	localstatedir = "/usr/var"
 	logdir = "/usr/var/log"
 	file = "/app/data/radius.log"
 }
	name = "radiusd"
	prefix = "/usr"
}
[Sun Apr 26 13:57:09 UTC 2026] radiusd exited with code 0. Restarting in 2s...
[Sun Apr 26 13:57:11 UTC 2026] Launching radiusd...
main {
 log {
 	destination = "stdout"
 	syslog_facility = "daemon"
 	localstatedir = "/usr/var"
 	logdir = "/usr/var/log"
 	file = "/app/data/radius.log"
 }
	name = "radiusd"
	prefix = "/usr"
}
[Sun Apr 26 13:57:12 UTC 2026] radiusd exited with code 0. Restarting in 2s...
[Sun Apr 26 13:57:14 UTC 2026] Launching radiusd...
main {
 log {
 	destination = "stdout"
 	syslog_facility = "daemon"
 	localstatedir = "/usr/var"
 	logdir = "/usr/var/log"
 	file = "/app/data/radius.log"
 }
	name = "radiusd"
	prefix = "/usr"
}
[Sun Apr 26 13:57:14 UTC 2026] radiusd exited with code 0. Restarting in 2s...
[Sun Apr 26 13:57:16 UTC 2026] Launching radiusd...
main {
 log {
 	destination = "stdout"
 	syslog_facility = "daemon"
 	localstatedir = "/usr/var"
 	logdir = "/usr/var/log"
 	file = "/app/data/radius.log"
 }
	name = "radiusd"
	prefix = "/usr"
}
[Sun Apr 26 13:57:17 UTC 2026] radiusd exited with code 0. Restarting in 2s...
[Sun Apr 26 13:57:19 UTC 2026] Launching radiusd...
main {
 log {
 	destination = "stdout"
 	syslog_facility = "daemon"
 	localstatedir = "/usr/var"
 	logdir = "/usr/var/log"
 	file = "/app/data/radius.log"
 }
	name = "radiusd"
	prefix = "/usr"
}
[Sun Apr 26 13:57:20 UTC 2026] radiusd exited with code 0. Restarting in 2s...
[Sun Apr 26 13:57:22 UTC 2026] Launching radiusd...
main {
 log {
 	destination = "stdout"
 	syslog_facility = "daemon"
 	localstatedir = "/usr/var"
 	logdir = "/usr/var/log"
 	file = "/app/data/radius.log"
 }
	name = "radiusd"
	prefix = "/usr"
}
[Sun Apr 26 13:57:22 UTC 2026] radiusd exited with code 0. Restarting in 2s...
[Sun Apr 26 13:57:24 UTC 2026] Launching radiusd...
main {
 log {
 	destination = "stdout"
 	syslog_facility = "daemon"
 	localstatedir = "/usr/var"
 	logdir = "/usr/var/log"
 	file = "/app/data/radius.log"
 }
	name = "radiusd"
	prefix = "/usr"
}
[Sun Apr 26 13:57:25 UTC 2026] radiusd exited with code 0. Restarting in 2s...
[Sun Apr 26 13:57:27 UTC 2026] Launching radiusd...
main {
 log {
 	destination = "stdout"
 	syslog_facility = "daemon"
 	localstatedir = "/usr/var"
 	logdir = "/usr/var/log"
 	file = "/app/data/radius.log"
 }
	name = "radiusd"
	prefix = "/usr"
}
[Sun Apr 26 13:57:27 UTC 2026] radiusd exited with code 0. Restarting in 2s...
[Sun Apr 26 13:57:29 UTC 2026] Launching radiusd...
main {
 log {
 	destination = "stdout"
 	syslog_facility = "daemon"
 	localstatedir = "/usr/var"
 	logdir = "/usr/var/log"
 	file = "/app/data/radius.log"
 }
	name = "radiusd"
	prefix = "/usr"
}
[Sun Apr 26 13:57:29 UTC 2026] radiusd exited with code 0. Restarting in 2s...
[Sun Apr 26 13:57:31 UTC 2026] Launching radiusd...
main {
 log {
 	destination = "stdout"
 	syslog_facility = "daemon"
 	localstatedir = "/usr/var"
 	logdir = "/usr/var/log"
 	file = "/app/data/radius.log"
 }
	name = "radiusd"
	prefix = "/usr"
}
[Sun Apr 26 13:57:32 UTC 2026] radiusd exited with code 0. Restarting in 2s...
[Sun Apr 26 13:57:34 UTC 2026] Launching radiusd...
main {
 log {
 	destination = "stdout"
 	syslog_facility = "daemon"
 	localstatedir = "/usr/var"
 	logdir = "/usr/var/log"
 	file = "/app/data/radius.log"
 }
	name = "radiusd"
	prefix = "/usr"
}
[Sun Apr 26 13:57:34 UTC 2026] radiusd exited with code 0. Restarting in 2s...
[Sun Apr 26 13:57:36 UTC 2026] Launching radiusd...
main {
 log {
 	destination = "stdout"
 	syslog_facility = "daemon"
 	localstatedir = "/usr/var"
 	logdir = "/usr/var/log"
 	file = "/app/data/radius.log"
 }
	name = "radiusd"
	prefix = "/usr"
}
[Sun Apr 26 13:57:36 UTC 2026] radiusd exited with code 0. Restarting in 2s...
[Sun Apr 26 13:57:38 UTC 2026] Launching radiusd...
main {
 log {
 	destination = "stdout"
 	syslog_facility = "daemon"
 	localstatedir = "/usr/var"
 	logdir = "/usr/var/log"
 	file = "/app/data/radius.log"
 }
	name = "radiusd"
	prefix = "/usr"
}
[Sun Apr 26 13:57:38 UTC 2026] radiusd exited with code 0. Restarting in 2s...
[Sun Apr 26 13:57:40 UTC 2026] Launching radiusd...
main {
 log {
 	destination = "stdout"
 	syslog_facility = "daemon"
 	localstatedir = "/usr/var"
 	logdir = "/usr/var/log"
 	file = "/app/data/radius.log"
 }
	name = "radiusd"
	prefix = "/usr"
}
[Sun Apr 26 13:57:41 UTC 2026] radiusd exited with code 0. Restarting in 2s...
[Sun Apr 26 13:57:43 UTC 2026] Launching radiusd...
main {
 log {
 	destination = "stdout"
 	syslog_facility = "daemon"
 	localstatedir = "/usr/var"
 	logdir = "/usr/var/log"
 	file = "/app/data/radius.log"
 }
	name = "radiusd"
	prefix = "/usr"
}
[Sun Apr 26 13:57:43 UTC 2026] radiusd exited with code 0. Restarting in 2s...
[Sun Apr 26 13:57:45 UTC 2026] Launching radiusd...
main {
 log {
 	destination = "stdout"
 	syslog_facility = "daemon"
 	localstatedir = "/usr/var"
 	logdir = "/usr/var/log"
 	file = "/app/data/radius.log"
 }
	name = "radiusd"
	prefix = "/usr"
}
[Sun Apr 26 13:57:45 UTC 2026] radiusd exited with code 0. Restarting in 2s...
[Sun Apr 26 13:57:47 UTC 2026] Launching radiusd...
main {
 log {
 	destination = "stdout"
 	syslog_facility = "daemon"
 	localstatedir = "/usr/var"
 	logdir = "/usr/var/log"
 	file = "/app/data/radius.log"
 }
	name = "radiusd"
	prefix = "/usr"
}
[Sun Apr 26 13:57:47 UTC 2026] radiusd exited with code 0. Restarting in 2s...
[Sun Apr 26 13:57:49 UTC 2026] Launching radiusd...
main {
 log {
 	destination = "stdout"
 	syslog_facility = "daemon"
 	localstatedir = "/usr/var"
 	logdir = "/usr/var/log"
 	file = "/app/data/radius.log"
 }
	name = "radiusd"
	prefix = "/usr"
}
[Sun Apr 26 13:57:50 UTC 2026] radiusd exited with code 0. Restarting in 2s...
[Sun Apr 26 13:57:52 UTC 2026] Launching radiusd...
main {
 log {
 	destination = "stdout"
 	syslog_facility = "daemon"
 	localstatedir = "/usr/var"
 	logdir = "/usr/var/log"
 	file = "/app/data/radius.log"
 }
	name = "radiusd"
	prefix = "/usr"
}
[Sun Apr 26 13:57:52 UTC 2026] radiusd exited with code 0. Restarting in 2s...
[Sun Apr 26 13:57:54 UTC 2026] Launching radiusd...
main {
 log {
 	destination = "stdout"
 	syslog_facility = "daemon"
 	localstatedir = "/usr/var"
 	logdir = "/usr/var/log"
 	file = "/app/data/radius.log"
 }
	name = "radiusd"
	prefix = "/usr"
}
[Sun Apr 26 13:57:54 UTC 2026] radiusd exited with code 0. Restarting in 2s...
[Sun Apr 26 13:57:56 UTC 2026] Launching radiusd...
main {
 log {
 	destination = "stdout"
 	syslog_facility = "daemon"
 	localstatedir = "/usr/var"
 	logdir = "/usr/var/log"
 	file = "/app/data/radius.log"
 }
	name = "radiusd"
	prefix = "/usr"
}
[Sun Apr 26 13:57:56 UTC 2026] radiusd exited with code 0. Restarting in 2s...
[Sun Apr 26 13:57:58 UTC 2026] Launching radiusd...
main {
 log {
 	destination = "stdout"
 	syslog_facility = "daemon"
 	localstatedir = "/usr/var"
 	logdir = "/usr/var/log"
 	file = "/app/data/radius.log"
 }
	name = "radiusd"
	prefix = "/usr"
}
[Sun Apr 26 13:57:59 UTC 2026] radiusd exited with code 0. Restarting in 2s...
[Sun Apr 26 13:58:01 UTC 2026] Launching radiusd...
main {
 log {
 	destination = "stdout"
 	syslog_facility = "daemon"
 	localstatedir = "/usr/var"
 	logdir = "/usr/var/log"
 	file = "/app/data/radius.log"
 }
	name = "radiusd"
	prefix = "/usr"
}
[Sun Apr 26 13:58:01 UTC 2026] radiusd exited with code 0. Restarting in 2s...
[Sun Apr 26 13:58:03 UTC 2026] Launching radiusd...
main {
 log {
 	destination = "stdout"
 	syslog_facility = "daemon"
 	localstatedir = "/usr/var"
 	logdir = "/usr/var/log"
 	file = "/app/data/radius.log"
 }
	name = "radiusd"
	prefix = "/usr"
}
[Sun Apr 26 13:58:03 UTC 2026] radiusd exited with code 0. Restarting in 2s...
[Sun Apr 26 13:58:05 UTC 2026] Launching radiusd...
main {
 log {
 	destination = "stdout"
 	syslog_facility = "daemon"
 	localstatedir = "/usr/var"
 	logdir = "/usr/var/log"
 	file = "/app/data/radius.log"
 }
	name = "radiusd"
	prefix = "/usr"
}
[Sun Apr 26 13:58:05 UTC 2026] radiusd exited with code 0. Restarting in 2s...
[Sun Apr 26 13:58:07 UTC 2026] Launching radiusd...
main {
 log {
 	destination = "stdout"
 	syslog_facility = "daemon"
 	localstatedir = "/usr/var"
 	logdir = "/usr/var/log"
 	file = "/app/data/radius.log"
 }
	name = "radiusd"
	prefix = "/usr"
}
[Sun Apr 26 13:58:08 UTC 2026] radiusd exited with code 0. Restarting in 2s...
[Sun Apr 26 13:58:10 UTC 2026] Launching radiusd...
main {
 log {
 	destination = "stdout"
 	syslog_facility = "daemon"
 	localstatedir = "/usr/var"
 	logdir = "/usr/var/log"
 	file = "/app/data/radius.log"
 }
	name = "radiusd"
	prefix = "/usr"
}
[Sun Apr 26 13:58:10 UTC 2026] radiusd exited with code 0. Restarting in 2s...
[Sun Apr 26 13:58:12 UTC 2026] Launching radiusd...
main {
 log {
 	destination = "stdout"
 	syslog_facility = "daemon"
 	localstatedir = "/usr/var"
 	logdir = "/usr/var/log"
 	file = "/app/data/radius.log"
 }
	name = "radiusd"
	prefix = "/usr"
}
[Sun Apr 26 13:58:12 UTC 2026] radiusd exited with code 0. Restarting in 2s...
[Sun Apr 26 13:58:14 UTC 2026] Launching radiusd...
main {
 log {
 	destination = "stdout"
 	syslog_facility = "daemon"
 	localstatedir = "/usr/var"
 	logdir = "/usr/var/log"
 	file = "/app/data/radius.log"
 }
	name = "radiusd"
	prefix = "/usr"
}
[Sun Apr 26 13:58:14 UTC 2026] radiusd exited with code 0. Restarting in 2s...
[Sun Apr 26 13:58:16 UTC 2026] Launching radiusd...
main {
 log {
 	destination = "stdout"
 	syslog_facility = "daemon"
 	localstatedir = "/usr/var"
 	logdir = "/usr/var/log"
 	file = "/app/data/radius.log"
 }
	name = "radiusd"
	prefix = "/usr"
}
[Sun Apr 26 13:58:16 UTC 2026] radiusd exited with code 0. Restarting in 2s...
[Sun Apr 26 13:58:18 UTC 2026] Launching radiusd...
main {
 log {
 	destination = "stdout"
 	syslog_facility = "daemon"
 	localstatedir = "/usr/var"
 	logdir = "/usr/var/log"
 	file = "/app/data/radius.log"
 }
	name = "radiusd"
	prefix = "/usr"
}
[Sun Apr 26 13:58:19 UTC 2026] radiusd exited with code 0. Restarting in 2s...
[Sun Apr 26 13:58:21 UTC 2026] Launching radiusd...
main {
 log {
 	destination = "stdout"
 	syslog_facility = "daemon"
 	localstatedir = "/usr/var"
 	logdir = "/usr/var/log"
 	file = "/app/data/radius.log"
 }
	name = "radiusd"
	prefix = "/usr"
}
[Sun Apr 26 13:58:21 UTC 2026] radiusd exited with code 0. Restarting in 2s...
[Sun Apr 26 13:58:23 UTC 2026] Launching radiusd...
main {
 log {
 	destination = "stdout"
 	syslog_facility = "daemon"
 	localstatedir = "/usr/var"
 	logdir = "/usr/var/log"
 	file = "/app/data/radius.log"
 }
	name = "radiusd"
	prefix = "/usr"
}
[Sun Apr 26 13:58:23 UTC 2026] radiusd exited with code 0. Restarting in 2s...
[Sun Apr 26 13:58:25 UTC 2026] Launching radiusd...
main {
 log {
 	destination = "stdout"
 	syslog_facility = "daemon"
 	localstatedir = "/usr/var"
 	logdir = "/usr/var/log"
 	file = "/app/data/radius.log"
 }
	name = "radiusd"
	prefix = "/usr"
}
[Sun Apr 26 13:58:25 UTC 2026] radiusd exited with code 0. Restarting in 2s...
[Sun Apr 26 13:58:27 UTC 2026] Launching radiusd...
main {
 log {
 	destination = "stdout"
 	syslog_facility = "daemon"
 	localstatedir = "/usr/var"
 	logdir = "/usr/var/log"
 	file = "/app/data/radius.log"
 }
	name = "radiusd"
	prefix = "/usr"
}
[Sun Apr 26 13:58:28 UTC 2026] radiusd exited with code 0. Restarting in 2s...
[Sun Apr 26 13:58:30 UTC 2026] Launching radiusd...
main {
 log {
 	destination = "stdout"
 	syslog_facility = "daemon"
 	localstatedir = "/usr/var"
 	logdir = "/usr/var/log"
 	file = "/app/data/radius.log"
 }
	name = "radiusd"
	prefix = "/usr"
}
[Sun Apr 26 13:58:30 UTC 2026] radiusd exited with code 0. Restarting in 2s...
[Sun Apr 26 13:58:32 UTC 2026] Launching radiusd...
main {
 log {
 	destination = "stdout"
 	syslog_facility = "daemon"
 	localstatedir = "/usr/var"
 	logdir = "/usr/var/log"
 	file = "/app/data/radius.log"
 }
	name = "radiusd"
	prefix = "/usr"
}
[Sun Apr 26 13:58:32 UTC 2026] radiusd exited with code 0. Restarting in 2s...
[Sun Apr 26 13:58:34 UTC 2026] Launching radiusd...
main {
 log {
 	destination = "stdout"
 	syslog_facility = "daemon"
 	localstatedir = "/usr/var"
 	logdir = "/usr/var/log"
 	file = "/app/data/radius.log"
 }
	name = "radiusd"
	prefix = "/usr"
}
[Sun Apr 26 13:58:34 UTC 2026] radiusd exited with code 0. Restarting in 2s...
[Sun Apr 26 13:58:36 UTC 2026] Launching radiusd...
main {
 log {
 	destination = "stdout"
 	syslog_facility = "daemon"
 	localstatedir = "/usr/var"
 	logdir = "/usr/var/log"
 	file = "/app/data/radius.log"
 }
	name = "radiusd"
	prefix = "/usr"
}
[Sun Apr 26 13:58:37 UTC 2026] radiusd exited with code 0. Restarting in 2s...
[Sun Apr 26 13:58:39 UTC 2026] Launching radiusd...
main {
 log {
 	destination = "stdout"
 	syslog_facility = "daemon"
 	localstatedir = "/usr/var"
 	logdir = "/usr/var/log"
 	file = "/app/data/radius.log"
 }
	name = "radiusd"
	prefix = "/usr"
}
[Sun Apr 26 13:58:39 UTC 2026] radiusd exited with code 0. Restarting in 2s...
[Sun Apr 26 13:58:41 UTC 2026] Launching radiusd...
main {
 log {
 	destination = "stdout"
 	syslog_facility = "daemon"
 	localstatedir = "/usr/var"
 	logdir = "/usr/var/log"
 	file = "/app/data/radius.log"
 }
	name = "radiusd"
	prefix = "/usr"
}
[Sun Apr 26 13:58:41 UTC 2026] radiusd exited with code 0. Restarting in 2s...
[Sun Apr 26 13:58:43 UTC 2026] Launching radiusd...
main {
 log {
 	destination = "stdout"
 	syslog_facility = "daemon"
 	localstatedir = "/usr/var"
 	logdir = "/usr/var/log"
 	file = "/app/data/radius.log"
 }
	name = "radiusd"
	prefix = "/usr"
}
[Sun Apr 26 13:58:43 UTC 2026] radiusd exited with code 0. Restarting in 2s...
[Sun Apr 26 13:58:45 UTC 2026] Launching radiusd...
main {
 log {
 	destination = "stdout"
 	syslog_facility = "daemon"
 	localstatedir = "/usr/var"
 	logdir = "/usr/var/log"
 	file = "/app/data/radius.log"
 }
	name = "radiusd"
	prefix = "/usr"
}
[Sun Apr 26 13:58:46 UTC 2026] radiusd exited with code 0. Restarting in 2s...
[Sun Apr 26 13:58:48 UTC 2026] Launching radiusd...
main {
 log {
 	destination = "stdout"
 	syslog_facility = "daemon"
 	localstatedir = "/usr/var"
 	logdir = "/usr/var/log"
 	file = "/app/data/radius.log"
 }
	name = "radiusd"
	prefix = "/usr"
}
[Sun Apr 26 13:58:48 UTC 2026] radiusd exited with code 0. Restarting in 2s...
[Sun Apr 26 13:58:50 UTC 2026] Launching radiusd...
main {
 log {
 	destination = "stdout"
 	syslog_facility = "daemon"
 	localstatedir = "/usr/var"
 	logdir = "/usr/var/log"
 	file = "/app/data/radius.log"
 }
	name = "radiusd"
	prefix = "/usr"
}
[Sun Apr 26 13:58:50 UTC 2026] radiusd exited with code 0. Restarting in 2s...
[Sun Apr 26 13:58:52 UTC 2026] Launching radiusd...
main {
 log {
 	destination = "stdout"
 	syslog_facility = "daemon"
 	localstatedir = "/usr/var"
 	logdir = "/usr/var/log"
 	file = "/app/data/radius.log"
 }
	name = "radiusd"
	prefix = "/usr"
}
[Sun Apr 26 13:58:53 UTC 2026] radiusd exited with code 0. Restarting in 2s...
[Sun Apr 26 13:58:55 UTC 2026] Launching radiusd...
main {
 log {
 	destination = "stdout"
 	syslog_facility = "daemon"
 	localstatedir = "/usr/var"
 	logdir = "/usr/var/log"
 	file = "/app/data/radius.log"
 }
	name = "radiusd"
	prefix = "/usr"
}
[Sun Apr 26 13:58:55 UTC 2026] radiusd exited with code 0. Restarting in 2s...
[Sun Apr 26 13:58:57 UTC 2026] Launching radiusd...
main {
 log {
 	destination = "stdout"
 	syslog_facility = "daemon"
 	localstatedir = "/usr/var"
 	logdir = "/usr/var/log"
 	file = "/app/data/radius.log"
 }
	name = "radiusd"
	prefix = "/usr"
}
[Sun Apr 26 13:58:57 UTC 2026] radiusd exited with code 0. Restarting in 2s...
[Sun Apr 26 13:58:59 UTC 2026] Launching radiusd...
main {
 log {
 	destination = "stdout"
 	syslog_facility = "daemon"
 	localstatedir = "/usr/var"
 	logdir = "/usr/var/log"
 	file = "/app/data/radius.log"
 }
	name = "radiusd"
	prefix = "/usr"
}
[Sun Apr 26 13:59:00 UTC 2026] radiusd exited with code 0. Restarting in 2s...
[Sun Apr 26 13:59:02 UTC 2026] Launching radiusd...
main {
 log {
 	destination = "stdout"
 	syslog_facility = "daemon"
 	localstatedir = "/usr/var"
 	logdir = "/usr/var/log"
 	file = "/app/data/radius.log"
 }
	name = "radiusd"
	prefix = "/usr"
}
[Sun Apr 26 13:59:03 UTC 2026] radiusd exited with code 0. Restarting in 2s...
[Sun Apr 26 13:59:05 UTC 2026] Launching radiusd...
main {
 log {
 	destination = "stdout"
 	syslog_facility = "daemon"
 	localstatedir = "/usr/var"
 	logdir = "/usr/var/log"
 	file = "/app/data/radius.log"
 }
	name = "radiusd"
	prefix = "/usr"
}
[Sun Apr 26 13:59:06 UTC 2026] radiusd exited with code 0. Restarting in 2s...
[Sun Apr 26 13:59:08 UTC 2026] Launching radiusd...
main {
 log {
 	destination = "stdout"
 	syslog_facility = "daemon"
 	localstatedir = "/usr/var"
 	logdir = "/usr/var/log"
 	file = "/app/data/radius.log"
 }
	name = "radiusd"
	prefix = "/usr"
}
[Sun Apr 26 13:59:09 UTC 2026] radiusd exited with code 0. Restarting in 2s...
[Sun Apr 26 13:59:11 UTC 2026] Launching radiusd...
main {
 log {
 	destination = "stdout"
 	syslog_facility = "daemon"
 	localstatedir = "/usr/var"
 	logdir = "/usr/var/log"
 	file = "/app/data/radius.log"
 }
	name = "radiusd"
	prefix = "/usr"
}
[Sun Apr 26 13:59:12 UTC 2026] radiusd exited with code 0. Restarting in 2s...
[Sun Apr 26 13:59:14 UTC 2026] Launching radiusd...
main {
 log {
 	destination = "stdout"
 	syslog_facility = "daemon"
 	localstatedir = "/usr/var"
 	logdir = "/usr/var/log"
 	file = "/app/data/radius.log"
 }
	name = "radiusd"
	prefix = "/usr"
}
[Sun Apr 26 13:59:16 UTC 2026] radiusd exited with code 0. Restarting in 2s...
[Sun Apr 26 13:59:18 UTC 2026] Launching radiusd...
main {
 log {
 	destination = "stdout"
 	syslog_facility = "daemon"
 	localstatedir = "/usr/var"
 	logdir = "/usr/var/log"
 	file = "/app/data/radius.log"
 }
	name = "radiusd"
	prefix = "/usr"
}
[Sun Apr 26 13:59:18 UTC 2026] radiusd exited with code 0. Restarting in 2s...
[Sun Apr 26 13:59:20 UTC 2026] Launching radiusd...
main {
 log {
 	destination = "stdout"
 	syslog_facility = "daemon"
 	localstatedir = "/usr/var"
 	logdir = "/usr/var/log"
 	file = "/app/data/radius.log"
 }
	name = "radiusd"
	prefix = "/usr"
}
[Sun Apr 26 13:59:21 UTC 2026] radiusd exited with code 0. Restarting in 2s...
[Sun Apr 26 13:59:23 UTC 2026] Launching radiusd...
main {
 log {
 	destination = "stdout"
 	syslog_facility = "daemon"
 	localstatedir = "/usr/var"
 	logdir = "/usr/var/log"
 	file = "/app/data/radius.log"
 }
	name = "radiusd"
	prefix = "/usr"
}
[Sun Apr 26 13:59:24 UTC 2026] radiusd exited with code 0. Restarting in 2s...
[Sun Apr 26 13:59:26 UTC 2026] Launching radiusd...
main {
 log {
 	destination = "stdout"
 	syslog_facility = "daemon"
 	localstatedir = "/usr/var"
 	logdir = "/usr/var/log"
 	file = "/app/data/radius.log"
 }
	name = "radiusd"
	prefix = "/usr"
}
[Sun Apr 26 13:59:26 UTC 2026] radiusd exited with code 0. Restarting in 2s...
[Sun Apr 26 13:59:28 UTC 2026] Launching radiusd...
main {
 log {
 	destination = "stdout"
 	syslog_facility = "daemon"
 	localstatedir = "/usr/var"
 	logdir = "/usr/var/log"
 	file = "/app/data/radius.log"
 }
	name = "radiusd"
	prefix = "/usr"
}
[Sun Apr 26 13:59:30 UTC 2026] radiusd exited with code 0. Restarting in 2s...
[Sun Apr 26 13:59:32 UTC 2026] Launching radiusd...
main {
 log {
 	destination = "stdout"
 	syslog_facility = "daemon"
 	localstatedir = "/usr/var"
 	logdir = "/usr/var/log"
 	file = "/app/data/radius.log"
 }
	name = "radiusd"
	prefix = "/usr"
}
[Sun Apr 26 13:59:36 UTC 2026] radiusd exited with code 0. Restarting in 2s...
[Sun Apr 26 13:59:38 UTC 2026] Launching radiusd...
main {
 log {
 	destination = "stdout"
 	syslog_facility = "daemon"
 	localstatedir = "/usr/var"
 	logdir = "/usr/var/log"
 	file = "/app/data/radius.log"
 }
	name = "radiusd"
	prefix = "/usr"
}
[Sun Apr 26 13:59:39 UTC 2026] radiusd exited with code 0. Restarting in 2s...
[Sun Apr 26 13:59:41 UTC 2026] Launching radiusd...
main {
 log {
 	destination = "stdout"
 	syslog_facility = "daemon"
 	localstatedir = "/usr/var"
 	logdir = "/usr/var/log"
 	file = "/app/data/radius.log"
 }
	name = "radiusd"
	prefix = "/usr"
}
[Sun Apr 26 13:59:43 UTC 2026] radiusd exited with code 0. Restarting in 2s...
[Sun Apr 26 13:59:45 UTC 2026] Launching radiusd...
main {
 log {
 	destination = "stdout"
 	syslog_facility = "daemon"
 	localstatedir = "/usr/var"
 	logdir = "/usr/var/log"
 	file = "/app/data/radius.log"
 }
	name = "radiusd"
	prefix = "/usr"
}
[Sun Apr 26 13:59:46 UTC 2026] radiusd exited with code 0. Restarting in 2s...
[Sun Apr 26 13:59:48 UTC 2026] Launching radiusd...
main {
 log {
 	destination = "stdout"
 	syslog_facility = "daemon"
 	localstatedir = "/usr/var"
 	logdir = "/usr/var/log"
 	file = "/app/data/radius.log"
 }
	name = "radiusd"
	prefix = "/usr"
}
[Sun Apr 26 13:59:49 UTC 2026] radiusd exited with code 0. Restarting in 2s...
[Sun Apr 26 13:59:51 UTC 2026] Launching radiusd...
main {
 log {
 	destination = "stdout"
 	syslog_facility = "daemon"
 	localstatedir = "/usr/var"
 	logdir = "/usr/var/log"
 	file = "/app/data/radius.log"
 }
	name = "radiusd"
	prefix = "/usr"
}
[Sun Apr 26 13:59:52 UTC 2026] radiusd exited with code 0. Restarting in 2s...
[Sun Apr 26 13:59:54 UTC 2026] Launching radiusd...
main {
 log {
 	destination = "stdout"
 	syslog_facility = "daemon"
 	localstatedir = "/usr/var"
 	logdir = "/usr/var/log"
 	file = "/app/data/radius.log"
 }
	name = "radiusd"
	prefix = "/usr"
}
[Sun Apr 26 13:59:55 UTC 2026] radiusd exited with code 0. Restarting in 2s...
[Sun Apr 26 13:59:57 UTC 2026] Launching radiusd...
main {
 log {
 	destination = "stdout"
 	syslog_facility = "daemon"
 	localstatedir = "/usr/var"
 	logdir = "/usr/var/log"
 	file = "/app/data/radius.log"
 }
	name = "radiusd"
	prefix = "/usr"
}
[Sun Apr 26 13:59:59 UTC 2026] radiusd exited with code 0. Restarting in 2s...
[Sun Apr 26 14:00:01 UTC 2026] Launching radiusd...
main {
 log {
 	destination = "stdout"
 	syslog_facility = "daemon"
 	localstatedir = "/usr/var"
 	logdir = "/usr/var/log"
 	file = "/app/data/radius.log"
 }
	name = "radiusd"
	prefix = "/usr"
}
[Sun Apr 26 14:00:02 UTC 2026] radiusd exited with code 0. Restarting in 2s...
[Sun Apr 26 14:00:04 UTC 2026] Launching radiusd...
main {
 log {
 	destination = "stdout"
 	syslog_facility = "daemon"
 	localstatedir = "/usr/var"
 	logdir = "/usr/var/log"
 	file = "/app/data/radius.log"
 }
	name = "radiusd"
	prefix = "/usr"
}
[Sun Apr 26 14:00:05 UTC 2026] radiusd exited with code 0. Restarting in 2s...
[Sun Apr 26 14:00:07 UTC 2026] Launching radiusd...
main {
 log {
 	destination = "stdout"
 	syslog_facility = "daemon"
 	localstatedir = "/usr/var"
 	logdir = "/usr/var/log"
 	file = "/app/data/radius.log"
 }
	name = "radiusd"
	prefix = "/usr"
}
[Sun Apr 26 14:00:08 UTC 2026] radiusd exited with code 0. Restarting in 2s...
[Sun Apr 26 14:00:10 UTC 2026] Launching radiusd...
main {
 log {
 	destination = "stdout"
 	syslog_facility = "daemon"
 	localstatedir = "/usr/var"
 	logdir = "/usr/var/log"
 	file = "/app/data/radius.log"
 }
	name = "radiusd"
	prefix = "/usr"
}
[Sun Apr 26 14:00:11 UTC 2026] radiusd exited with code 0. Restarting in 2s...
[Sun Apr 26 14:00:13 UTC 2026] Launching radiusd...
main {
 log {
 	destination = "stdout"
 	syslog_facility = "daemon"
 	localstatedir = "/usr/var"
 	logdir = "/usr/var/log"
 	file = "/app/data/radius.log"
 }
	name = "radiusd"
	prefix = "/usr"
}
[Sun Apr 26 14:00:14 UTC 2026] radiusd exited with code 0. Restarting in 2s...
[Sun Apr 26 14:00:16 UTC 2026] Launching radiusd...
main {
 log {
 	destination = "stdout"
 	syslog_facility = "daemon"
 	localstatedir = "/usr/var"
 	logdir = "/usr/var/log"
 	file = "/app/data/radius.log"
 }
	name = "radiusd"
	prefix = "/usr"
}
[Sun Apr 26 14:00:18 UTC 2026] radiusd exited with code 0. Restarting in 2s...
[Sun Apr 26 14:00:20 UTC 2026] Launching radiusd...
main {
 log {
 	destination = "stdout"
 	syslog_facility = "daemon"
 	localstatedir = "/usr/var"
 	logdir = "/usr/var/log"
 	file = "/app/data/radius.log"
 }
	name = "radiusd"
	prefix = "/usr"
}
[Sun Apr 26 14:00:21 UTC 2026] radiusd exited with code 0. Restarting in 2s...
[Sun Apr 26 14:00:23 UTC 2026] Launching radiusd...
main {
 log {
 	destination = "stdout"
 	syslog_facility = "daemon"
 	localstatedir = "/usr/var"
 	logdir = "/usr/var/log"
 	file = "/app/data/radius.log"
 }
	name = "radiusd"
	prefix = "/usr"
}
[Sun Apr 26 14:00:24 UTC 2026] radiusd exited with code 0. Restarting in 2s...
[Sun Apr 26 14:00:26 UTC 2026] Launching radiusd...
main {
 log {
 	destination = "stdout"
 	syslog_facility = "daemon"
 	localstatedir = "/usr/var"
 	logdir = "/usr/var/log"
 	file = "/app/data/radius.log"
 }
	name = "radiusd"
	prefix = "/usr"
}
[Sun Apr 26 14:00:27 UTC 2026] radiusd exited with code 0. Restarting in 2s...
[Sun Apr 26 14:00:29 UTC 2026] Launching radiusd...
main {
 log {
 	destination = "stdout"
 	syslog_facility = "daemon"
 	localstatedir = "/usr/var"
 	logdir = "/usr/var/log"
 	file = "/app/data/radius.log"
 }
	name = "radiusd"
	prefix = "/usr"
}
[Sun Apr 26 14:00:31 UTC 2026] radiusd exited with code 0. Restarting in 2s...
[Sun Apr 26 14:00:33 UTC 2026] Launching radiusd...
main {
 log {
 	destination = "stdout"
 	syslog_facility = "daemon"
 	localstatedir = "/usr/var"
 	logdir = "/usr/var/log"
 	file = "/app/data/radius.log"
 }
	name = "radiusd"
	prefix = "/usr"
}
[Sun Apr 26 14:00:34 UTC 2026] radiusd exited with code 0. Restarting in 2s...
[Sun Apr 26 14:00:36 UTC 2026] Launching radiusd...
main {
 log {
 	destination = "stdout"
 	syslog_facility = "daemon"
 	localstatedir = "/usr/var"
 	logdir = "/usr/var/log"
 	file = "/app/data/radius.log"
 }
	name = "radiusd"
	prefix = "/usr"
}
[Sun Apr 26 14:00:37 UTC 2026] radiusd exited with code 0. Restarting in 2s...
[Sun Apr 26 14:00:40 UTC 2026] Launching radiusd...
main {
 log {
 	destination = "stdout"
 	syslog_facility = "daemon"
 	localstatedir = "/usr/var"
 	logdir = "/usr/var/log"
 	file = "/app/data/radius.log"
 }
	name = "radiusd"
	prefix = "/usr"
}
[Sun Apr 26 14:00:41 UTC 2026] radiusd exited with code 0. Restarting in 2s...
[Sun Apr 26 14:00:44 UTC 2026] Launching radiusd...
main {
 log {
 	destination = "stdout"
 	syslog_facility = "daemon"
 	localstatedir = "/usr/var"
 	logdir = "/usr/var/log"
 	file = "/app/data/radius.log"
 }
	name = "radiusd"
	prefix = "/usr"
}
[Sun Apr 26 14:00:47 UTC 2026] radiusd exited with code 0. Restarting in 2s...
[Sun Apr 26 14:00:49 UTC 2026] Launching radiusd...
main {
 log {
 	destination = "stdout"
 	syslog_facility = "daemon"
 	localstatedir = "/usr/var"
 	logdir = "/usr/var/log"
 	file = "/app/data/radius.log"
 }
	name = "radiusd"
	prefix = "/usr"
}
[Sun Apr 26 14:00:50 UTC 2026] radiusd exited with code 0. Restarting in 2s...
[Sun Apr 26 14:00:52 UTC 2026] Launching radiusd...
main {
 log {
 	destination = "stdout"
 	syslog_facility = "daemon"
 	localstatedir = "/usr/var"
 	logdir = "/usr/var/log"
 	file = "/app/data/radius.log"
 }
	name = "radiusd"
	prefix = "/usr"
}
[Sun Apr 26 14:00:54 UTC 2026] radiusd exited with code 0. Restarting in 2s...
[Sun Apr 26 14:00:56 UTC 2026] Launching radiusd...
main {
 log {
 	destination = "stdout"
 	syslog_facility = "daemon"
 	localstatedir = "/usr/var"
 	logdir = "/usr/var/log"
 	file = "/app/data/radius.log"
 }
	name = "radiusd"
	prefix = "/usr"
}
[Sun Apr 26 14:00:57 UTC 2026] radiusd exited with code 0. Restarting in 2s...
[Sun Apr 26 14:00:59 UTC 2026] Launching radiusd...
main {
 log {
 	destination = "stdout"
 	syslog_facility = "daemon"
 	localstatedir = "/usr/var"
 	logdir = "/usr/var/log"
 	file = "/app/data/radius.log"
 }
	name = "radiusd"
	prefix = "/usr"
}
[Sun Apr 26 14:01:01 UTC 2026] radiusd exited with code 0. Restarting in 2s...
[Sun Apr 26 14:01:03 UTC 2026] Launching radiusd...
main {
 log {
 	destination = "stdout"
 	syslog_facility = "daemon"
 	localstatedir = "/usr/var"
 	logdir = "/usr/var/log"
 	file = "/app/data/radius.log"
 }
	name = "radiusd"
	prefix = "/usr"
}
[Sun Apr 26 14:01:05 UTC 2026] radiusd exited with code 0. Restarting in 2s...
[Sun Apr 26 14:01:07 UTC 2026] Launching radiusd...
main {
 log {
 	destination = "stdout"
 	syslog_facility = "daemon"
 	localstatedir = "/usr/var"
 	logdir = "/usr/var/log"
 	file = "/app/data/radius.log"
 }
	name = "radiusd"
	prefix = "/usr"
}
[Sun Apr 26 14:01:08 UTC 2026] radiusd exited with code 0. Restarting in 2s...
[Sun Apr 26 14:01:10 UTC 2026] Launching radiusd...
main {
 log {
 	destination = "stdout"
 	syslog_facility = "daemon"
 	localstatedir = "/usr/var"
 	logdir = "/usr/var/log"
 	file = "/app/data/radius.log"
 }
	name = "radiusd"
	prefix = "/usr"
}
[Sun Apr 26 14:01:12 UTC 2026] radiusd exited with code 0. Restarting in 2s...
[Sun Apr 26 14:01:14 UTC 2026] Launching radiusd...
main {
 log {
 	destination = "stdout"
 	syslog_facility = "daemon"
 	localstatedir = "/usr/var"
 	logdir = "/usr/var/log"
 	file = "/app/data/radius.log"
 }
	name = "radiusd"
	prefix = "/usr"
}
[Sun Apr 26 14:01:16 UTC 2026] radiusd exited with code 0. Restarting in 2s...
[Sun Apr 26 14:01:18 UTC 2026] Launching radiusd...
main {
 log {
 	destination = "stdout"
 	syslog_facility = "daemon"
 	localstatedir = "/usr/var"
 	logdir = "/usr/var/log"
 	file = "/app/data/radius.log"
 }
	name = "radiusd"
	prefix = "/usr"
}
[Sun Apr 26 14:01:19 UTC 2026] radiusd exited with code 0. Restarting in 2s...
[Sun Apr 26 14:01:21 UTC 2026] Launching radiusd...
main {
 log {
 	destination = "stdout"
 	syslog_facility = "daemon"
 	localstatedir = "/usr/var"
 	logdir = "/usr/var/log"
 	file = "/app/data/radius.log"
 }
	name = "radiusd"
	prefix = "/usr"
}
[Sun Apr 26 14:01:22 UTC 2026] radiusd exited with code 0. Restarting in 2s...
[Sun Apr 26 14:01:24 UTC 2026] Launching radiusd...
main {
 log {
 	destination = "stdout"
 	syslog_facility = "daemon"
 	localstatedir = "/usr/var"
 	logdir = "/usr/var/log"
 	file = "/app/data/radius.log"
 }
	name = "radiusd"
	prefix = "/usr"
}
[Sun Apr 26 14:01:25 UTC 2026] radiusd exited with code 0. Restarting in 2s...
[Sun Apr 26 14:01:27 UTC 2026] Launching radiusd...
main {
 log {
 	destination = "stdout"
 	syslog_facility = "daemon"
 	localstatedir = "/usr/var"
 	logdir = "/usr/var/log"
 	file = "/app/data/radius.log"
 }
	name = "radiusd"
	prefix = "/usr"
}
[Sun Apr 26 14:01:28 UTC 2026] radiusd exited with code 0. Restarting in 2s...
[Sun Apr 26 14:01:30 UTC 2026] Launching radiusd...
main {
 log {
 	destination = "stdout"
 	syslog_facility = "daemon"
 	localstatedir = "/usr/var"
 	logdir = "/usr/var/log"
 	file = "/app/data/radius.log"
 }
	name = "radiusd"
	prefix = "/usr"
}
[Sun Apr 26 14:01:32 UTC 2026] radiusd exited with code 0. Restarting in 2s...
[Sun Apr 26 14:01:34 UTC 2026] Launching radiusd...
main {
 log {
 	destination = "stdout"
 	syslog_facility = "daemon"
 	localstatedir = "/usr/var"
 	logdir = "/usr/var/log"
 	file = "/app/data/radius.log"
 }
	name = "radiusd"
	prefix = "/usr"
}
[Sun Apr 26 14:01:35 UTC 2026] radiusd exited with code 0. Restarting in 2s...
[Sun Apr 26 14:01:38 UTC 2026] Launching radiusd...
main {
 log {
 	destination = "stdout"
 	syslog_facility = "daemon"
 	localstatedir = "/usr/var"
 	logdir = "/usr/var/log"
 	file = "/app/data/radius.log"
 }
	name = "radiusd"
	prefix = "/usr"
}
[Sun Apr 26 14:01:40 UTC 2026] radiusd exited with code 0. Restarting in 2s...
[Sun Apr 26 14:01:42 UTC 2026] Launching radiusd...
main {
 log {
 	destination = "stdout"
 	syslog_facility = "daemon"
 	localstatedir = "/usr/var"
 	logdir = "/usr/var/log"
 	file = "/app/data/radius.log"
 }
	name = "radiusd"
	prefix = "/usr"
}
[Sun Apr 26 14:01:46 UTC 2026] radiusd exited with code 0. Restarting in 2s...
[Sun Apr 26 14:01:48 UTC 2026] Launching radiusd...
main {
 log {
 	destination = "stdout"
 	syslog_facility = "daemon"
 	localstatedir = "/usr/var"
 	logdir = "/usr/var/log"
 	file = "/app/data/radius.log"
 }
	name = "radiusd"
	prefix = "/usr"
}
[Sun Apr 26 14:01:50 UTC 2026] radiusd exited with code 0. Restarting in 2s...
[Sun Apr 26 14:01:52 UTC 2026] Launching radiusd...
main {
 log {
 	destination = "stdout"
 	syslog_facility = "daemon"
 	localstatedir = "/usr/var"
 	logdir = "/usr/var/log"
 	file = "/app/data/radius.log"
 }
	name = "radiusd"
	prefix = "/usr"
}
[Sun Apr 26 14:01:55 UTC 2026] radiusd exited with code 0. Restarting in 2s...
[Sun Apr 26 14:01:57 UTC 2026] Launching radiusd...
main {
 log {
 	destination = "stdout"
 	syslog_facility = "daemon"
 	localstatedir = "/usr/var"
 	logdir = "/usr/var/log"
 	file = "/app/data/radius.log"
 }
	name = "radiusd"
	prefix = "/usr"
}
[Sun Apr 26 14:02:00 UTC 2026] radiusd exited with code 0. Restarting in 2s...
[Sun Apr 26 14:02:03 UTC 2026] Launching radiusd...
main {
 log {
 	destination = "stdout"
 	syslog_facility = "daemon"
 	localstatedir = "/usr/var"
 	logdir = "/usr/var/log"
 	file = "/app/data/radius.log"
 }
	name = "radiusd"
	prefix = "/usr"
}
[Sun Apr 26 14:02:09 UTC 2026] radiusd exited with code 0. Restarting in 2s...
[Sun Apr 26 14:02:12 UTC 2026] Launching radiusd...
main {
 log {
 	destination = "stdout"
 	syslog_facility = "daemon"
 	localstatedir = "/usr/var"
 	logdir = "/usr/var/log"
 	file = "/app/data/radius.log"
 }
	name = "radiusd"
	prefix = "/usr"
}
[Sun Apr 26 14:02:13 UTC 2026] radiusd exited with code 0. Restarting in 2s...
[Sun Apr 26 14:02:15 UTC 2026] Launching radiusd...
main {
 log {
 	destination = "stdout"
 	syslog_facility = "daemon"
 	localstatedir = "/usr/var"
 	logdir = "/usr/var/log"
 	file = "/app/data/radius.log"
 }
	name = "radiusd"
	prefix = "/usr"
}
[Sun Apr 26 14:02:21 UTC 2026] radiusd exited with code 0. Restarting in 2s...
[Sun Apr 26 14:02:23 UTC 2026] Launching radiusd...
main {
 log {
 	destination = "stdout"
 	syslog_facility = "daemon"
 	localstatedir = "/usr/var"
 	logdir = "/usr/var/log"
 	file = "/app/data/radius.log"
 }
	name = "radiusd"
	prefix = "/usr"
}
[Sun Apr 26 14:02:28 UTC 2026] radiusd exited with code 0. Restarting in 2s...
[Sun Apr 26 14:02:30 UTC 2026] Launching radiusd...
main {
 log {
 	destination = "stdout"
 	syslog_facility = "daemon"
 	localstatedir = "/usr/var"
 	logdir = "/usr/var/log"
 	file = "/app/data/radius.log"
 }
	name = "radiusd"
	prefix = "/usr"
}
[Sun Apr 26 14:02:36 UTC 2026] radiusd exited with code 0. Restarting in 2s...
[Sun Apr 26 14:02:38 UTC 2026] Launching radiusd...
main {
 log {
 	destination = "stdout"
 	syslog_facility = "daemon"
 	localstatedir = "/usr/var"
 	logdir = "/usr/var/log"
 	file = "/app/data/radius.log"
 }
	name = "radiusd"
	prefix = "/usr"
}
[Sun Apr 26 14:02:44 UTC 2026] radiusd exited with code 0. Restarting in 2s...
[Sun Apr 26 14:02:46 UTC 2026] Launching radiusd...
main {
 log {
 	destination = "stdout"
 	syslog_facility = "daemon"
 	localstatedir = "/usr/var"
 	logdir = "/usr/var/log"
 	file = "/app/data/radius.log"
 }
	name = "radiusd"
	prefix = "/usr"
}
[Sun Apr 26 14:02:48 UTC 2026] radiusd exited with code 0. Restarting in 2s...
[Sun Apr 26 14:02:50 UTC 2026] Launching radiusd...
main {
 log {
 	destination = "stdout"
 	syslog_facility = "daemon"
 	localstatedir = "/usr/var"
 	logdir = "/usr/var/log"
 	file = "/app/data/radius.log"
 }
	name = "radiusd"
	prefix = "/usr"
}
[Sun Apr 26 14:02:53 UTC 2026] radiusd exited with code 0. Restarting in 2s...
[Sun Apr 26 14:02:55 UTC 2026] Launching radiusd...
main {
 log {
 	destination = "stdout"
 	syslog_facility = "daemon"
 	localstatedir = "/usr/var"
 	logdir = "/usr/var/log"
 	file = "/app/data/radius.log"
 }
	name = "radiusd"
	prefix = "/usr"
}
[Sun Apr 26 14:02:56 UTC 2026] radiusd exited with code 0. Restarting in 2s...
[Sun Apr 26 14:02:59 UTC 2026] Launching radiusd...
main {
 log {
 	destination = "stdout"
 	syslog_facility = "daemon"
 	localstatedir = "/usr/var"
 	logdir = "/usr/var/log"
 	file = "/app/data/radius.log"
 }
	name = "radiusd"
	prefix = "/usr"
}
[Sun Apr 26 14:03:02 UTC 2026] radiusd exited with code 0. Restarting in 2s...
[Sun Apr 26 14:03:04 UTC 2026] Launching radiusd...
main {
 log {
 	destination = "stdout"
 	syslog_facility = "daemon"
 	localstatedir = "/usr/var"
 	logdir = "/usr/var/log"
 	file = "/app/data/radius.log"
 }
	name = "radiusd"
	prefix = "/usr"
}
[Sun Apr 26 14:03:06 UTC 2026] radiusd exited with code 0. Restarting in 2s...
[Sun Apr 26 14:03:08 UTC 2026] Launching radiusd...
main {
 log {
 	destination = "stdout"
 	syslog_facility = "daemon"
 	localstatedir = "/usr/var"
 	logdir = "/usr/var/log"
 	file = "/app/data/radius.log"
 }
	name = "radiusd"
	prefix = "/usr"
}
[Sun Apr 26 14:03:09 UTC 2026] radiusd exited with code 0. Restarting in 2s...
[Sun Apr 26 14:03:11 UTC 2026] Launching radiusd...
main {
 log {
 	destination = "stdout"
 	syslog_facility = "daemon"
 	localstatedir = "/usr/var"
 	logdir = "/usr/var/log"
 	file = "/app/data/radius.log"
 }
	name = "radiusd"
	prefix = "/usr"
}
[Sun Apr 26 14:03:12 UTC 2026] radiusd exited with code 0. Restarting in 2s...
[Sun Apr 26 14:03:15 UTC 2026] Launching radiusd...
main {
 log {
 	destination = "stdout"
 	syslog_facility = "daemon"
 	localstatedir = "/usr/var"
 	logdir = "/usr/var/log"
 	file = "/app/data/radius.log"
 }
	name = "radiusd"
	prefix = "/usr"
}
[Sun Apr 26 14:03:16 UTC 2026] radiusd exited with code 0. Restarting in 2s...
[Sun Apr 26 14:03:18 UTC 2026] Launching radiusd...
main {
 log {
 	destination = "stdout"
 	syslog_facility = "daemon"
 	localstatedir = "/usr/var"
 	logdir = "/usr/var/log"
 	file = "/app/data/radius.log"
 }
	name = "radiusd"
	prefix = "/usr"
}
[Sun Apr 26 14:03:28 UTC 2026] radiusd exited with code 0. Restarting in 2s...
[Sun Apr 26 14:03:30 UTC 2026] Launching radiusd...
main {
 log {
 	destination = "stdout"
 	syslog_facility = "daemon"
 	localstatedir = "/usr/var"
 	logdir = "/usr/var/log"
 	file = "/app/data/radius.log"
 }
	name = "radiusd"
	prefix = "/usr"
}
[Sun Apr 26 14:03:31 UTC 2026] radiusd exited with code 0. Restarting in 2s...
[Sun Apr 26 14:03:34 UTC 2026] Launching radiusd...
main {
 log {
 	destination = "stdout"
 	syslog_facility = "daemon"
 	localstatedir = "/usr/var"
 	logdir = "/usr/var/log"
 	file = "/app/data/radius.log"
 }
	name = "radiusd"
	prefix = "/usr"
}
[Sun Apr 26 14:03:37 UTC 2026] radiusd exited with code 0. Restarting in 2s...
[Sun Apr 26 14:03:39 UTC 2026] Launching radiusd...
main {
 log {
 	destination = "stdout"
 	syslog_facility = "daemon"
 	localstatedir = "/usr/var"
 	logdir = "/usr/var/log"
 	file = "/app/data/radius.log"
 }
	name = "radiusd"
	prefix = "/usr"
}
[Sun Apr 26 14:03:56 UTC 2026] radiusd exited with code 0. Restarting in 2s...
[Sun Apr 26 14:03:58 UTC 2026] Launching radiusd...
main {
 log {
 	destination = "stdout"
 	syslog_facility = "daemon"
 	localstatedir = "/usr/var"
 	logdir = "/usr/var/log"
 	file = "/app/data/radius.log"
 }
	name = "radiusd"
	prefix = "/usr"
}
[Sun Apr 26 14:04:04 UTC 2026] radiusd exited with code 0. Restarting in 2s...
[Sun Apr 26 14:04:06 UTC 2026] Launching radiusd...
main {
 log {
 	destination = "stdout"
 	syslog_facility = "daemon"
 	localstatedir = "/usr/var"
 	logdir = "/usr/var/log"
 	file = "/app/data/radius.log"
 }
	name = "radiusd"
	prefix = "/usr"
}
[Sun Apr 26 14:04:18 UTC 2026] radiusd exited with code 0. Restarting in 2s...
[Sun Apr 26 14:04:20 UTC 2026] Launching radiusd...
main {
 log {
 	destination = "stdout"
 	syslog_facility = "daemon"
 	localstatedir = "/usr/var"
 	logdir = "/usr/var/log"
 	file = "/app/data/radius.log"
 }
	name = "radiusd"
	prefix = "/usr"
}
[Sun Apr 26 14:04:23 UTC 2026] radiusd exited with code 0. Restarting in 2s...
[Sun Apr 26 14:04:25 UTC 2026] Launching radiusd...
main {
 log {
 	destination = "stdout"
 	syslog_facility = "daemon"
 	localstatedir = "/usr/var"
 	logdir = "/usr/var/log"
 	file = "/app/data/radius.log"
 }
	name = "radiusd"
	prefix = "/usr"
}
[Sun Apr 26 14:04:26 UTC 2026] radiusd exited with code 0. Restarting in 2s...
[Sun Apr 26 14:04:28 UTC 2026] Launching radiusd...
main {
 log {
 	destination = "stdout"
 	syslog_facility = "daemon"
 	localstatedir = "/usr/var"
 	logdir = "/usr/var/log"
 	file = "/app/data/radius.log"
 }
	name = "radiusd"
	prefix = "/usr"
}
[Sun Apr 26 14:04:29 UTC 2026] radiusd exited with code 0. Restarting in 2s...
[Sun Apr 26 14:04:31 UTC 2026] Launching radiusd...
main {
 log {
 	destination = "stdout"
 	syslog_facility = "daemon"
 	localstatedir = "/usr/var"
 	logdir = "/usr/var/log"
 	file = "/app/data/radius.log"
 }
	name = "radiusd"
	prefix = "/usr"
}
[Sun Apr 26 14:04:32 UTC 2026] radiusd exited with code 0. Restarting in 2s...
[Sun Apr 26 14:04:34 UTC 2026] Launching radiusd...
main {
 log {
 	destination = "stdout"
 	syslog_facility = "daemon"
 	localstatedir = "/usr/var"
 	logdir = "/usr/var/log"
 	file = "/app/data/radius.log"
 }
	name = "radiusd"
	prefix = "/usr"
}
[Sun Apr 26 14:04:36 UTC 2026] radiusd exited with code 0. Restarting in 2s...
[Sun Apr 26 14:04:38 UTC 2026] Launching radiusd...
main {
 log {
 	destination = "stdout"
 	syslog_facility = "daemon"
 	localstatedir = "/usr/var"
 	logdir = "/usr/var/log"
 	file = "/app/data/radius.log"
 }
	name = "radiusd"
	prefix = "/usr"
}
[Sun Apr 26 14:04:40 UTC 2026] radiusd exited with code 0. Restarting in 2s...
[Sun Apr 26 14:04:42 UTC 2026] Launching radiusd...
main {
 log {
 	destination = "stdout"
 	syslog_facility = "daemon"
 	localstatedir = "/usr/var"
 	logdir = "/usr/var/log"
 	file = "/app/data/radius.log"
 }
	name = "radiusd"
	prefix = "/usr"
}
[Sun Apr 26 14:04:43 UTC 2026] radiusd exited with code 0. Restarting in 2s...
[Sun Apr 26 14:04:45 UTC 2026] Launching radiusd...
main {
 log {
 	destination = "stdout"
 	syslog_facility = "daemon"
 	localstatedir = "/usr/var"
 	logdir = "/usr/var/log"
 	file = "/app/data/radius.log"
 }
	name = "radiusd"
	prefix = "/usr"
}
[Sun Apr 26 14:04:48 UTC 2026] radiusd exited with code 0. Restarting in 2s...
[Sun Apr 26 14:04:50 UTC 2026] Launching radiusd...
main {
 log {
 	destination = "stdout"
 	syslog_facility = "daemon"
 	localstatedir = "/usr/var"
 	logdir = "/usr/var/log"
 	file = "/app/data/radius.log"
 }
	name = "radiusd"
	prefix = "/usr"
}
[Sun Apr 26 14:04:52 UTC 2026] radiusd exited with code 0. Restarting in 2s...
[Sun Apr 26 14:04:54 UTC 2026] Launching radiusd...
main {
 log {
 	destination = "stdout"
 	syslog_facility = "daemon"
 	localstatedir = "/usr/var"
 	logdir = "/usr/var/log"
 	file = "/app/data/radius.log"
 }
	name = "radiusd"
	prefix = "/usr"
}
[Sun Apr 26 14:04:55 UTC 2026] radiusd exited with code 0. Restarting in 2s...
[Sun Apr 26 14:04:58 UTC 2026] Launching radiusd...
main {
 log {
 	destination = "stdout"
 	syslog_facility = "daemon"
 	localstatedir = "/usr/var"
 	logdir = "/usr/var/log"
 	file = "/app/data/radius.log"
 }
	name = "radiusd"
	prefix = "/usr"
}
[Sun Apr 26 14:04:59 UTC 2026] radiusd exited with code 0. Restarting in 2s...
[Sun Apr 26 14:05:02 UTC 2026] Launching radiusd...
main {
 log {
 	destination = "stdout"
 	syslog_facility = "daemon"
 	localstatedir = "/usr/var"
 	logdir = "/usr/var/log"
 	file = "/app/data/radius.log"
 }
	name = "radiusd"
	prefix = "/usr"
}
[Sun Apr 26 14:05:02 UTC 2026] radiusd exited with code 0. Restarting in 2s...
[Sun Apr 26 14:05:04 UTC 2026] Launching radiusd...
main {
 log {
 	destination = "stdout"
 	syslog_facility = "daemon"
 	localstatedir = "/usr/var"
 	logdir = "/usr/var/log"
 	file = "/app/data/radius.log"
 }
	name = "radiusd"
	prefix = "/usr"
}
[Sun Apr 26 14:05:05 UTC 2026] radiusd exited with code 0. Restarting in 2s...
[Sun Apr 26 14:05:07 UTC 2026] Launching radiusd...
main {
 log {
 	destination = "stdout"
 	syslog_facility = "daemon"
 	localstatedir = "/usr/var"
 	logdir = "/usr/var/log"
 	file = "/app/data/radius.log"
 }
	name = "radiusd"
	prefix = "/usr"
}
[Sun Apr 26 14:05:08 UTC 2026] radiusd exited with code 0. Restarting in 2s...
[Sun Apr 26 14:05:10 UTC 2026] Launching radiusd...
main {
 log {
 	destination = "stdout"
 	syslog_facility = "daemon"
 	localstatedir = "/usr/var"
 	logdir = "/usr/var/log"
 	file = "/app/data/radius.log"
 }
	name = "radiusd"
	prefix = "/usr"
}
[Sun Apr 26 14:05:11 UTC 2026] radiusd exited with code 0. Restarting in 2s...
[Sun Apr 26 14:05:13 UTC 2026] Launching radiusd...
main {
 log {
 	destination = "stdout"
 	syslog_facility = "daemon"
 	localstatedir = "/usr/var"
 	logdir = "/usr/var/log"
 	file = "/app/data/radius.log"
 }
	name = "radiusd"
	prefix = "/usr"
}
[Sun Apr 26 14:05:14 UTC 2026] radiusd exited with code 0. Restarting in 2s...
[Sun Apr 26 14:05:16 UTC 2026] Launching radiusd...
main {
 log {
 	destination = "stdout"
 	syslog_facility = "daemon"
 	localstatedir = "/usr/var"
 	logdir = "/usr/var/log"
 	file = "/app/data/radius.log"
 }
	name = "radiusd"
	prefix = "/usr"
}
[Sun Apr 26 14:05:18 UTC 2026] radiusd exited with code 0. Restarting in 2s...
[Sun Apr 26 14:05:20 UTC 2026] Launching radiusd...
main {
 log {
 	destination = "stdout"
 	syslog_facility = "daemon"
 	localstatedir = "/usr/var"
 	logdir = "/usr/var/log"
 	file = "/app/data/radius.log"
 }
	name = "radiusd"
	prefix = "/usr"
}
[Sun Apr 26 14:05:21 UTC 2026] radiusd exited with code 0. Restarting in 2s...
[Sun Apr 26 14:05:23 UTC 2026] Launching radiusd...
main {
 log {
 	destination = "stdout"
 	syslog_facility = "daemon"
 	localstatedir = "/usr/var"
 	logdir = "/usr/var/log"
 	file = "/app/data/radius.log"
 }
	name = "radiusd"
	prefix = "/usr"
}
[Sun Apr 26 14:05:24 UTC 2026] radiusd exited with code 0. Restarting in 2s...
[Sun Apr 26 14:05:26 UTC 2026] Launching radiusd...
main {
 log {
 	destination = "stdout"
 	syslog_facility = "daemon"
 	localstatedir = "/usr/var"
 	logdir = "/usr/var/log"
 	file = "/app/data/radius.log"
 }
	name = "radiusd"
	prefix = "/usr"
}
[Sun Apr 26 14:05:27 UTC 2026] radiusd exited with code 0. Restarting in 2s...
[Sun Apr 26 14:05:29 UTC 2026] Launching radiusd...
main {
 log {
 	destination = "stdout"
 	syslog_facility = "daemon"
 	localstatedir = "/usr/var"
 	logdir = "/usr/var/log"
 	file = "/app/data/radius.log"
 }
	name = "radiusd"
	prefix = "/usr"
}
[Sun Apr 26 14:05:30 UTC 2026] radiusd exited with code 0. Restarting in 2s...
[Sun Apr 26 14:05:32 UTC 2026] Launching radiusd...
main {
 log {
 	destination = "stdout"
 	syslog_facility = "daemon"
 	localstatedir = "/usr/var"
 	logdir = "/usr/var/log"
 	file = "/app/data/radius.log"
 }
	name = "radiusd"
	prefix = "/usr"
}
[Sun Apr 26 14:05:32 UTC 2026] radiusd exited with code 0. Restarting in 2s...
[Sun Apr 26 14:05:34 UTC 2026] Launching radiusd...
main {
 log {
 	destination = "stdout"
 	syslog_facility = "daemon"
 	localstatedir = "/usr/var"
 	logdir = "/usr/var/log"
 	file = "/app/data/radius.log"
 }
	name = "radiusd"
	prefix = "/usr"
}
[Sun Apr 26 14:05:35 UTC 2026] radiusd exited with code 0. Restarting in 2s...
[Sun Apr 26 14:05:37 UTC 2026] Launching radiusd...
main {
 log {
 	destination = "stdout"
 	syslog_facility = "daemon"
 	localstatedir = "/usr/var"
 	logdir = "/usr/var/log"
 	file = "/app/data/radius.log"
 }
	name = "radiusd"
	prefix = "/usr"
}
[Sun Apr 26 14:05:38 UTC 2026] radiusd exited with code 0. Restarting in 2s...
[Sun Apr 26 14:05:40 UTC 2026] Launching radiusd...
main {
 log {
 	destination = "stdout"
 	syslog_facility = "daemon"
 	localstatedir = "/usr/var"
 	logdir = "/usr/var/log"
 	file = "/app/data/radius.log"
 }
	name = "radiusd"
	prefix = "/usr"
}
[Sun Apr 26 14:05:41 UTC 2026] radiusd exited with code 0. Restarting in 2s...
[Sun Apr 26 14:05:43 UTC 2026] Launching radiusd...
main {
 log {
 	destination = "stdout"
 	syslog_facility = "daemon"
 	localstatedir = "/usr/var"
 	logdir = "/usr/var/log"
 	file = "/app/data/radius.log"
 }
	name = "radiusd"
	prefix = "/usr"
}
[Sun Apr 26 14:05:44 UTC 2026] radiusd exited with code 0. Restarting in 2s...
[Sun Apr 26 14:05:46 UTC 2026] Launching radiusd...
main {
 log {
 	destination = "stdout"
 	syslog_facility = "daemon"
 	localstatedir = "/usr/var"
 	logdir = "/usr/var/log"
 	file = "/app/data/radius.log"
 }
	name = "radiusd"
	prefix = "/usr"
}
[Sun Apr 26 14:05:47 UTC 2026] radiusd exited with code 0. Restarting in 2s...
[Sun Apr 26 14:05:49 UTC 2026] Launching radiusd...
main {
 log {
 	destination = "stdout"
 	syslog_facility = "daemon"
 	localstatedir = "/usr/var"
 	logdir = "/usr/var/log"
 	file = "/app/data/radius.log"
 }
	name = "radiusd"
	prefix = "/usr"
}
[Sun Apr 26 14:05:51 UTC 2026] radiusd exited with code 0. Restarting in 2s...
[Sun Apr 26 14:05:53 UTC 2026] Launching radiusd...
main {
 log {
 	destination = "stdout"
 	syslog_facility = "daemon"
 	localstatedir = "/usr/var"
 	logdir = "/usr/var/log"
 	file = "/app/data/radius.log"
 }
	name = "radiusd"
	prefix = "/usr"
}
[Sun Apr 26 14:05:55 UTC 2026] radiusd exited with code 0. Restarting in 2s...
[Sun Apr 26 14:05:57 UTC 2026] Launching radiusd...
main {
 log {
 	destination = "stdout"
 	syslog_facility = "daemon"
 	localstatedir = "/usr/var"
 	logdir = "/usr/var/log"
 	file = "/app/data/radius.log"
 }
	name = "radiusd"
	prefix = "/usr"
}
[Sun Apr 26 14:05:59 UTC 2026] radiusd exited with code 0. Restarting in 2s...
[Sun Apr 26 14:06:01 UTC 2026] Launching radiusd...
main {
 log {
 	destination = "stdout"
 	syslog_facility = "daemon"
 	localstatedir = "/usr/var"
 	logdir = "/usr/var/log"
 	file = "/app/data/radius.log"
 }
	name = "radiusd"
	prefix = "/usr"
}
[Sun Apr 26 14:06:02 UTC 2026] radiusd exited with code 0. Restarting in 2s...
[Sun Apr 26 14:06:04 UTC 2026] Launching radiusd...
main {
 log {
 	destination = "stdout"
 	syslog_facility = "daemon"
 	localstatedir = "/usr/var"
 	logdir = "/usr/var/log"
 	file = "/app/data/radius.log"
 }
	name = "radiusd"
	prefix = "/usr"
}
[Sun Apr 26 14:06:05 UTC 2026] radiusd exited with code 0. Restarting in 2s...
[Sun Apr 26 14:06:07 UTC 2026] Launching radiusd...
main {
 log {
 	destination = "stdout"
 	syslog_facility = "daemon"
 	localstatedir = "/usr/var"
 	logdir = "/usr/var/log"
 	file = "/app/data/radius.log"
 }
	name = "radiusd"
	prefix = "/usr"
}
[Sun Apr 26 14:06:08 UTC 2026] radiusd exited with code 0. Restarting in 2s...
[Sun Apr 26 14:06:10 UTC 2026] Launching radiusd...
main {
 log {
 	destination = "stdout"
 	syslog_facility = "daemon"
 	localstatedir = "/usr/var"
 	logdir = "/usr/var/log"
 	file = "/app/data/radius.log"
 }
	name = "radiusd"
	prefix = "/usr"
}
[Sun Apr 26 14:06:11 UTC 2026] radiusd exited with code 0. Restarting in 2s...
[Sun Apr 26 14:06:13 UTC 2026] Launching radiusd...
main {
 log {
 	destination = "stdout"
 	syslog_facility = "daemon"
 	localstatedir = "/usr/var"
 	logdir = "/usr/var/log"
 	file = "/app/data/radius.log"
 }
	name = "radiusd"
	prefix = "/usr"
}
[Sun Apr 26 14:06:14 UTC 2026] radiusd exited with code 0. Restarting in 2s...
[Sun Apr 26 14:06:16 UTC 2026] Launching radiusd...
main {
 log {
 	destination = "stdout"
 	syslog_facility = "daemon"
 	localstatedir = "/usr/var"
 	logdir = "/usr/var/log"
 	file = "/app/data/radius.log"
 }
	name = "radiusd"
	prefix = "/usr"
}
[Sun Apr 26 14:06:17 UTC 2026] radiusd exited with code 0. Restarting in 2s...
[Sun Apr 26 14:06:19 UTC 2026] Launching radiusd...
main {
 log {
 	destination = "stdout"
 	syslog_facility = "daemon"
 	localstatedir = "/usr/var"
 	logdir = "/usr/var/log"
 	file = "/app/data/radius.log"
 }
	name = "radiusd"
	prefix = "/usr"
}
[Sun Apr 26 14:06:20 UTC 2026] radiusd exited with code 0. Restarting in 2s...
[Sun Apr 26 14:06:22 UTC 2026] Launching radiusd...
main {
 log {
 	destination = "stdout"
 	syslog_facility = "daemon"
 	localstatedir = "/usr/var"
 	logdir = "/usr/var/log"
 	file = "/app/data/radius.log"
 }
	name = "radiusd"
	prefix = "/usr"
}
[Sun Apr 26 14:06:24 UTC 2026] radiusd exited with code 0. Restarting in 2s...
[Sun Apr 26 14:06:26 UTC 2026] Launching radiusd...
main {
 log {
 	destination = "stdout"
 	syslog_facility = "daemon"
 	localstatedir = "/usr/var"
 	logdir = "/usr/var/log"
 	file = "/app/data/radius.log"
 }
	name = "radiusd"
	prefix = "/usr"
}
[Sun Apr 26 14:06:27 UTC 2026] radiusd exited with code 0. Restarting in 2s...
[Sun Apr 26 14:06:29 UTC 2026] Launching radiusd...
main {
 log {
 	destination = "stdout"
 	syslog_facility = "daemon"
 	localstatedir = "/usr/var"
 	logdir = "/usr/var/log"
 	file = "/app/data/radius.log"
 }
	name = "radiusd"
	prefix = "/usr"
}
[Sun Apr 26 14:06:30 UTC 2026] radiusd exited with code 0. Restarting in 2s...
[Sun Apr 26 14:06:32 UTC 2026] Launching radiusd...
main {
 log {
 	destination = "stdout"
 	syslog_facility = "daemon"
 	localstatedir = "/usr/var"
 	logdir = "/usr/var/log"
 	file = "/app/data/radius.log"
 }
	name = "radiusd"
	prefix = "/usr"
}
[Sun Apr 26 14:06:33 UTC 2026] radiusd exited with code 0. Restarting in 2s...
[Sun Apr 26 14:06:35 UTC 2026] Launching radiusd...
main {
 log {
 	destination = "stdout"
 	syslog_facility = "daemon"
 	localstatedir = "/usr/var"
 	logdir = "/usr/var/log"
 	file = "/app/data/radius.log"
 }
	name = "radiusd"
	prefix = "/usr"
}
[Sun Apr 26 14:06:36 UTC 2026] radiusd exited with code 0. Restarting in 2s...
[Sun Apr 26 14:06:38 UTC 2026] Launching radiusd...
main {
 log {
 	destination = "stdout"
 	syslog_facility = "daemon"
 	localstatedir = "/usr/var"
 	logdir = "/usr/var/log"
 	file = "/app/data/radius.log"
 }
	name = "radiusd"
	prefix = "/usr"
}
[Sun Apr 26 14:06:39 UTC 2026] radiusd exited with code 0. Restarting in 2s...
[Sun Apr 26 14:06:41 UTC 2026] Launching radiusd...
main {
 log {
 	destination = "stdout"
 	syslog_facility = "daemon"
 	localstatedir = "/usr/var"
 	logdir = "/usr/var/log"
 	file = "/app/data/radius.log"
 }
	name = "radiusd"
	prefix = "/usr"
}
[Sun Apr 26 14:06:41 UTC 2026] radiusd exited with code 0. Restarting in 2s...
[Sun Apr 26 14:06:44 UTC 2026] Launching radiusd...
main {
 log {
 	destination = "stdout"
 	syslog_facility = "daemon"
 	localstatedir = "/usr/var"
 	logdir = "/usr/var/log"
 	file = "/app/data/radius.log"
 }
	name = "radiusd"
	prefix = "/usr"
}
[Sun Apr 26 14:06:44 UTC 2026] radiusd exited with code 0. Restarting in 2s...
[Sun Apr 26 14:06:46 UTC 2026] Launching radiusd...
main {
 log {
 	destination = "stdout"
 	syslog_facility = "daemon"
 	localstatedir = "/usr/var"
 	logdir = "/usr/var/log"
 	file = "/app/data/radius.log"
 }
	name = "radiusd"
	prefix = "/usr"
}
[Sun Apr 26 14:06:47 UTC 2026] radiusd exited with code 0. Restarting in 2s...
[Sun Apr 26 14:06:49 UTC 2026] Launching radiusd...
main {
 log {
 	destination = "stdout"
 	syslog_facility = "daemon"
 	localstatedir = "/usr/var"
 	logdir = "/usr/var/log"
 	file = "/app/data/radius.log"
 }
	name = "radiusd"
	prefix = "/usr"
}
[Sun Apr 26 14:06:50 UTC 2026] radiusd exited with code 0. Restarting in 2s...
[Sun Apr 26 14:06:52 UTC 2026] Launching radiusd...
main {
 log {
 	destination = "stdout"
 	syslog_facility = "daemon"
 	localstatedir = "/usr/var"
 	logdir = "/usr/var/log"
 	file = "/app/data/radius.log"
 }
	name = "radiusd"
	prefix = "/usr"
}
[Sun Apr 26 14:06:52 UTC 2026] radiusd exited with code 0. Restarting in 2s...
[Sun Apr 26 14:06:54 UTC 2026] Launching radiusd...
main {
 log {
 	destination = "stdout"
 	syslog_facility = "daemon"
 	localstatedir = "/usr/var"
 	logdir = "/usr/var/log"
 	file = "/app/data/radius.log"
 }
	name = "radiusd"
	prefix = "/usr"
}
[Sun Apr 26 14:06:55 UTC 2026] radiusd exited with code 0. Restarting in 2s...
[Sun Apr 26 14:06:57 UTC 2026] Launching radiusd...
main {
 log {
 	destination = "stdout"
 	syslog_facility = "daemon"
 	localstatedir = "/usr/var"
 	logdir = "/usr/var/log"
 	file = "/app/data/radius.log"
 }
	name = "radiusd"
	prefix = "/usr"
}
[Sun Apr 26 14:06:58 UTC 2026] radiusd exited with code 0. Restarting in 2s...
[Sun Apr 26 14:07:00 UTC 2026] Launching radiusd...
main {
 log {
 	destination = "stdout"
 	syslog_facility = "daemon"
 	localstatedir = "/usr/var"
 	logdir = "/usr/var/log"
 	file = "/app/data/radius.log"
 }
	name = "radiusd"
	prefix = "/usr"
}
[Sun Apr 26 14:07:00 UTC 2026] radiusd exited with code 0. Restarting in 2s...
[Sun Apr 26 14:07:02 UTC 2026] Launching radiusd...
main {
 log {
 	destination = "stdout"
 	syslog_facility = "daemon"
 	localstatedir = "/usr/var"
 	logdir = "/usr/var/log"
 	file = "/app/data/radius.log"
 }
	name = "radiusd"
	prefix = "/usr"
}
[Sun Apr 26 14:07:03 UTC 2026] radiusd exited with code 0. Restarting in 2s...
[Sun Apr 26 14:07:05 UTC 2026] Launching radiusd...
main {
 log {
 	destination = "stdout"
 	syslog_facility = "daemon"
 	localstatedir = "/usr/var"
 	logdir = "/usr/var/log"
 	file = "/app/data/radius.log"
 }
	name = "radiusd"
	prefix = "/usr"
}
[Sun Apr 26 14:07:06 UTC 2026] radiusd exited with code 0. Restarting in 2s...
[Sun Apr 26 14:07:08 UTC 2026] Launching radiusd...
main {
 log {
 	destination = "stdout"
 	syslog_facility = "daemon"
 	localstatedir = "/usr/var"
 	logdir = "/usr/var/log"
 	file = "/app/data/radius.log"
 }
	name = "radiusd"
	prefix = "/usr"
}
[Sun Apr 26 14:07:08 UTC 2026] radiusd exited with code 0. Restarting in 2s...
[Sun Apr 26 14:07:10 UTC 2026] Launching radiusd...
main {
 log {
 	destination = "stdout"
 	syslog_facility = "daemon"
 	localstatedir = "/usr/var"
 	logdir = "/usr/var/log"
 	file = "/app/data/radius.log"
 }
	name = "radiusd"
	prefix = "/usr"
}
[Sun Apr 26 14:07:11 UTC 2026] radiusd exited with code 0. Restarting in 2s...
[Sun Apr 26 14:07:13 UTC 2026] Launching radiusd...
main {
 log {
 	destination = "stdout"
 	syslog_facility = "daemon"
 	localstatedir = "/usr/var"
 	logdir = "/usr/var/log"
 	file = "/app/data/radius.log"
 }
	name = "radiusd"
	prefix = "/usr"
}
[Sun Apr 26 14:07:13 UTC 2026] radiusd exited with code 0. Restarting in 2s...
[Sun Apr 26 14:07:15 UTC 2026] Launching radiusd...
main {
 log {
 	destination = "stdout"
 	syslog_facility = "daemon"
 	localstatedir = "/usr/var"
 	logdir = "/usr/var/log"
 	file = "/app/data/radius.log"
 }
	name = "radiusd"
	prefix = "/usr"
}
[Sun Apr 26 14:07:16 UTC 2026] radiusd exited with code 0. Restarting in 2s...
[Sun Apr 26 14:07:18 UTC 2026] Launching radiusd...
main {
 log {
 	destination = "stdout"
 	syslog_facility = "daemon"
 	localstatedir = "/usr/var"
 	logdir = "/usr/var/log"
 	file = "/app/data/radius.log"
 }
	name = "radiusd"
	prefix = "/usr"
}
[Sun Apr 26 14:07:19 UTC 2026] radiusd exited with code 0. Restarting in 2s...
[Sun Apr 26 14:07:21 UTC 2026] Launching radiusd...
main {
 log {
 	destination = "stdout"
 	syslog_facility = "daemon"
 	localstatedir = "/usr/var"
 	logdir = "/usr/var/log"
 	file = "/app/data/radius.log"
 }
	name = "radiusd"
	prefix = "/usr"
}
[Sun Apr 26 14:07:21 UTC 2026] radiusd exited with code 0. Restarting in 2s...
[Sun Apr 26 14:07:23 UTC 2026] Launching radiusd...
main {
 log {
 	destination = "stdout"
 	syslog_facility = "daemon"
 	localstatedir = "/usr/var"
 	logdir = "/usr/var/log"
 	file = "/app/data/radius.log"
 }
	name = "radiusd"
	prefix = "/usr"
}
[Sun Apr 26 14:07:24 UTC 2026] radiusd exited with code 0. Restarting in 2s...
[Sun Apr 26 14:07:26 UTC 2026] Launching radiusd...
main {
 log {
 	destination = "stdout"
 	syslog_facility = "daemon"
 	localstatedir = "/usr/var"
 	logdir = "/usr/var/log"
 	file = "/app/data/radius.log"
 }
	name = "radiusd"
	prefix = "/usr"
}
[Sun Apr 26 14:07:27 UTC 2026] radiusd exited with code 0. Restarting in 2s...
[Sun Apr 26 14:07:29 UTC 2026] Launching radiusd...
main {
 log {
 	destination = "stdout"
 	syslog_facility = "daemon"
 	localstatedir = "/usr/var"
 	logdir = "/usr/var/log"
 	file = "/app/data/radius.log"
 }
	name = "radiusd"
	prefix = "/usr"
}
[Sun Apr 26 14:07:31 UTC 2026] radiusd exited with code 0. Restarting in 2s...
[Sun Apr 26 14:07:33 UTC 2026] Launching radiusd...
main {
 log {
 	destination = "stdout"
 	syslog_facility = "daemon"
 	localstatedir = "/usr/var"
 	logdir = "/usr/var/log"
 	file = "/app/data/radius.log"
 }
	name = "radiusd"
	prefix = "/usr"
}
[Sun Apr 26 14:07:33 UTC 2026] radiusd exited with code 0. Restarting in 2s...
[Sun Apr 26 14:07:35 UTC 2026] Launching radiusd...
main {
 log {
 	destination = "stdout"
 	syslog_facility = "daemon"
 	localstatedir = "/usr/var"
 	logdir = "/usr/var/log"
 	file = "/app/data/radius.log"
 }
	name = "radiusd"
	prefix = "/usr"
}
[Sun Apr 26 14:07:36 UTC 2026] radiusd exited with code 0. Restarting in 2s...
[Sun Apr 26 14:07:38 UTC 2026] Launching radiusd...
main {
 log {
 	destination = "stdout"
 	syslog_facility = "daemon"
 	localstatedir = "/usr/var"
 	logdir = "/usr/var/log"
 	file = "/app/data/radius.log"
 }
	name = "radiusd"
	prefix = "/usr"
}
[Sun Apr 26 14:07:39 UTC 2026] radiusd exited with code 0. Restarting in 2s...
[Sun Apr 26 14:07:41 UTC 2026] Launching radiusd...
main {
 log {
 	destination = "stdout"
 	syslog_facility = "daemon"
 	localstatedir = "/usr/var"
 	logdir = "/usr/var/log"
 	file = "/app/data/radius.log"
 }
	name = "radiusd"
	prefix = "/usr"
}
[Sun Apr 26 14:07:41 UTC 2026] radiusd exited with code 0. Restarting in 2s...
[Sun Apr 26 14:07:43 UTC 2026] Launching radiusd...
main {
 log {
 	destination = "stdout"
 	syslog_facility = "daemon"
 	localstatedir = "/usr/var"
 	logdir = "/usr/var/log"
 	file = "/app/data/radius.log"
 }
	name = "radiusd"
	prefix = "/usr"
}
[Sun Apr 26 14:07:44 UTC 2026] radiusd exited with code 0. Restarting in 2s...
[Sun Apr 26 14:07:46 UTC 2026] Launching radiusd...
main {
 log {
 	destination = "stdout"
 	syslog_facility = "daemon"
 	localstatedir = "/usr/var"
 	logdir = "/usr/var/log"
 	file = "/app/data/radius.log"
 }
	name = "radiusd"
	prefix = "/usr"
}
[Sun Apr 26 14:07:47 UTC 2026] radiusd exited with code 0. Restarting in 2s...
[Sun Apr 26 14:07:49 UTC 2026] Launching radiusd...
main {
 log {
 	destination = "stdout"
 	syslog_facility = "daemon"
 	localstatedir = "/usr/var"
 	logdir = "/usr/var/log"
 	file = "/app/data/radius.log"
 }
	name = "radiusd"
	prefix = "/usr"
}
[Sun Apr 26 14:07:49 UTC 2026] radiusd exited with code 0. Restarting in 2s...
[Sun Apr 26 14:07:51 UTC 2026] Launching radiusd...
main {
 log {
 	destination = "stdout"
 	syslog_facility = "daemon"
 	localstatedir = "/usr/var"
 	logdir = "/usr/var/log"
 	file = "/app/data/radius.log"
 }
	name = "radiusd"
	prefix = "/usr"
}
[Sun Apr 26 14:07:52 UTC 2026] radiusd exited with code 0. Restarting in 2s...
[Sun Apr 26 14:07:54 UTC 2026] Launching radiusd...
main {
 log {
 	destination = "stdout"
 	syslog_facility = "daemon"
 	localstatedir = "/usr/var"
 	logdir = "/usr/var/log"
 	file = "/app/data/radius.log"
 }
	name = "radiusd"
	prefix = "/usr"
}
[Sun Apr 26 14:07:55 UTC 2026] radiusd exited with code 0. Restarting in 2s...
[Sun Apr 26 14:07:57 UTC 2026] Launching radiusd...
main {
 log {
 	destination = "stdout"
 	syslog_facility = "daemon"
 	localstatedir = "/usr/var"
 	logdir = "/usr/var/log"
 	file = "/app/data/radius.log"
 }
	name = "radiusd"
	prefix = "/usr"
}
[Sun Apr 26 14:07:57 UTC 2026] radiusd exited with code 0. Restarting in 2s...
[Sun Apr 26 14:07:59 UTC 2026] Launching radiusd...
main {
 log {
 	destination = "stdout"
 	syslog_facility = "daemon"
 	localstatedir = "/usr/var"
 	logdir = "/usr/var/log"
 	file = "/app/data/radius.log"
 }
	name = "radiusd"
	prefix = "/usr"
}
[Sun Apr 26 14:08:00 UTC 2026] radiusd exited with code 0. Restarting in 2s...
[Sun Apr 26 14:08:02 UTC 2026] Launching radiusd...
main {
 log {
 	destination = "stdout"
 	syslog_facility = "daemon"
 	localstatedir = "/usr/var"
 	logdir = "/usr/var/log"
 	file = "/app/data/radius.log"
 }
	name = "radiusd"
	prefix = "/usr"
}
[Sun Apr 26 14:08:03 UTC 2026] radiusd exited with code 0. Restarting in 2s...
[Sun Apr 26 14:08:05 UTC 2026] Launching radiusd...
main {
 log {
 	destination = "stdout"
 	syslog_facility = "daemon"
 	localstatedir = "/usr/var"
 	logdir = "/usr/var/log"
 	file = "/app/data/radius.log"
 }
	name = "radiusd"
	prefix = "/usr"
}
[Sun Apr 26 14:08:05 UTC 2026] radiusd exited with code 0. Restarting in 2s...
[Sun Apr 26 14:08:07 UTC 2026] Launching radiusd...
main {
 log {
 	destination = "stdout"
 	syslog_facility = "daemon"
 	localstatedir = "/usr/var"
 	logdir = "/usr/var/log"
 	file = "/app/data/radius.log"
 }
	name = "radiusd"
	prefix = "/usr"
}
[Sun Apr 26 14:08:08 UTC 2026] radiusd exited with code 0. Restarting in 2s...
[Sun Apr 26 14:08:10 UTC 2026] Launching radiusd...
main {
 log {
 	destination = "stdout"
 	syslog_facility = "daemon"
 	localstatedir = "/usr/var"
 	logdir = "/usr/var/log"
 	file = "/app/data/radius.log"
 }
	name = "radiusd"
	prefix = "/usr"
}
[Sun Apr 26 14:08:10 UTC 2026] radiusd exited with code 0. Restarting in 2s...
[Sun Apr 26 14:08:12 UTC 2026] Launching radiusd...
main {
 log {
 	destination = "stdout"
 	syslog_facility = "daemon"
 	localstatedir = "/usr/var"
 	logdir = "/usr/var/log"
 	file = "/app/data/radius.log"
 }
	name = "radiusd"
	prefix = "/usr"
}
[Sun Apr 26 14:08:13 UTC 2026] radiusd exited with code 0. Restarting in 2s...
[Sun Apr 26 14:08:15 UTC 2026] Launching radiusd...
main {
 log {
 	destination = "stdout"
 	syslog_facility = "daemon"
 	localstatedir = "/usr/var"
 	logdir = "/usr/var/log"
 	file = "/app/data/radius.log"
 }
	name = "radiusd"
	prefix = "/usr"
}
[Sun Apr 26 14:08:15 UTC 2026] radiusd exited with code 0. Restarting in 2s...
[Sun Apr 26 14:08:17 UTC 2026] Launching radiusd...
main {
 log {
 	destination = "stdout"
 	syslog_facility = "daemon"
 	localstatedir = "/usr/var"
 	logdir = "/usr/var/log"
 	file = "/app/data/radius.log"
 }
	name = "radiusd"
	prefix = "/usr"
}
[Sun Apr 26 14:08:18 UTC 2026] radiusd exited with code 0. Restarting in 2s...
[Sun Apr 26 14:08:20 UTC 2026] Launching radiusd...
main {
 log {
 	destination = "stdout"
 	syslog_facility = "daemon"
 	localstatedir = "/usr/var"
 	logdir = "/usr/var/log"
 	file = "/app/data/radius.log"
 }
	name = "radiusd"
	prefix = "/usr"
}
[Sun Apr 26 14:08:20 UTC 2026] radiusd exited with code 0. Restarting in 2s...
[Sun Apr 26 14:08:22 UTC 2026] Launching radiusd...
main {
 log {
 	destination = "stdout"
 	syslog_facility = "daemon"
 	localstatedir = "/usr/var"
 	logdir = "/usr/var/log"
 	file = "/app/data/radius.log"
 }
	name = "radiusd"
	prefix = "/usr"
}
[Sun Apr 26 14:08:23 UTC 2026] radiusd exited with code 0. Restarting in 2s...
[Sun Apr 26 14:08:25 UTC 2026] Launching radiusd...
main {
 log {
 	destination = "stdout"
 	syslog_facility = "daemon"
 	localstatedir = "/usr/var"
 	logdir = "/usr/var/log"
 	file = "/app/data/radius.log"
 }
	name = "radiusd"
	prefix = "/usr"
}
[Sun Apr 26 14:08:25 UTC 2026] radiusd exited with code 0. Restarting in 2s...
[Sun Apr 26 14:08:27 UTC 2026] Launching radiusd...
main {
 log {
 	destination = "stdout"
 	syslog_facility = "daemon"
 	localstatedir = "/usr/var"
 	logdir = "/usr/var/log"
 	file = "/app/data/radius.log"
 }
	name = "radiusd"
	prefix = "/usr"
}
[Sun Apr 26 14:08:27 UTC 2026] radiusd exited with code 0. Restarting in 2s...
[Sun Apr 26 14:08:29 UTC 2026] Launching radiusd...
main {
 log {
 	destination = "stdout"
 	syslog_facility = "daemon"
 	localstatedir = "/usr/var"
 	logdir = "/usr/var/log"
 	file = "/app/data/radius.log"
 }
	name = "radiusd"
	prefix = "/usr"
}
[Sun Apr 26 14:08:30 UTC 2026] radiusd exited with code 0. Restarting in 2s...
[Sun Apr 26 14:08:32 UTC 2026] Launching radiusd...
main {
 log {
 	destination = "stdout"
 	syslog_facility = "daemon"
 	localstatedir = "/usr/var"
 	logdir = "/usr/var/log"
 	file = "/app/data/radius.log"
 }
	name = "radiusd"
	prefix = "/usr"
}
[Sun Apr 26 14:08:32 UTC 2026] radiusd exited with code 0. Restarting in 2s...
[Sun Apr 26 14:08:34 UTC 2026] Launching radiusd...
main {
 log {
 	destination = "stdout"
 	syslog_facility = "daemon"
 	localstatedir = "/usr/var"
 	logdir = "/usr/var/log"
 	file = "/app/data/radius.log"
 }
	name = "radiusd"
	prefix = "/usr"
}
[Sun Apr 26 14:08:35 UTC 2026] radiusd exited with code 0. Restarting in 2s...
[Sun Apr 26 14:08:36 UTC 2026] Launching radiusd...
main {
 log {
 	destination = "stdout"
 	syslog_facility = "daemon"
 	localstatedir = "/usr/var"
 	logdir = "/usr/var/log"
 	file = "/app/data/radius.log"
 }
	name = "radiusd"
	prefix = "/usr"
}
[Sun Apr 26 14:08:37 UTC 2026] radiusd exited with code 0. Restarting in 2s...
[Sun Apr 26 14:08:39 UTC 2026] Launching radiusd...
main {
 log {
 	destination = "stdout"
 	syslog_facility = "daemon"
 	localstatedir = "/usr/var"
 	logdir = "/usr/var/log"
 	file = "/app/data/radius.log"
 }
	name = "radiusd"
	prefix = "/usr"
}
[Sun Apr 26 14:08:39 UTC 2026] radiusd exited with code 0. Restarting in 2s...
[Sun Apr 26 14:08:41 UTC 2026] Launching radiusd...
main {
 log {
 	destination = "stdout"
 	syslog_facility = "daemon"
 	localstatedir = "/usr/var"
 	logdir = "/usr/var/log"
 	file = "/app/data/radius.log"
 }
	name = "radiusd"
	prefix = "/usr"
}
[Sun Apr 26 14:08:42 UTC 2026] radiusd exited with code 0. Restarting in 2s...
[Sun Apr 26 14:08:44 UTC 2026] Launching radiusd...
main {
 log {
 	destination = "stdout"
 	syslog_facility = "daemon"
 	localstatedir = "/usr/var"
 	logdir = "/usr/var/log"
 	file = "/app/data/radius.log"
 }
	name = "radiusd"
	prefix = "/usr"
}
[Sun Apr 26 14:08:44 UTC 2026] radiusd exited with code 0. Restarting in 2s...
[Sun Apr 26 14:08:46 UTC 2026] Launching radiusd...
main {
 log {
 	destination = "stdout"
 	syslog_facility = "daemon"
 	localstatedir = "/usr/var"
 	logdir = "/usr/var/log"
 	file = "/app/data/radius.log"
 }
	name = "radiusd"
	prefix = "/usr"
}
[Sun Apr 26 14:08:47 UTC 2026] radiusd exited with code 0. Restarting in 2s...
[Sun Apr 26 14:08:49 UTC 2026] Launching radiusd...
main {
 log {
 	destination = "stdout"
 	syslog_facility = "daemon"
 	localstatedir = "/usr/var"
 	logdir = "/usr/var/log"
 	file = "/app/data/radius.log"
 }
	name = "radiusd"
	prefix = "/usr"
}
[Sun Apr 26 14:08:49 UTC 2026] radiusd exited with code 0. Restarting in 2s...
[Sun Apr 26 14:08:51 UTC 2026] Launching radiusd...
main {
 log {
 	destination = "stdout"
 	syslog_facility = "daemon"
 	localstatedir = "/usr/var"
 	logdir = "/usr/var/log"
 	file = "/app/data/radius.log"
 }
	name = "radiusd"
	prefix = "/usr"
}
[Sun Apr 26 14:08:52 UTC 2026] radiusd exited with code 0. Restarting in 2s...
[Sun Apr 26 14:08:54 UTC 2026] Launching radiusd...
main {
 log {
 	destination = "stdout"
 	syslog_facility = "daemon"
 	localstatedir = "/usr/var"
 	logdir = "/usr/var/log"
 	file = "/app/data/radius.log"
 }
	name = "radiusd"
	prefix = "/usr"
}
[Sun Apr 26 14:08:54 UTC 2026] radiusd exited with code 0. Restarting in 2s...
[Sun Apr 26 14:08:56 UTC 2026] Launching radiusd...
main {
 log {
 	destination = "stdout"
 	syslog_facility = "daemon"
 	localstatedir = "/usr/var"
 	logdir = "/usr/var/log"
 	file = "/app/data/radius.log"
 }
	name = "radiusd"
	prefix = "/usr"
}
[Sun Apr 26 14:08:56 UTC 2026] radiusd exited with code 0. Restarting in 2s...
[Sun Apr 26 14:08:58 UTC 2026] Launching radiusd...
main {
 log {
 	destination = "stdout"
 	syslog_facility = "daemon"
 	localstatedir = "/usr/var"
 	logdir = "/usr/var/log"
 	file = "/app/data/radius.log"
 }
	name = "radiusd"
	prefix = "/usr"
}
[Sun Apr 26 14:08:59 UTC 2026] radiusd exited with code 0. Restarting in 2s...
[Sun Apr 26 14:09:01 UTC 2026] Launching radiusd...
main {
 log {
 	destination = "stdout"
 	syslog_facility = "daemon"
 	localstatedir = "/usr/var"
 	logdir = "/usr/var/log"
 	file = "/app/data/radius.log"
 }
	name = "radiusd"
	prefix = "/usr"
}
[Sun Apr 26 14:09:01 UTC 2026] radiusd exited with code 0. Restarting in 2s...
[Sun Apr 26 14:09:03 UTC 2026] Launching radiusd...
main {
 log {
 	destination = "stdout"
 	syslog_facility = "daemon"
 	localstatedir = "/usr/var"
 	logdir = "/usr/var/log"
 	file = "/app/data/radius.log"
 }
	name = "radiusd"
	prefix = "/usr"
}
[Sun Apr 26 14:09:04 UTC 2026] radiusd exited with code 0. Restarting in 2s...
[Sun Apr 26 14:09:05 UTC 2026] Launching radiusd...
main {
 log {
 	destination = "stdout"
 	syslog_facility = "daemon"
 	localstatedir = "/usr/var"
 	logdir = "/usr/var/log"
 	file = "/app/data/radius.log"
 }
	name = "radiusd"
	prefix = "/usr"
}
[Sun Apr 26 14:09:06 UTC 2026] radiusd exited with code 0. Restarting in 2s...
[Sun Apr 26 14:09:08 UTC 2026] Launching radiusd...
main {
 log {
 	destination = "stdout"
 	syslog_facility = "daemon"
 	localstatedir = "/usr/var"
 	logdir = "/usr/var/log"
 	file = "/app/data/radius.log"
 }
	name = "radiusd"
	prefix = "/usr"
}
[Sun Apr 26 14:09:09 UTC 2026] radiusd exited with code 0. Restarting in 2s...
[Sun Apr 26 14:09:11 UTC 2026] Launching radiusd...
main {
 log {
 	destination = "stdout"
 	syslog_facility = "daemon"
 	localstatedir = "/usr/var"
 	logdir = "/usr/var/log"
 	file = "/app/data/radius.log"
 }
	name = "radiusd"
	prefix = "/usr"
}
[Sun Apr 26 14:09:11 UTC 2026] radiusd exited with code 0. Restarting in 2s...
[Sun Apr 26 14:09:13 UTC 2026] Launching radiusd...
main {
 log {
 	destination = "stdout"
 	syslog_facility = "daemon"
 	localstatedir = "/usr/var"
 	logdir = "/usr/var/log"
 	file = "/app/data/radius.log"
 }
	name = "radiusd"
	prefix = "/usr"
}
[Sun Apr 26 14:09:13 UTC 2026] radiusd exited with code 0. Restarting in 2s...
[Sun Apr 26 14:09:15 UTC 2026] Launching radiusd...
main {
 log {
 	destination = "stdout"
 	syslog_facility = "daemon"
 	localstatedir = "/usr/var"
 	logdir = "/usr/var/log"
 	file = "/app/data/radius.log"
 }
	name = "radiusd"
	prefix = "/usr"
}
[Sun Apr 26 14:09:16 UTC 2026] radiusd exited with code 0. Restarting in 2s...
[Sun Apr 26 14:09:18 UTC 2026] Launching radiusd...
main {
 log {
 	destination = "stdout"
 	syslog_facility = "daemon"
 	localstatedir = "/usr/var"
 	logdir = "/usr/var/log"
 	file = "/app/data/radius.log"
 }
	name = "radiusd"
	prefix = "/usr"
}
[Sun Apr 26 14:09:18 UTC 2026] radiusd exited with code 0. Restarting in 2s...
[Sun Apr 26 14:09:21 UTC 2026] Launching radiusd...
main {
 log {
 	destination = "stdout"
 	syslog_facility = "daemon"
 	localstatedir = "/usr/var"
 	logdir = "/usr/var/log"
 	file = "/app/data/radius.log"
 }
	name = "radiusd"
	prefix = "/usr"
}
[Sun Apr 26 14:09:21 UTC 2026] radiusd exited with code 0. Restarting in 2s...
[Sun Apr 26 14:09:23 UTC 2026] Launching radiusd...
main {
 log {
 	destination = "stdout"
 	syslog_facility = "daemon"
 	localstatedir = "/usr/var"
 	logdir = "/usr/var/log"
 	file = "/app/data/radius.log"
 }
	name = "radiusd"
	prefix = "/usr"
}
[Sun Apr 26 14:09:24 UTC 2026] radiusd exited with code 0. Restarting in 2s...
[Sun Apr 26 14:09:26 UTC 2026] Launching radiusd...
main {
 log {
 	destination = "stdout"
 	syslog_facility = "daemon"
 	localstatedir = "/usr/var"
 	logdir = "/usr/var/log"
 	file = "/app/data/radius.log"
 }
	name = "radiusd"
	prefix = "/usr"
}
[Sun Apr 26 14:09:33 UTC 2026] radiusd exited with code 0. Restarting in 2s...
[Sun Apr 26 14:09:35 UTC 2026] Launching radiusd...
main {
 log {
 	destination = "stdout"
 	syslog_facility = "daemon"
 	localstatedir = "/usr/var"
 	logdir = "/usr/var/log"
 	file = "/app/data/radius.log"
 }
	name = "radiusd"
	prefix = "/usr"
}
[Sun Apr 26 14:09:39 UTC 2026] radiusd exited with code 0. Restarting in 2s...
[Sun Apr 26 14:09:41 UTC 2026] Launching radiusd...
main {
 log {
 	destination = "stdout"
 	syslog_facility = "daemon"
 	localstatedir = "/usr/var"
 	logdir = "/usr/var/log"
 	file = "/app/data/radius.log"
 }
	name = "radiusd"
	prefix = "/usr"
}
[Sun Apr 26 14:09:44 UTC 2026] radiusd exited with code 0. Restarting in 2s...
[Sun Apr 26 14:09:46 UTC 2026] Launching radiusd...
main {
 log {
 	destination = "stdout"
 	syslog_facility = "daemon"
 	localstatedir = "/usr/var"
 	logdir = "/usr/var/log"
 	file = "/app/data/radius.log"
 }
	name = "radiusd"
	prefix = "/usr"
}
[Sun Apr 26 14:09:48 UTC 2026] radiusd exited with code 0. Restarting in 2s...
[Sun Apr 26 14:09:51 UTC 2026] Launching radiusd...
main {
 log {
 	destination = "stdout"
 	syslog_facility = "daemon"
 	localstatedir = "/usr/var"
 	logdir = "/usr/var/log"
 	file = "/app/data/radius.log"
 }
	name = "radiusd"
	prefix = "/usr"
}
[Sun Apr 26 14:09:54 UTC 2026] radiusd exited with code 0. Restarting in 2s...
[Sun Apr 26 14:09:56 UTC 2026] Launching radiusd...
main {
 log {
 	destination = "stdout"
 	syslog_facility = "daemon"
 	localstatedir = "/usr/var"
 	logdir = "/usr/var/log"
 	file = "/app/data/radius.log"
 }
	name = "radiusd"
	prefix = "/usr"
}
[Sun Apr 26 14:09:59 UTC 2026] radiusd exited with code 0. Restarting in 2s...
[Sun Apr 26 14:10:01 UTC 2026] Launching radiusd...
main {
 log {
 	destination = "stdout"
 	syslog_facility = "daemon"
 	localstatedir = "/usr/var"
 	logdir = "/usr/var/log"
 	file = "/app/data/radius.log"
 }
	name = "radiusd"
	prefix = "/usr"
}
[Sun Apr 26 14:10:08 UTC 2026] radiusd exited with code 0. Restarting in 2s...
[Sun Apr 26 14:10:10 UTC 2026] Launching radiusd...
main {
 log {
 	destination = "stdout"
 	syslog_facility = "daemon"
 	localstatedir = "/usr/var"
 	logdir = "/usr/var/log"
 	file = "/app/data/radius.log"
 }
	name = "radiusd"
	prefix = "/usr"
}
[Sun Apr 26 14:10:11 UTC 2026] radiusd exited with code 0. Restarting in 2s...
[Sun Apr 26 14:10:13 UTC 2026] Launching radiusd...
main {
 log {
 	destination = "stdout"
 	syslog_facility = "daemon"
 	localstatedir = "/usr/var"
 	logdir = "/usr/var/log"
 	file = "/app/data/radius.log"
 }
	name = "radiusd"
	prefix = "/usr"
}
[Sun Apr 26 14:10:14 UTC 2026] radiusd exited with code 0. Restarting in 2s...
[Sun Apr 26 14:10:16 UTC 2026] Launching radiusd...
main {
 log {
 	destination = "stdout"
 	syslog_facility = "daemon"
 	localstatedir = "/usr/var"
 	logdir = "/usr/var/log"
 	file = "/app/data/radius.log"
 }
	name = "radiusd"
	prefix = "/usr"
}
[Sun Apr 26 14:10:17 UTC 2026] radiusd exited with code 0. Restarting in 2s...
[Sun Apr 26 14:10:19 UTC 2026] Launching radiusd...
main {
 log {
 	destination = "stdout"
 	syslog_facility = "daemon"
 	localstatedir = "/usr/var"
 	logdir = "/usr/var/log"
 	file = "/app/data/radius.log"
 }
	name = "radiusd"
	prefix = "/usr"
}
[Sun Apr 26 14:10:20 UTC 2026] radiusd exited with code 0. Restarting in 2s...
[Sun Apr 26 14:10:22 UTC 2026] Launching radiusd...
main {
 log {
 	destination = "stdout"
 	syslog_facility = "daemon"
 	localstatedir = "/usr/var"
 	logdir = "/usr/var/log"
 	file = "/app/data/radius.log"
 }
	name = "radiusd"
	prefix = "/usr"
}
[Sun Apr 26 14:10:22 UTC 2026] radiusd exited with code 0. Restarting in 2s...
[Sun Apr 26 14:10:24 UTC 2026] Launching radiusd...
main {
 log {
 	destination = "stdout"
 	syslog_facility = "daemon"
 	localstatedir = "/usr/var"
 	logdir = "/usr/var/log"
 	file = "/app/data/radius.log"
 }
	name = "radiusd"
	prefix = "/usr"
}
[Sun Apr 26 14:10:25 UTC 2026] radiusd exited with code 0. Restarting in 2s...
[Sun Apr 26 14:10:27 UTC 2026] Launching radiusd...
main {
 log {
 	destination = "stdout"
 	syslog_facility = "daemon"
 	localstatedir = "/usr/var"
 	logdir = "/usr/var/log"
 	file = "/app/data/radius.log"
 }
	name = "radiusd"
	prefix = "/usr"
}
[Sun Apr 26 14:10:28 UTC 2026] radiusd exited with code 0. Restarting in 2s...
[Sun Apr 26 14:10:30 UTC 2026] Launching radiusd...
main {
 log {
 	destination = "stdout"
 	syslog_facility = "daemon"
 	localstatedir = "/usr/var"
 	logdir = "/usr/var/log"
 	file = "/app/data/radius.log"
 }
	name = "radiusd"
	prefix = "/usr"
}
[Sun Apr 26 14:10:31 UTC 2026] radiusd exited with code 0. Restarting in 2s...
[Sun Apr 26 14:10:33 UTC 2026] Launching radiusd...
main {
 log {
 	destination = "stdout"
 	syslog_facility = "daemon"
 	localstatedir = "/usr/var"
 	logdir = "/usr/var/log"
 	file = "/app/data/radius.log"
 }
	name = "radiusd"
	prefix = "/usr"
}
[Sun Apr 26 14:10:33 UTC 2026] radiusd exited with code 0. Restarting in 2s...
[Sun Apr 26 14:10:35 UTC 2026] Launching radiusd...
main {
 log {
 	destination = "stdout"
 	syslog_facility = "daemon"
 	localstatedir = "/usr/var"
 	logdir = "/usr/var/log"
 	file = "/app/data/radius.log"
 }
	name = "radiusd"
	prefix = "/usr"
}
[Sun Apr 26 14:10:36 UTC 2026] radiusd exited with code 0. Restarting in 2s...
[Sun Apr 26 14:10:37 UTC 2026] Launching radiusd...
main {
 log {
 	destination = "stdout"
 	syslog_facility = "daemon"
 	localstatedir = "/usr/var"
 	logdir = "/usr/var/log"
 	file = "/app/data/radius.log"
 }
	name = "radiusd"
	prefix = "/usr"
}
[Sun Apr 26 14:10:38 UTC 2026] radiusd exited with code 0. Restarting in 2s...
[Sun Apr 26 14:10:40 UTC 2026] Launching radiusd...
main {
 log {
 	destination = "stdout"
 	syslog_facility = "daemon"
 	localstatedir = "/usr/var"
 	logdir = "/usr/var/log"
 	file = "/app/data/radius.log"
 }
	name = "radiusd"
	prefix = "/usr"
}
[Sun Apr 26 14:10:40 UTC 2026] radiusd exited with code 0. Restarting in 2s...
[Sun Apr 26 14:10:42 UTC 2026] Launching radiusd...
main {
 log {
 	destination = "stdout"
 	syslog_facility = "daemon"
 	localstatedir = "/usr/var"
 	logdir = "/usr/var/log"
 	file = "/app/data/radius.log"
 }
	name = "radiusd"
	prefix = "/usr"
}
[Sun Apr 26 14:10:43 UTC 2026] radiusd exited with code 0. Restarting in 2s...
[Sun Apr 26 14:10:45 UTC 2026] Launching radiusd...
main {
 log {
 	destination = "stdout"
 	syslog_facility = "daemon"
 	localstatedir = "/usr/var"
 	logdir = "/usr/var/log"
 	file = "/app/data/radius.log"
 }
	name = "radiusd"
	prefix = "/usr"
}
[Sun Apr 26 14:10:46 UTC 2026] radiusd exited with code 0. Restarting in 2s...
[Sun Apr 26 14:10:48 UTC 2026] Launching radiusd...
main {
 log {
 	destination = "stdout"
 	syslog_facility = "daemon"
 	localstatedir = "/usr/var"
 	logdir = "/usr/var/log"
 	file = "/app/data/radius.log"
 }
	name = "radiusd"
	prefix = "/usr"
}
[Sun Apr 26 14:10:49 UTC 2026] radiusd exited with code 0. Restarting in 2s...
[Sun Apr 26 14:10:51 UTC 2026] Launching radiusd...
main {
 log {
 	destination = "stdout"
 	syslog_facility = "daemon"
 	localstatedir = "/usr/var"
 	logdir = "/usr/var/log"
 	file = "/app/data/radius.log"
 }
	name = "radiusd"
	prefix = "/usr"
}
[Sun Apr 26 14:10:51 UTC 2026] radiusd exited with code 0. Restarting in 2s...
[Sun Apr 26 14:10:53 UTC 2026] Launching radiusd...
main {
 log {
 	destination = "stdout"
 	syslog_facility = "daemon"
 	localstatedir = "/usr/var"
 	logdir = "/usr/var/log"
 	file = "/app/data/radius.log"
 }
	name = "radiusd"
	prefix = "/usr"
}
[Sun Apr 26 14:10:54 UTC 2026] radiusd exited with code 0. Restarting in 2s...
[Sun Apr 26 14:10:56 UTC 2026] Launching radiusd...
main {
 log {
 	destination = "stdout"
 	syslog_facility = "daemon"
 	localstatedir = "/usr/var"
 	logdir = "/usr/var/log"
 	file = "/app/data/radius.log"
 }
	name = "radiusd"
	prefix = "/usr"
}
[Sun Apr 26 14:10:56 UTC 2026] radiusd exited with code 0. Restarting in 2s...
[Sun Apr 26 14:10:58 UTC 2026] Launching radiusd...
main {
 log {
 	destination = "stdout"
 	syslog_facility = "daemon"
 	localstatedir = "/usr/var"
 	logdir = "/usr/var/log"
 	file = "/app/data/radius.log"
 }
	name = "radiusd"
	prefix = "/usr"
}
[Sun Apr 26 14:10:58 UTC 2026] radiusd exited with code 0. Restarting in 2s...
[Sun Apr 26 14:11:00 UTC 2026] Launching radiusd...
main {
 log {
 	destination = "stdout"
 	syslog_facility = "daemon"
 	localstatedir = "/usr/var"
 	logdir = "/usr/var/log"
 	file = "/app/data/radius.log"
 }
	name = "radiusd"
	prefix = "/usr"
}
[Sun Apr 26 14:11:01 UTC 2026] radiusd exited with code 0. Restarting in 2s...
[Sun Apr 26 14:11:03 UTC 2026] Launching radiusd...
main {
 log {
 	destination = "stdout"
 	syslog_facility = "daemon"
 	localstatedir = "/usr/var"
 	logdir = "/usr/var/log"
 	file = "/app/data/radius.log"
 }
	name = "radiusd"
	prefix = "/usr"
}
[Sun Apr 26 14:11:03 UTC 2026] radiusd exited with code 0. Restarting in 2s...
[Sun Apr 26 14:11:05 UTC 2026] Launching radiusd...
main {
 log {
 	destination = "stdout"
 	syslog_facility = "daemon"
 	localstatedir = "/usr/var"
 	logdir = "/usr/var/log"
 	file = "/app/data/radius.log"
 }
	name = "radiusd"
	prefix = "/usr"
}
[Sun Apr 26 14:11:06 UTC 2026] radiusd exited with code 0. Restarting in 2s...
[Sun Apr 26 14:11:08 UTC 2026] Launching radiusd...
main {
 log {
 	destination = "stdout"
 	syslog_facility = "daemon"
 	localstatedir = "/usr/var"
 	logdir = "/usr/var/log"
 	file = "/app/data/radius.log"
 }
	name = "radiusd"
	prefix = "/usr"
}
[Sun Apr 26 14:11:08 UTC 2026] radiusd exited with code 0. Restarting in 2s...
[Sun Apr 26 14:11:10 UTC 2026] Launching radiusd...
main {
 log {
 	destination = "stdout"
 	syslog_facility = "daemon"
 	localstatedir = "/usr/var"
 	logdir = "/usr/var/log"
 	file = "/app/data/radius.log"
 }
	name = "radiusd"
	prefix = "/usr"
}
[Sun Apr 26 14:11:11 UTC 2026] radiusd exited with code 0. Restarting in 2s...
[Sun Apr 26 14:11:13 UTC 2026] Launching radiusd...
main {
 log {
 	destination = "stdout"
 	syslog_facility = "daemon"
 	localstatedir = "/usr/var"
 	logdir = "/usr/var/log"
 	file = "/app/data/radius.log"
 }
	name = "radiusd"
	prefix = "/usr"
}
[Sun Apr 26 14:11:14 UTC 2026] radiusd exited with code 0. Restarting in 2s...
[Sun Apr 26 14:11:16 UTC 2026] Launching radiusd...
main {
 log {
 	destination = "stdout"
 	syslog_facility = "daemon"
 	localstatedir = "/usr/var"
 	logdir = "/usr/var/log"
 	file = "/app/data/radius.log"
 }
	name = "radiusd"
	prefix = "/usr"
}
[Sun Apr 26 14:11:17 UTC 2026] radiusd exited with code 0. Restarting in 2s...
[Sun Apr 26 14:11:19 UTC 2026] Launching radiusd...
main {
 log {
 	destination = "stdout"
 	syslog_facility = "daemon"
 	localstatedir = "/usr/var"
 	logdir = "/usr/var/log"
 	file = "/app/data/radius.log"
 }
	name = "radiusd"
	prefix = "/usr"
}
[Sun Apr 26 14:11:19 UTC 2026] radiusd exited with code 0. Restarting in 2s...
[Sun Apr 26 14:11:21 UTC 2026] Launching radiusd...
main {
 log {
 	destination = "stdout"
 	syslog_facility = "daemon"
 	localstatedir = "/usr/var"
 	logdir = "/usr/var/log"
 	file = "/app/data/radius.log"
 }
	name = "radiusd"
	prefix = "/usr"
}
[Sun Apr 26 14:11:21 UTC 2026] radiusd exited with code 0. Restarting in 2s...
[Sun Apr 26 14:11:23 UTC 2026] Launching radiusd...
main {
 log {
 	destination = "stdout"
 	syslog_facility = "daemon"
 	localstatedir = "/usr/var"
 	logdir = "/usr/var/log"
 	file = "/app/data/radius.log"
 }
	name = "radiusd"
	prefix = "/usr"
}
[Sun Apr 26 14:11:24 UTC 2026] radiusd exited with code 0. Restarting in 2s...
[Sun Apr 26 14:11:26 UTC 2026] Launching radiusd...
main {
 log {
 	destination = "stdout"
 	syslog_facility = "daemon"
 	localstatedir = "/usr/var"
 	logdir = "/usr/var/log"
 	file = "/app/data/radius.log"
 }
	name = "radiusd"
	prefix = "/usr"
}
[Sun Apr 26 14:11:27 UTC 2026] radiusd exited with code 0. Restarting in 2s...
[Sun Apr 26 14:11:29 UTC 2026] Launching radiusd...
main {
 log {
 	destination = "stdout"
 	syslog_facility = "daemon"
 	localstatedir = "/usr/var"
 	logdir = "/usr/var/log"
 	file = "/app/data/radius.log"
 }
	name = "radiusd"
	prefix = "/usr"
}
[Sun Apr 26 14:11:29 UTC 2026] radiusd exited with code 0. Restarting in 2s...
[Sun Apr 26 14:11:31 UTC 2026] Launching radiusd...
main {
 log {
 	destination = "stdout"
 	syslog_facility = "daemon"
 	localstatedir = "/usr/var"
 	logdir = "/usr/var/log"
 	file = "/app/data/radius.log"
 }
	name = "radiusd"
	prefix = "/usr"
}
[Sun Apr 26 14:11:32 UTC 2026] radiusd exited with code 0. Restarting in 2s...
[Sun Apr 26 14:11:34 UTC 2026] Launching radiusd...
main {
 log {
 	destination = "stdout"
 	syslog_facility = "daemon"
 	localstatedir = "/usr/var"
 	logdir = "/usr/var/log"
 	file = "/app/data/radius.log"
 }
	name = "radiusd"
	prefix = "/usr"
}
[Sun Apr 26 14:11:34 UTC 2026] radiusd exited with code 0. Restarting in 2s...
[Sun Apr 26 14:11:36 UTC 2026] Launching radiusd...
main {
 log {
 	destination = "stdout"
 	syslog_facility = "daemon"
 	localstatedir = "/usr/var"
 	logdir = "/usr/var/log"
 	file = "/app/data/radius.log"
 }
	name = "radiusd"
	prefix = "/usr"
}
[Sun Apr 26 14:11:36 UTC 2026] radiusd exited with code 0. Restarting in 2s...
[Sun Apr 26 14:11:38 UTC 2026] Launching radiusd...
main {
 log {
 	destination = "stdout"
 	syslog_facility = "daemon"
 	localstatedir = "/usr/var"
 	logdir = "/usr/var/log"
 	file = "/app/data/radius.log"
 }
	name = "radiusd"
	prefix = "/usr"
}
[Sun Apr 26 14:11:39 UTC 2026] radiusd exited with code 0. Restarting in 2s...
[Sun Apr 26 14:11:41 UTC 2026] Launching radiusd...
main {
 log {
 	destination = "stdout"
 	syslog_facility = "daemon"
 	localstatedir = "/usr/var"
 	logdir = "/usr/var/log"
 	file = "/app/data/radius.log"
 }
	name = "radiusd"
	prefix = "/usr"
}
[Sun Apr 26 14:11:41 UTC 2026] radiusd exited with code 0. Restarting in 2s...
[Sun Apr 26 14:11:43 UTC 2026] Launching radiusd...
main {
 log {
 	destination = "stdout"
 	syslog_facility = "daemon"
 	localstatedir = "/usr/var"
 	logdir = "/usr/var/log"
 	file = "/app/data/radius.log"
 }
	name = "radiusd"
	prefix = "/usr"
}
[Sun Apr 26 14:11:44 UTC 2026] radiusd exited with code 0. Restarting in 2s...
[Sun Apr 26 14:11:46 UTC 2026] Launching radiusd...
main {
 log {
 	destination = "stdout"
 	syslog_facility = "daemon"
 	localstatedir = "/usr/var"
 	logdir = "/usr/var/log"
 	file = "/app/data/radius.log"
 }
	name = "radiusd"
	prefix = "/usr"
}
[Sun Apr 26 14:11:46 UTC 2026] radiusd exited with code 0. Restarting in 2s...
[Sun Apr 26 14:11:48 UTC 2026] Launching radiusd...
main {
 log {
 	destination = "stdout"
 	syslog_facility = "daemon"
 	localstatedir = "/usr/var"
 	logdir = "/usr/var/log"
 	file = "/app/data/radius.log"
 }
	name = "radiusd"
	prefix = "/usr"
}
[Sun Apr 26 14:11:49 UTC 2026] radiusd exited with code 0. Restarting in 2s...
[Sun Apr 26 14:11:51 UTC 2026] Launching radiusd...
main {
 log {
 	destination = "stdout"
 	syslog_facility = "daemon"
 	localstatedir = "/usr/var"
 	logdir = "/usr/var/log"
 	file = "/app/data/radius.log"
 }
	name = "radiusd"
	prefix = "/usr"
}
[Sun Apr 26 14:11:51 UTC 2026] radiusd exited with code 0. Restarting in 2s...
[Sun Apr 26 14:11:53 UTC 2026] Launching radiusd...
main {
 log {
 	destination = "stdout"
 	syslog_facility = "daemon"
 	localstatedir = "/usr/var"
 	logdir = "/usr/var/log"
 	file = "/app/data/radius.log"
 }
	name = "radiusd"
	prefix = "/usr"
}
[Sun Apr 26 14:11:54 UTC 2026] radiusd exited with code 0. Restarting in 2s...
[Sun Apr 26 14:11:56 UTC 2026] Launching radiusd...
main {
 log {
 	destination = "stdout"
 	syslog_facility = "daemon"
 	localstatedir = "/usr/var"
 	logdir = "/usr/var/log"
 	file = "/app/data/radius.log"
 }
	name = "radiusd"
	prefix = "/usr"
}
[Sun Apr 26 14:11:56 UTC 2026] radiusd exited with code 0. Restarting in 2s...
[Sun Apr 26 14:11:58 UTC 2026] Launching radiusd...
main {
 log {
 	destination = "stdout"
 	syslog_facility = "daemon"
 	localstatedir = "/usr/var"
 	logdir = "/usr/var/log"
 	file = "/app/data/radius.log"
 }
	name = "radiusd"
	prefix = "/usr"
}
[Sun Apr 26 14:11:59 UTC 2026] radiusd exited with code 0. Restarting in 2s...
[Sun Apr 26 14:12:01 UTC 2026] Launching radiusd...
main {
 log {
 	destination = "stdout"
 	syslog_facility = "daemon"
 	localstatedir = "/usr/var"
 	logdir = "/usr/var/log"
 	file = "/app/data/radius.log"
 }
	name = "radiusd"
	prefix = "/usr"
}
[Sun Apr 26 14:12:01 UTC 2026] radiusd exited with code 0. Restarting in 2s...
[Sun Apr 26 14:12:03 UTC 2026] Launching radiusd...
main {
 log {
 	destination = "stdout"
 	syslog_facility = "daemon"
 	localstatedir = "/usr/var"
 	logdir = "/usr/var/log"
 	file = "/app/data/radius.log"
 }
	name = "radiusd"
	prefix = "/usr"
}
[Sun Apr 26 14:12:04 UTC 2026] radiusd exited with code 0. Restarting in 2s...
[Sun Apr 26 14:12:06 UTC 2026] Launching radiusd...
main {
 log {
 	destination = "stdout"
 	syslog_facility = "daemon"
 	localstatedir = "/usr/var"
 	logdir = "/usr/var/log"
 	file = "/app/data/radius.log"
 }
	name = "radiusd"
	prefix = "/usr"
}
[Sun Apr 26 14:12:07 UTC 2026] radiusd exited with code 0. Restarting in 2s...
[Sun Apr 26 14:12:09 UTC 2026] Launching radiusd...
main {
 log {
 	destination = "stdout"
 	syslog_facility = "daemon"
 	localstatedir = "/usr/var"
 	logdir = "/usr/var/log"
 	file = "/app/data/radius.log"
 }
	name = "radiusd"
	prefix = "/usr"
}
[Sun Apr 26 14:12:09 UTC 2026] radiusd exited with code 0. Restarting in 2s...
[Sun Apr 26 14:12:11 UTC 2026] Launching radiusd...
main {
 log {
 	destination = "stdout"
 	syslog_facility = "daemon"
 	localstatedir = "/usr/var"
 	logdir = "/usr/var/log"
 	file = "/app/data/radius.log"
 }
	name = "radiusd"
	prefix = "/usr"
}
[Sun Apr 26 14:12:12 UTC 2026] radiusd exited with code 0. Restarting in 2s...
[Sun Apr 26 14:12:14 UTC 2026] Launching radiusd...
main {
 log {
 	destination = "stdout"
 	syslog_facility = "daemon"
 	localstatedir = "/usr/var"
 	logdir = "/usr/var/log"
 	file = "/app/data/radius.log"
 }
	name = "radiusd"
	prefix = "/usr"
}
[Sun Apr 26 14:12:14 UTC 2026] radiusd exited with code 0. Restarting in 2s...
[Sun Apr 26 14:12:16 UTC 2026] Launching radiusd...
main {
 log {
 	destination = "stdout"
 	syslog_facility = "daemon"
 	localstatedir = "/usr/var"
 	logdir = "/usr/var/log"
 	file = "/app/data/radius.log"
 }
	name = "radiusd"
	prefix = "/usr"
}
[Sun Apr 26 14:12:16 UTC 2026] radiusd exited with code 0. Restarting in 2s...
[Sun Apr 26 14:12:18 UTC 2026] Launching radiusd...
main {
 log {
 	destination = "stdout"
 	syslog_facility = "daemon"
 	localstatedir = "/usr/var"
 	logdir = "/usr/var/log"
 	file = "/app/data/radius.log"
 }
	name = "radiusd"
	prefix = "/usr"
}
[Sun Apr 26 14:12:19 UTC 2026] radiusd exited with code 0. Restarting in 2s...
[Sun Apr 26 14:12:21 UTC 2026] Launching radiusd...
main {
 log {
 	destination = "stdout"
 	syslog_facility = "daemon"
 	localstatedir = "/usr/var"
 	logdir = "/usr/var/log"
 	file = "/app/data/radius.log"
 }
	name = "radiusd"
	prefix = "/usr"
}
[Sun Apr 26 14:12:21 UTC 2026] radiusd exited with code 0. Restarting in 2s...
[Sun Apr 26 14:12:23 UTC 2026] Launching radiusd...
main {
 log {
 	destination = "stdout"
 	syslog_facility = "daemon"
 	localstatedir = "/usr/var"
 	logdir = "/usr/var/log"
 	file = "/app/data/radius.log"
 }
	name = "radiusd"
	prefix = "/usr"
}
[Sun Apr 26 14:12:24 UTC 2026] radiusd exited with code 0. Restarting in 2s...
[Sun Apr 26 14:12:26 UTC 2026] Launching radiusd...
main {
 log {
 	destination = "stdout"
 	syslog_facility = "daemon"
 	localstatedir = "/usr/var"
 	logdir = "/usr/var/log"
 	file = "/app/data/radius.log"
 }
	name = "radiusd"
	prefix = "/usr"
}
[Sun Apr 26 14:12:26 UTC 2026] radiusd exited with code 0. Restarting in 2s...
[Sun Apr 26 14:12:28 UTC 2026] Launching radiusd...
main {
 log {
 	destination = "stdout"
 	syslog_facility = "daemon"
 	localstatedir = "/usr/var"
 	logdir = "/usr/var/log"
 	file = "/app/data/radius.log"
 }
	name = "radiusd"
	prefix = "/usr"
}
[Sun Apr 26 14:12:29 UTC 2026] radiusd exited with code 0. Restarting in 2s...
[Sun Apr 26 14:12:31 UTC 2026] Launching radiusd...
main {
 log {
 	destination = "stdout"
 	syslog_facility = "daemon"
 	localstatedir = "/usr/var"
 	logdir = "/usr/var/log"
 	file = "/app/data/radius.log"
 }
	name = "radiusd"
	prefix = "/usr"
}
[Sun Apr 26 14:12:32 UTC 2026] radiusd exited with code 0. Restarting in 2s...
[Sun Apr 26 14:12:34 UTC 2026] Launching radiusd...
main {
 log {
 	destination = "stdout"
 	syslog_facility = "daemon"
 	localstatedir = "/usr/var"
 	logdir = "/usr/var/log"
 	file = "/app/data/radius.log"
 }
	name = "radiusd"
	prefix = "/usr"
}
[Sun Apr 26 14:12:35 UTC 2026] radiusd exited with code 0. Restarting in 2s...
[Sun Apr 26 14:12:37 UTC 2026] Launching radiusd...
main {
 log {
 	destination = "stdout"
 	syslog_facility = "daemon"
 	localstatedir = "/usr/var"
 	logdir = "/usr/var/log"
 	file = "/app/data/radius.log"
 }
	name = "radiusd"
	prefix = "/usr"
}
[Sun Apr 26 14:12:38 UTC 2026] radiusd exited with code 0. Restarting in 2s...
[Sun Apr 26 14:12:40 UTC 2026] Launching radiusd...
main {
 log {
 	destination = "stdout"
 	syslog_facility = "daemon"
 	localstatedir = "/usr/var"
 	logdir = "/usr/var/log"
 	file = "/app/data/radius.log"
 }
	name = "radiusd"
	prefix = "/usr"
}
[Sun Apr 26 14:12:40 UTC 2026] radiusd exited with code 0. Restarting in 2s...
[Sun Apr 26 14:12:42 UTC 2026] Launching radiusd...
main {
 log {
 	destination = "stdout"
 	syslog_facility = "daemon"
 	localstatedir = "/usr/var"
 	logdir = "/usr/var/log"
 	file = "/app/data/radius.log"
 }
	name = "radiusd"
	prefix = "/usr"
}
[Sun Apr 26 14:12:42 UTC 2026] radiusd exited with code 0. Restarting in 2s...
[Sun Apr 26 14:12:44 UTC 2026] Launching radiusd...
main {
 log {
 	destination = "stdout"
 	syslog_facility = "daemon"
 	localstatedir = "/usr/var"
 	logdir = "/usr/var/log"
 	file = "/app/data/radius.log"
 }
	name = "radiusd"
	prefix = "/usr"
}
[Sun Apr 26 14:12:45 UTC 2026] radiusd exited with code 0. Restarting in 2s...
[Sun Apr 26 14:12:47 UTC 2026] Launching radiusd...
main {
 log {
 	destination = "stdout"
 	syslog_facility = "daemon"
 	localstatedir = "/usr/var"
 	logdir = "/usr/var/log"
 	file = "/app/data/radius.log"
 }
	name = "radiusd"
	prefix = "/usr"
}
[Sun Apr 26 14:12:47 UTC 2026] radiusd exited with code 0. Restarting in 2s...
[Sun Apr 26 14:12:49 UTC 2026] Launching radiusd...
main {
 log {
 	destination = "stdout"
 	syslog_facility = "daemon"
 	localstatedir = "/usr/var"
 	logdir = "/usr/var/log"
 	file = "/app/data/radius.log"
 }
	name = "radiusd"
	prefix = "/usr"
}
[Sun Apr 26 14:12:50 UTC 2026] radiusd exited with code 0. Restarting in 2s...
[Sun Apr 26 14:12:52 UTC 2026] Launching radiusd...
main {
 log {
 	destination = "stdout"
 	syslog_facility = "daemon"
 	localstatedir = "/usr/var"
 	logdir = "/usr/var/log"
 	file = "/app/data/radius.log"
 }
	name = "radiusd"
	prefix = "/usr"
}
[Sun Apr 26 14:12:52 UTC 2026] radiusd exited with code 0. Restarting in 2s...
[Sun Apr 26 14:12:54 UTC 2026] Launching radiusd...
main {
 log {
 	destination = "stdout"
 	syslog_facility = "daemon"
 	localstatedir = "/usr/var"
 	logdir = "/usr/var/log"
 	file = "/app/data/radius.log"
 }
	name = "radiusd"
	prefix = "/usr"
}
[Sun Apr 26 14:12:55 UTC 2026] radiusd exited with code 0. Restarting in 2s...
[Sun Apr 26 14:12:57 UTC 2026] Launching radiusd...
main {
 log {
 	destination = "stdout"
 	syslog_facility = "daemon"
 	localstatedir = "/usr/var"
 	logdir = "/usr/var/log"
 	file = "/app/data/radius.log"
 }
	name = "radiusd"
	prefix = "/usr"
}
[Sun Apr 26 14:12:57 UTC 2026] radiusd exited with code 0. Restarting in 2s...
[Sun Apr 26 14:12:59 UTC 2026] Launching radiusd...
main {
 log {
 	destination = "stdout"
 	syslog_facility = "daemon"
 	localstatedir = "/usr/var"
 	logdir = "/usr/var/log"
 	file = "/app/data/radius.log"
 }
	name = "radiusd"
	prefix = "/usr"
}
[Sun Apr 26 14:13:00 UTC 2026] radiusd exited with code 0. Restarting in 2s...
[Sun Apr 26 14:13:02 UTC 2026] Launching radiusd...
main {
 log {
 	destination = "stdout"
 	syslog_facility = "daemon"
 	localstatedir = "/usr/var"
 	logdir = "/usr/var/log"
 	file = "/app/data/radius.log"
 }
	name = "radiusd"
	prefix = "/usr"
}
[Sun Apr 26 14:13:02 UTC 2026] radiusd exited with code 0. Restarting in 2s...
[Sun Apr 26 14:13:04 UTC 2026] Launching radiusd...
main {
 log {
 	destination = "stdout"
 	syslog_facility = "daemon"
 	localstatedir = "/usr/var"
 	logdir = "/usr/var/log"
 	file = "/app/data/radius.log"
 }
	name = "radiusd"
	prefix = "/usr"
}
[Sun Apr 26 14:13:05 UTC 2026] radiusd exited with code 0. Restarting in 2s...
[Sun Apr 26 14:13:07 UTC 2026] Launching radiusd...
main {
 log {
 	destination = "stdout"
 	syslog_facility = "daemon"
 	localstatedir = "/usr/var"
 	logdir = "/usr/var/log"
 	file = "/app/data/radius.log"
 }
	name = "radiusd"
	prefix = "/usr"
}
[Sun Apr 26 14:13:07 UTC 2026] radiusd exited with code 0. Restarting in 2s...
[Sun Apr 26 14:13:09 UTC 2026] Launching radiusd...
main {
 log {
 	destination = "stdout"
 	syslog_facility = "daemon"
 	localstatedir = "/usr/var"
 	logdir = "/usr/var/log"
 	file = "/app/data/radius.log"
 }
	name = "radiusd"
	prefix = "/usr"
}
[Sun Apr 26 14:13:09 UTC 2026] radiusd exited with code 0. Restarting in 2s...
[Sun Apr 26 14:13:11 UTC 2026] Launching radiusd...
main {
 log {
 	destination = "stdout"
 	syslog_facility = "daemon"
 	localstatedir = "/usr/var"
 	logdir = "/usr/var/log"
 	file = "/app/data/radius.log"
 }
	name = "radiusd"
	prefix = "/usr"
}
[Sun Apr 26 14:13:12 UTC 2026] radiusd exited with code 0. Restarting in 2s...
[Sun Apr 26 14:13:14 UTC 2026] Launching radiusd...
main {
 log {
 	destination = "stdout"
 	syslog_facility = "daemon"
 	localstatedir = "/usr/var"
 	logdir = "/usr/var/log"
 	file = "/app/data/radius.log"
 }
	name = "radiusd"
	prefix = "/usr"
}
[Sun Apr 26 14:13:14 UTC 2026] radiusd exited with code 0. Restarting in 2s...
[Sun Apr 26 14:13:16 UTC 2026] Launching radiusd...
main {
 log {
 	destination = "stdout"
 	syslog_facility = "daemon"
 	localstatedir = "/usr/var"
 	logdir = "/usr/var/log"
 	file = "/app/data/radius.log"
 }
	name = "radiusd"
	prefix = "/usr"
}
[Sun Apr 26 14:13:16 UTC 2026] radiusd exited with code 0. Restarting in 2s...
[Sun Apr 26 14:13:18 UTC 2026] Launching radiusd...
main {
 log {
 	destination = "stdout"
 	syslog_facility = "daemon"
 	localstatedir = "/usr/var"
 	logdir = "/usr/var/log"
 	file = "/app/data/radius.log"
 }
	name = "radiusd"
	prefix = "/usr"
}
[Sun Apr 26 14:13:19 UTC 2026] radiusd exited with code 0. Restarting in 2s...
[Sun Apr 26 14:13:21 UTC 2026] Launching radiusd...
main {
 log {
 	destination = "stdout"
 	syslog_facility = "daemon"
 	localstatedir = "/usr/var"
 	logdir = "/usr/var/log"
 	file = "/app/data/radius.log"
 }
	name = "radiusd"
	prefix = "/usr"
}
[Sun Apr 26 14:13:21 UTC 2026] radiusd exited with code 0. Restarting in 2s...
[Sun Apr 26 14:13:23 UTC 2026] Launching radiusd...
main {
 log {
 	destination = "stdout"
 	syslog_facility = "daemon"
 	localstatedir = "/usr/var"
 	logdir = "/usr/var/log"
 	file = "/app/data/radius.log"
 }
	name = "radiusd"
	prefix = "/usr"
}
[Sun Apr 26 14:13:24 UTC 2026] radiusd exited with code 0. Restarting in 2s...
[Sun Apr 26 14:13:26 UTC 2026] Launching radiusd...
main {
 log {
 	destination = "stdout"
 	syslog_facility = "daemon"
 	localstatedir = "/usr/var"
 	logdir = "/usr/var/log"
 	file = "/app/data/radius.log"
 }
	name = "radiusd"
	prefix = "/usr"
}
[Sun Apr 26 14:13:26 UTC 2026] radiusd exited with code 0. Restarting in 2s...
[Sun Apr 26 14:13:28 UTC 2026] Launching radiusd...
main {
 log {
 	destination = "stdout"
 	syslog_facility = "daemon"
 	localstatedir = "/usr/var"
 	logdir = "/usr/var/log"
 	file = "/app/data/radius.log"
 }
	name = "radiusd"
	prefix = "/usr"
}
[Sun Apr 26 14:13:29 UTC 2026] radiusd exited with code 0. Restarting in 2s...
[Sun Apr 26 14:13:31 UTC 2026] Launching radiusd...
main {
 log {
 	destination = "stdout"
 	syslog_facility = "daemon"
 	localstatedir = "/usr/var"
 	logdir = "/usr/var/log"
 	file = "/app/data/radius.log"
 }
	name = "radiusd"
	prefix = "/usr"
}
[Sun Apr 26 14:13:31 UTC 2026] radiusd exited with code 0. Restarting in 2s...
[Sun Apr 26 14:13:33 UTC 2026] Launching radiusd...
main {
 log {
 	destination = "stdout"
 	syslog_facility = "daemon"
 	localstatedir = "/usr/var"
 	logdir = "/usr/var/log"
 	file = "/app/data/radius.log"
 }
	name = "radiusd"
	prefix = "/usr"
}
[Sun Apr 26 14:13:34 UTC 2026] radiusd exited with code 0. Restarting in 2s...
[Sun Apr 26 14:13:36 UTC 2026] Launching radiusd...
main {
 log {
 	destination = "stdout"
 	syslog_facility = "daemon"
 	localstatedir = "/usr/var"
 	logdir = "/usr/var/log"
 	file = "/app/data/radius.log"
 }
	name = "radiusd"
	prefix = "/usr"
}
[Sun Apr 26 14:13:36 UTC 2026] radiusd exited with code 0. Restarting in 2s...
[Sun Apr 26 14:13:38 UTC 2026] Launching radiusd...
main {
 log {
 	destination = "stdout"
 	syslog_facility = "daemon"
 	localstatedir = "/usr/var"
 	logdir = "/usr/var/log"
 	file = "/app/data/radius.log"
 }
	name = "radiusd"
	prefix = "/usr"
}
[Sun Apr 26 14:13:38 UTC 2026] radiusd exited with code 0. Restarting in 2s...
[Sun Apr 26 14:13:41 UTC 2026] Launching radiusd...
main {
 log {
 	destination = "stdout"
 	syslog_facility = "daemon"
 	localstatedir = "/usr/var"
 	logdir = "/usr/var/log"
 	file = "/app/data/radius.log"
 }
	name = "radiusd"
	prefix = "/usr"
}
[Sun Apr 26 14:13:41 UTC 2026] radiusd exited with code 0. Restarting in 2s...
[Sun Apr 26 14:13:43 UTC 2026] Launching radiusd...
main {
 log {
 	destination = "stdout"
 	syslog_facility = "daemon"
 	localstatedir = "/usr/var"
 	logdir = "/usr/var/log"
 	file = "/app/data/radius.log"
 }
	name = "radiusd"
	prefix = "/usr"
}
[Sun Apr 26 14:13:44 UTC 2026] radiusd exited with code 0. Restarting in 2s...
[Sun Apr 26 14:13:46 UTC 2026] Launching radiusd...
main {
 log {
 	destination = "stdout"
 	syslog_facility = "daemon"
 	localstatedir = "/usr/var"
 	logdir = "/usr/var/log"
 	file = "/app/data/radius.log"
 }
	name = "radiusd"
	prefix = "/usr"
}
[Sun Apr 26 14:13:46 UTC 2026] radiusd exited with code 0. Restarting in 2s...
[Sun Apr 26 14:13:48 UTC 2026] Launching radiusd...
main {
 log {
 	destination = "stdout"
 	syslog_facility = "daemon"
 	localstatedir = "/usr/var"
 	logdir = "/usr/var/log"
 	file = "/app/data/radius.log"
 }
	name = "radiusd"
	prefix = "/usr"
}
[Sun Apr 26 14:13:48 UTC 2026] radiusd exited with code 0. Restarting in 2s...
[Sun Apr 26 14:13:50 UTC 2026] Launching radiusd...
main {
 log {
 	destination = "stdout"
 	syslog_facility = "daemon"
 	localstatedir = "/usr/var"
 	logdir = "/usr/var/log"
 	file = "/app/data/radius.log"
 }
	name = "radiusd"
	prefix = "/usr"
}
[Sun Apr 26 14:13:51 UTC 2026] radiusd exited with code 0. Restarting in 2s...
[Sun Apr 26 14:13:53 UTC 2026] Launching radiusd...
main {
 log {
 	destination = "stdout"
 	syslog_facility = "daemon"
 	localstatedir = "/usr/var"
 	logdir = "/usr/var/log"
 	file = "/app/data/radius.log"
 }
	name = "radiusd"
	prefix = "/usr"
}
[Sun Apr 26 14:13:53 UTC 2026] radiusd exited with code 0. Restarting in 2s...
[Sun Apr 26 14:13:55 UTC 2026] Launching radiusd...
main {
 log {
 	destination = "stdout"
 	syslog_facility = "daemon"
 	localstatedir = "/usr/var"
 	logdir = "/usr/var/log"
 	file = "/app/data/radius.log"
 }
	name = "radiusd"
	prefix = "/usr"
}
[Sun Apr 26 14:13:56 UTC 2026] radiusd exited with code 0. Restarting in 2s...
[Sun Apr 26 14:13:58 UTC 2026] Launching radiusd...
main {
 log {
 	destination = "stdout"
 	syslog_facility = "daemon"
 	localstatedir = "/usr/var"
 	logdir = "/usr/var/log"
 	file = "/app/data/radius.log"
 }
	name = "radiusd"
	prefix = "/usr"
}
[Sun Apr 26 14:13:58 UTC 2026] radiusd exited with code 0. Restarting in 2s...
[Sun Apr 26 14:14:01 UTC 2026] Launching radiusd...
main {
 log {
 	destination = "stdout"
 	syslog_facility = "daemon"
 	localstatedir = "/usr/var"
 	logdir = "/usr/var/log"
 	file = "/app/data/radius.log"
 }
	name = "radiusd"
	prefix = "/usr"
}
[Sun Apr 26 14:14:01 UTC 2026] radiusd exited with code 0. Restarting in 2s...
[Sun Apr 26 14:14:03 UTC 2026] Launching radiusd...
main {
 log {
 	destination = "stdout"
 	syslog_facility = "daemon"
 	localstatedir = "/usr/var"
 	logdir = "/usr/var/log"
 	file = "/app/data/radius.log"
 }
	name = "radiusd"
	prefix = "/usr"
}
[Sun Apr 26 14:14:03 UTC 2026] radiusd exited with code 0. Restarting in 2s...
[Sun Apr 26 14:14:05 UTC 2026] Launching radiusd...
main {
 log {
 	destination = "stdout"
 	syslog_facility = "daemon"
 	localstatedir = "/usr/var"
 	logdir = "/usr/var/log"
 	file = "/app/data/radius.log"
 }
	name = "radiusd"
	prefix = "/usr"
}
[Sun Apr 26 14:14:05 UTC 2026] radiusd exited with code 0. Restarting in 2s...
[Sun Apr 26 14:14:07 UTC 2026] Launching radiusd...
main {
 log {
 	destination = "stdout"
 	syslog_facility = "daemon"
 	localstatedir = "/usr/var"
 	logdir = "/usr/var/log"
 	file = "/app/data/radius.log"
 }
	name = "radiusd"
	prefix = "/usr"
}
[Sun Apr 26 14:14:08 UTC 2026] radiusd exited with code 0. Restarting in 2s...
[Sun Apr 26 14:14:10 UTC 2026] Launching radiusd...
main {
 log {
 	destination = "stdout"
 	syslog_facility = "daemon"
 	localstatedir = "/usr/var"
 	logdir = "/usr/var/log"
 	file = "/app/data/radius.log"
 }
	name = "radiusd"
	prefix = "/usr"
}
[Sun Apr 26 14:14:10 UTC 2026] radiusd exited with code 0. Restarting in 2s...
[Sun Apr 26 14:14:12 UTC 2026] Launching radiusd...
main {
 log {
 	destination = "stdout"
 	syslog_facility = "daemon"
 	localstatedir = "/usr/var"
 	logdir = "/usr/var/log"
 	file = "/app/data/radius.log"
 }
	name = "radiusd"
	prefix = "/usr"
}
[Sun Apr 26 14:14:13 UTC 2026] radiusd exited with code 0. Restarting in 2s...
[Sun Apr 26 14:14:15 UTC 2026] Launching radiusd...
main {
 log {
 	destination = "stdout"
 	syslog_facility = "daemon"
 	localstatedir = "/usr/var"
 	logdir = "/usr/var/log"
 	file = "/app/data/radius.log"
 }
	name = "radiusd"
	prefix = "/usr"
}
[Sun Apr 26 14:14:15 UTC 2026] radiusd exited with code 0. Restarting in 2s...
[Sun Apr 26 14:14:17 UTC 2026] Launching radiusd...
main {
 log {
 	destination = "stdout"
 	syslog_facility = "daemon"
 	localstatedir = "/usr/var"
 	logdir = "/usr/var/log"
 	file = "/app/data/radius.log"
 }
	name = "radiusd"
	prefix = "/usr"
}
[Sun Apr 26 14:14:18 UTC 2026] radiusd exited with code 0. Restarting in 2s...
[Sun Apr 26 14:14:20 UTC 2026] Launching radiusd...
main {
 log {
 	destination = "stdout"
 	syslog_facility = "daemon"
 	localstatedir = "/usr/var"
 	logdir = "/usr/var/log"
 	file = "/app/data/radius.log"
 }
	name = "radiusd"
	prefix = "/usr"
}
[Sun Apr 26 14:14:20 UTC 2026] radiusd exited with code 0. Restarting in 2s...
[Sun Apr 26 14:14:22 UTC 2026] Launching radiusd...
main {
 log {
 	destination = "stdout"
 	syslog_facility = "daemon"
 	localstatedir = "/usr/var"
 	logdir = "/usr/var/log"
 	file = "/app/data/radius.log"
 }
	name = "radiusd"
	prefix = "/usr"
}
[Sun Apr 26 14:14:22 UTC 2026] radiusd exited with code 0. Restarting in 2s...
[Sun Apr 26 14:14:24 UTC 2026] Launching radiusd...
main {
 log {
 	destination = "stdout"
 	syslog_facility = "daemon"
 	localstatedir = "/usr/var"
 	logdir = "/usr/var/log"
 	file = "/app/data/radius.log"
 }
	name = "radiusd"
	prefix = "/usr"
}
[Sun Apr 26 14:14:25 UTC 2026] radiusd exited with code 0. Restarting in 2s...
[Sun Apr 26 14:14:27 UTC 2026] Launching radiusd...
main {
 log {
 	destination = "stdout"
 	syslog_facility = "daemon"
 	localstatedir = "/usr/var"
 	logdir = "/usr/var/log"
 	file = "/app/data/radius.log"
 }
	name = "radiusd"
	prefix = "/usr"
}
[Sun Apr 26 14:14:27 UTC 2026] radiusd exited with code 0. Restarting in 2s...
[Sun Apr 26 14:14:29 UTC 2026] Launching radiusd...
main {
 log {
 	destination = "stdout"
 	syslog_facility = "daemon"
 	localstatedir = "/usr/var"
 	logdir = "/usr/var/log"
 	file = "/app/data/radius.log"
 }
	name = "radiusd"
	prefix = "/usr"
}
[Sun Apr 26 14:14:30 UTC 2026] radiusd exited with code 0. Restarting in 2s...
[Sun Apr 26 14:14:32 UTC 2026] Launching radiusd...
main {
 log {
 	destination = "stdout"
 	syslog_facility = "daemon"
 	localstatedir = "/usr/var"
 	logdir = "/usr/var/log"
 	file = "/app/data/radius.log"
 }
	name = "radiusd"
	prefix = "/usr"
}
[Sun Apr 26 14:14:32 UTC 2026] radiusd exited with code 0. Restarting in 2s...
[Sun Apr 26 14:14:34 UTC 2026] Launching radiusd...
main {
 log {
 	destination = "stdout"
 	syslog_facility = "daemon"
 	localstatedir = "/usr/var"
 	logdir = "/usr/var/log"
 	file = "/app/data/radius.log"
 }
	name = "radiusd"
	prefix = "/usr"
}
[Sun Apr 26 14:14:35 UTC 2026] radiusd exited with code 0. Restarting in 2s...
[Sun Apr 26 14:14:36 UTC 2026] Launching radiusd...
main {
 log {
 	destination = "stdout"
 	syslog_facility = "daemon"
 	localstatedir = "/usr/var"
 	logdir = "/usr/var/log"
 	file = "/app/data/radius.log"
 }
	name = "radiusd"
	prefix = "/usr"
}
[Sun Apr 26 14:14:37 UTC 2026] radiusd exited with code 0. Restarting in 2s...
[Sun Apr 26 14:14:39 UTC 2026] Launching radiusd...
main {
 log {
 	destination = "stdout"
 	syslog_facility = "daemon"
 	localstatedir = "/usr/var"
 	logdir = "/usr/var/log"
 	file = "/app/data/radius.log"
 }
	name = "radiusd"
	prefix = "/usr"
}
[Sun Apr 26 14:14:39 UTC 2026] radiusd exited with code 0. Restarting in 2s...
[Sun Apr 26 14:14:41 UTC 2026] Launching radiusd...
main {
 log {
 	destination = "stdout"
 	syslog_facility = "daemon"
 	localstatedir = "/usr/var"
 	logdir = "/usr/var/log"
 	file = "/app/data/radius.log"
 }
	name = "radiusd"
	prefix = "/usr"
}
[Sun Apr 26 14:14:42 UTC 2026] radiusd exited with code 0. Restarting in 2s...
[Sun Apr 26 14:14:44 UTC 2026] Launching radiusd...
main {
 log {
 	destination = "stdout"
 	syslog_facility = "daemon"
 	localstatedir = "/usr/var"
 	logdir = "/usr/var/log"
 	file = "/app/data/radius.log"
 }
	name = "radiusd"
	prefix = "/usr"
}
[Sun Apr 26 14:14:44 UTC 2026] radiusd exited with code 0. Restarting in 2s...
[Sun Apr 26 14:14:46 UTC 2026] Launching radiusd...
main {
 log {
 	destination = "stdout"
 	syslog_facility = "daemon"
 	localstatedir = "/usr/var"
 	logdir = "/usr/var/log"
 	file = "/app/data/radius.log"
 }
	name = "radiusd"
	prefix = "/usr"
}
[Sun Apr 26 14:14:47 UTC 2026] radiusd exited with code 0. Restarting in 2s...
[Sun Apr 26 14:14:49 UTC 2026] Launching radiusd...
main {
 log {
 	destination = "stdout"
 	syslog_facility = "daemon"
 	localstatedir = "/usr/var"
 	logdir = "/usr/var/log"
 	file = "/app/data/radius.log"
 }
	name = "radiusd"
	prefix = "/usr"
}
[Sun Apr 26 14:14:49 UTC 2026] radiusd exited with code 0. Restarting in 2s...
[Sun Apr 26 14:14:51 UTC 2026] Launching radiusd...
main {
 log {
 	destination = "stdout"
 	syslog_facility = "daemon"
 	localstatedir = "/usr/var"
 	logdir = "/usr/var/log"
 	file = "/app/data/radius.log"
 }
	name = "radiusd"
	prefix = "/usr"
}
[Sun Apr 26 14:14:51 UTC 2026] radiusd exited with code 0. Restarting in 2s...
[Sun Apr 26 14:14:53 UTC 2026] Launching radiusd...
main {
 log {
 	destination = "stdout"
 	syslog_facility = "daemon"
 	localstatedir = "/usr/var"
 	logdir = "/usr/var/log"
 	file = "/app/data/radius.log"
 }
	name = "radiusd"
	prefix = "/usr"
}
[Sun Apr 26 14:14:54 UTC 2026] radiusd exited with code 0. Restarting in 2s...
[Sun Apr 26 14:14:56 UTC 2026] Launching radiusd...
main {
 log {
 	destination = "stdout"
 	syslog_facility = "daemon"
 	localstatedir = "/usr/var"
 	logdir = "/usr/var/log"
 	file = "/app/data/radius.log"
 }
	name = "radiusd"
	prefix = "/usr"
}
[Sun Apr 26 14:14:56 UTC 2026] radiusd exited with code 0. Restarting in 2s...
[Sun Apr 26 14:14:58 UTC 2026] Launching radiusd...
main {
 log {
 	destination = "stdout"
 	syslog_facility = "daemon"
 	localstatedir = "/usr/var"
 	logdir = "/usr/var/log"
 	file = "/app/data/radius.log"
 }
	name = "radiusd"
	prefix = "/usr"
}
[Sun Apr 26 14:14:59 UTC 2026] radiusd exited with code 0. Restarting in 2s...
[Sun Apr 26 14:15:01 UTC 2026] Launching radiusd...
main {
 log {
 	destination = "stdout"
 	syslog_facility = "daemon"
 	localstatedir = "/usr/var"
 	logdir = "/usr/var/log"
 	file = "/app/data/radius.log"
 }
	name = "radiusd"
	prefix = "/usr"
}
[Sun Apr 26 14:15:01 UTC 2026] radiusd exited with code 0. Restarting in 2s...
[Sun Apr 26 14:15:03 UTC 2026] Launching radiusd...
main {
 log {
 	destination = "stdout"
 	syslog_facility = "daemon"
 	localstatedir = "/usr/var"
 	logdir = "/usr/var/log"
 	file = "/app/data/radius.log"
 }
	name = "radiusd"
	prefix = "/usr"
}
[Sun Apr 26 14:15:04 UTC 2026] radiusd exited with code 0. Restarting in 2s...
[Sun Apr 26 14:15:06 UTC 2026] Launching radiusd...
main {
 log {
 	destination = "stdout"
 	syslog_facility = "daemon"
 	localstatedir = "/usr/var"
 	logdir = "/usr/var/log"
 	file = "/app/data/radius.log"
 }
	name = "radiusd"
	prefix = "/usr"
}
[Sun Apr 26 14:15:06 UTC 2026] radiusd exited with code 0. Restarting in 2s...
[Sun Apr 26 14:15:08 UTC 2026] Launching radiusd...
main {
 log {
 	destination = "stdout"
 	syslog_facility = "daemon"
 	localstatedir = "/usr/var"
 	logdir = "/usr/var/log"
 	file = "/app/data/radius.log"
 }
	name = "radiusd"
	prefix = "/usr"
}
[Sun Apr 26 14:15:09 UTC 2026] radiusd exited with code 0. Restarting in 2s...
[Sun Apr 26 14:15:11 UTC 2026] Launching radiusd...
main {
 log {
 	destination = "stdout"
 	syslog_facility = "daemon"
 	localstatedir = "/usr/var"
 	logdir = "/usr/var/log"
 	file = "/app/data/radius.log"
 }
	name = "radiusd"
	prefix = "/usr"
}
[Sun Apr 26 14:15:11 UTC 2026] radiusd exited with code 0. Restarting in 2s...
[Sun Apr 26 14:15:13 UTC 2026] Launching radiusd...
main {
 log {
 	destination = "stdout"
 	syslog_facility = "daemon"
 	localstatedir = "/usr/var"
 	logdir = "/usr/var/log"
 	file = "/app/data/radius.log"
 }
	name = "radiusd"
	prefix = "/usr"
}
[Sun Apr 26 14:15:14 UTC 2026] radiusd exited with code 0. Restarting in 2s...
[Sun Apr 26 14:15:16 UTC 2026] Launching radiusd...
main {
 log {
 	destination = "stdout"
 	syslog_facility = "daemon"
 	localstatedir = "/usr/var"
 	logdir = "/usr/var/log"
 	file = "/app/data/radius.log"
 }
	name = "radiusd"
	prefix = "/usr"
}
[Sun Apr 26 14:15:16 UTC 2026] radiusd exited with code 0. Restarting in 2s...
[Sun Apr 26 14:15:18 UTC 2026] Launching radiusd...
main {
 log {
 	destination = "stdout"
 	syslog_facility = "daemon"
 	localstatedir = "/usr/var"
 	logdir = "/usr/var/log"
 	file = "/app/data/radius.log"
 }
	name = "radiusd"
	prefix = "/usr"
}
[Sun Apr 26 14:15:19 UTC 2026] radiusd exited with code 0. Restarting in 2s...
[Sun Apr 26 14:15:21 UTC 2026] Launching radiusd...
main {
 log {
 	destination = "stdout"
 	syslog_facility = "daemon"
 	localstatedir = "/usr/var"
 	logdir = "/usr/var/log"
 	file = "/app/data/radius.log"
 }
	name = "radiusd"
	prefix = "/usr"
}
[Sun Apr 26 14:15:21 UTC 2026] radiusd exited with code 0. Restarting in 2s...
[Sun Apr 26 14:15:23 UTC 2026] Launching radiusd...
main {
 log {
 	destination = "stdout"
 	syslog_facility = "daemon"
 	localstatedir = "/usr/var"
 	logdir = "/usr/var/log"
 	file = "/app/data/radius.log"
 }
	name = "radiusd"
	prefix = "/usr"
}
[Sun Apr 26 14:15:24 UTC 2026] radiusd exited with code 0. Restarting in 2s...
[Sun Apr 26 14:15:26 UTC 2026] Launching radiusd...
main {
 log {
 	destination = "stdout"
 	syslog_facility = "daemon"
 	localstatedir = "/usr/var"
 	logdir = "/usr/var/log"
 	file = "/app/data/radius.log"
 }
	name = "radiusd"
	prefix = "/usr"
}
[Sun Apr 26 14:15:26 UTC 2026] radiusd exited with code 0. Restarting in 2s...
[Sun Apr 26 14:15:28 UTC 2026] Launching radiusd...
main {
 log {
 	destination = "stdout"
 	syslog_facility = "daemon"
 	localstatedir = "/usr/var"
 	logdir = "/usr/var/log"
 	file = "/app/data/radius.log"
 }
	name = "radiusd"
	prefix = "/usr"
}
[Sun Apr 26 14:15:29 UTC 2026] radiusd exited with code 0. Restarting in 2s...
[Sun Apr 26 14:15:31 UTC 2026] Launching radiusd...
main {
 log {
 	destination = "stdout"
 	syslog_facility = "daemon"
 	localstatedir = "/usr/var"
 	logdir = "/usr/var/log"
 	file = "/app/data/radius.log"
 }
	name = "radiusd"
	prefix = "/usr"
}
[Sun Apr 26 14:15:31 UTC 2026] radiusd exited with code 0. Restarting in 2s...
[Sun Apr 26 14:15:33 UTC 2026] Launching radiusd...
main {
 log {
 	destination = "stdout"
 	syslog_facility = "daemon"
 	localstatedir = "/usr/var"
 	logdir = "/usr/var/log"
 	file = "/app/data/radius.log"
 }
	name = "radiusd"
	prefix = "/usr"
}
[Sun Apr 26 14:15:34 UTC 2026] radiusd exited with code 0. Restarting in 2s...
[Sun Apr 26 14:15:36 UTC 2026] Launching radiusd...
main {
 log {
 	destination = "stdout"
 	syslog_facility = "daemon"
 	localstatedir = "/usr/var"
 	logdir = "/usr/var/log"
 	file = "/app/data/radius.log"
 }
	name = "radiusd"
	prefix = "/usr"
}
[Sun Apr 26 14:15:37 UTC 2026] radiusd exited with code 0. Restarting in 2s...
[Sun Apr 26 14:15:39 UTC 2026] Launching radiusd...
main {
 log {
 	destination = "stdout"
 	syslog_facility = "daemon"
 	localstatedir = "/usr/var"
 	logdir = "/usr/var/log"
 	file = "/app/data/radius.log"
 }
	name = "radiusd"
	prefix = "/usr"
}
[Sun Apr 26 14:15:39 UTC 2026] radiusd exited with code 0. Restarting in 2s...
[Sun Apr 26 14:15:41 UTC 2026] Launching radiusd...
main {
 log {
 	destination = "stdout"
 	syslog_facility = "daemon"
 	localstatedir = "/usr/var"
 	logdir = "/usr/var/log"
 	file = "/app/data/radius.log"
 }
	name = "radiusd"
	prefix = "/usr"
}
[Sun Apr 26 14:15:41 UTC 2026] radiusd exited with code 0. Restarting in 2s...
[Sun Apr 26 14:15:43 UTC 2026] Launching radiusd...
main {
 log {
 	destination = "stdout"
 	syslog_facility = "daemon"
 	localstatedir = "/usr/var"
 	logdir = "/usr/var/log"
 	file = "/app/data/radius.log"
 }
	name = "radiusd"
	prefix = "/usr"
}
[Sun Apr 26 14:15:44 UTC 2026] radiusd exited with code 0. Restarting in 2s...
[Sun Apr 26 14:15:46 UTC 2026] Launching radiusd...
main {
 log {
 	destination = "stdout"
 	syslog_facility = "daemon"
 	localstatedir = "/usr/var"
 	logdir = "/usr/var/log"
 	file = "/app/data/radius.log"
 }
	name = "radiusd"
	prefix = "/usr"
}
[Sun Apr 26 14:15:46 UTC 2026] radiusd exited with code 0. Restarting in 2s...
[Sun Apr 26 14:15:48 UTC 2026] Launching radiusd...
main {
 log {
 	destination = "stdout"
 	syslog_facility = "daemon"
 	localstatedir = "/usr/var"
 	logdir = "/usr/var/log"
 	file = "/app/data/radius.log"
 }
	name = "radiusd"
	prefix = "/usr"
}
[Sun Apr 26 14:15:48 UTC 2026] radiusd exited with code 0. Restarting in 2s...
[Sun Apr 26 14:15:50 UTC 2026] Launching radiusd...
main {
 log {
 	destination = "stdout"
 	syslog_facility = "daemon"
 	localstatedir = "/usr/var"
 	logdir = "/usr/var/log"
 	file = "/app/data/radius.log"
 }
	name = "radiusd"
	prefix = "/usr"
}
[Sun Apr 26 14:15:51 UTC 2026] radiusd exited with code 0. Restarting in 2s...
[Sun Apr 26 14:15:53 UTC 2026] Launching radiusd...
main {
 log {
 	destination = "stdout"
 	syslog_facility = "daemon"
 	localstatedir = "/usr/var"
 	logdir = "/usr/var/log"
 	file = "/app/data/radius.log"
 }
	name = "radiusd"
	prefix = "/usr"
}
[Sun Apr 26 14:15:53 UTC 2026] radiusd exited with code 0. Restarting in 2s...
[Sun Apr 26 14:15:55 UTC 2026] Launching radiusd...
main {
 log {
 	destination = "stdout"
 	syslog_facility = "daemon"
 	localstatedir = "/usr/var"
 	logdir = "/usr/var/log"
 	file = "/app/data/radius.log"
 }
	name = "radiusd"
	prefix = "/usr"
}
[Sun Apr 26 14:15:56 UTC 2026] radiusd exited with code 0. Restarting in 2s...
[Sun Apr 26 14:15:58 UTC 2026] Launching radiusd...
main {
 log {
 	destination = "stdout"
 	syslog_facility = "daemon"
 	localstatedir = "/usr/var"
 	logdir = "/usr/var/log"
 	file = "/app/data/radius.log"
 }
	name = "radiusd"
	prefix = "/usr"
}
[Sun Apr 26 14:15:58 UTC 2026] radiusd exited with code 0. Restarting in 2s...
[Sun Apr 26 14:16:00 UTC 2026] Launching radiusd...
main {
 log {
 	destination = "stdout"
 	syslog_facility = "daemon"
 	localstatedir = "/usr/var"
 	logdir = "/usr/var/log"
 	file = "/app/data/radius.log"
 }
	name = "radiusd"
	prefix = "/usr"
}
[Sun Apr 26 14:16:01 UTC 2026] radiusd exited with code 0. Restarting in 2s...
[Sun Apr 26 14:16:03 UTC 2026] Launching radiusd...
main {
 log {
 	destination = "stdout"
 	syslog_facility = "daemon"
 	localstatedir = "/usr/var"
 	logdir = "/usr/var/log"
 	file = "/app/data/radius.log"
 }
	name = "radiusd"
	prefix = "/usr"
}
[Sun Apr 26 14:16:03 UTC 2026] radiusd exited with code 0. Restarting in 2s...
[Sun Apr 26 14:16:05 UTC 2026] Launching radiusd...
main {
 log {
 	destination = "stdout"
 	syslog_facility = "daemon"
 	localstatedir = "/usr/var"
 	logdir = "/usr/var/log"
 	file = "/app/data/radius.log"
 }
	name = "radiusd"
	prefix = "/usr"
}
[Sun Apr 26 14:16:06 UTC 2026] radiusd exited with code 0. Restarting in 2s...
[Sun Apr 26 14:16:08 UTC 2026] Launching radiusd...
main {
 log {
 	destination = "stdout"
 	syslog_facility = "daemon"
 	localstatedir = "/usr/var"
 	logdir = "/usr/var/log"
 	file = "/app/data/radius.log"
 }
	name = "radiusd"
	prefix = "/usr"
}
[Sun Apr 26 14:16:08 UTC 2026] radiusd exited with code 0. Restarting in 2s...
[Sun Apr 26 14:16:10 UTC 2026] Launching radiusd...
main {
 log {
 	destination = "stdout"
 	syslog_facility = "daemon"
 	localstatedir = "/usr/var"
 	logdir = "/usr/var/log"
 	file = "/app/data/radius.log"
 }
	name = "radiusd"
	prefix = "/usr"
}
[Sun Apr 26 14:16:10 UTC 2026] radiusd exited with code 0. Restarting in 2s...
[Sun Apr 26 14:16:12 UTC 2026] Launching radiusd...
main {
 log {
 	destination = "stdout"
 	syslog_facility = "daemon"
 	localstatedir = "/usr/var"
 	logdir = "/usr/var/log"
 	file = "/app/data/radius.log"
 }
	name = "radiusd"
	prefix = "/usr"
}
[Sun Apr 26 14:16:13 UTC 2026] radiusd exited with code 0. Restarting in 2s...
[Sun Apr 26 14:16:15 UTC 2026] Launching radiusd...
main {
 log {
 	destination = "stdout"
 	syslog_facility = "daemon"
 	localstatedir = "/usr/var"
 	logdir = "/usr/var/log"
 	file = "/app/data/radius.log"
 }
	name = "radiusd"
	prefix = "/usr"
}
[Sun Apr 26 14:16:15 UTC 2026] radiusd exited with code 0. Restarting in 2s...
[Sun Apr 26 14:16:17 UTC 2026] Launching radiusd...
main {
 log {
 	destination = "stdout"
 	syslog_facility = "daemon"
 	localstatedir = "/usr/var"
 	logdir = "/usr/var/log"
 	file = "/app/data/radius.log"
 }
	name = "radiusd"
	prefix = "/usr"
}
[Sun Apr 26 14:16:18 UTC 2026] radiusd exited with code 0. Restarting in 2s...
[Sun Apr 26 14:16:20 UTC 2026] Launching radiusd...
main {
 log {
 	destination = "stdout"
 	syslog_facility = "daemon"
 	localstatedir = "/usr/var"
 	logdir = "/usr/var/log"
 	file = "/app/data/radius.log"
 }
	name = "radiusd"
	prefix = "/usr"
}
[Sun Apr 26 14:16:20 UTC 2026] radiusd exited with code 0. Restarting in 2s...
[Sun Apr 26 14:16:22 UTC 2026] Launching radiusd...
main {
 log {
 	destination = "stdout"
 	syslog_facility = "daemon"
 	localstatedir = "/usr/var"
 	logdir = "/usr/var/log"
 	file = "/app/data/radius.log"
 }
	name = "radiusd"
	prefix = "/usr"
}
[Sun Apr 26 14:16:22 UTC 2026] radiusd exited with code 0. Restarting in 2s...
[Sun Apr 26 14:16:24 UTC 2026] Launching radiusd...
main {
 log {
 	destination = "stdout"
 	syslog_facility = "daemon"
 	localstatedir = "/usr/var"
 	logdir = "/usr/var/log"
 	file = "/app/data/radius.log"
 }
	name = "radiusd"
	prefix = "/usr"
}
[Sun Apr 26 14:16:25 UTC 2026] radiusd exited with code 0. Restarting in 2s...
[Sun Apr 26 14:16:27 UTC 2026] Launching radiusd...
main {
 log {
 	destination = "stdout"
 	syslog_facility = "daemon"
 	localstatedir = "/usr/var"
 	logdir = "/usr/var/log"
 	file = "/app/data/radius.log"
 }
	name = "radiusd"
	prefix = "/usr"
}
[Sun Apr 26 14:16:27 UTC 2026] radiusd exited with code 0. Restarting in 2s...
[Sun Apr 26 14:16:29 UTC 2026] Launching radiusd...
main {
 log {
 	destination = "stdout"
 	syslog_facility = "daemon"
 	localstatedir = "/usr/var"
 	logdir = "/usr/var/log"
 	file = "/app/data/radius.log"
 }
	name = "radiusd"
	prefix = "/usr"
}
[Sun Apr 26 14:16:30 UTC 2026] radiusd exited with code 0. Restarting in 2s...
[Sun Apr 26 14:16:32 UTC 2026] Launching radiusd...
main {
 log {
 	destination = "stdout"
 	syslog_facility = "daemon"
 	localstatedir = "/usr/var"
 	logdir = "/usr/var/log"
 	file = "/app/data/radius.log"
 }
	name = "radiusd"
	prefix = "/usr"
}
[Sun Apr 26 14:16:32 UTC 2026] radiusd exited with code 0. Restarting in 2s...
[Sun Apr 26 14:16:34 UTC 2026] Launching radiusd...
main {
 log {
 	destination = "stdout"
 	syslog_facility = "daemon"
 	localstatedir = "/usr/var"
 	logdir = "/usr/var/log"
 	file = "/app/data/radius.log"
 }
	name = "radiusd"
	prefix = "/usr"
}
[Sun Apr 26 14:16:35 UTC 2026] radiusd exited with code 0. Restarting in 2s...
[Sun Apr 26 14:16:37 UTC 2026] Launching radiusd...
main {
 log {
 	destination = "stdout"
 	syslog_facility = "daemon"
 	localstatedir = "/usr/var"
 	logdir = "/usr/var/log"
 	file = "/app/data/radius.log"
 }
	name = "radiusd"
	prefix = "/usr"
}
[Sun Apr 26 14:16:37 UTC 2026] radiusd exited with code 0. Restarting in 2s...
[Sun Apr 26 14:16:39 UTC 2026] Launching radiusd...
main {
 log {
 	destination = "stdout"
 	syslog_facility = "daemon"
 	localstatedir = "/usr/var"
 	logdir = "/usr/var/log"
 	file = "/app/data/radius.log"
 }
	name = "radiusd"
	prefix = "/usr"
}
[Sun Apr 26 14:16:39 UTC 2026] radiusd exited with code 0. Restarting in 2s...
[Sun Apr 26 14:16:41 UTC 2026] Launching radiusd...
main {
 log {
 	destination = "stdout"
 	syslog_facility = "daemon"
 	localstatedir = "/usr/var"
 	logdir = "/usr/var/log"
 	file = "/app/data/radius.log"
 }
	name = "radiusd"
	prefix = "/usr"
}
[Sun Apr 26 14:16:41 UTC 2026] radiusd exited with code 0. Restarting in 2s...
[Sun Apr 26 14:16:43 UTC 2026] Launching radiusd...
main {
 log {
 	destination = "stdout"
 	syslog_facility = "daemon"
 	localstatedir = "/usr/var"
 	logdir = "/usr/var/log"
 	file = "/app/data/radius.log"
 }
	name = "radiusd"
	prefix = "/usr"
}
[Sun Apr 26 14:16:47 UTC 2026] radiusd exited with code 0. Restarting in 2s...
[Sun Apr 26 14:16:49 UTC 2026] Launching radiusd...
main {
 log {
 	destination = "stdout"
 	syslog_facility = "daemon"
 	localstatedir = "/usr/var"
 	logdir = "/usr/var/log"
 	file = "/app/data/radius.log"
 }
	name = "radiusd"
	prefix = "/usr"
}
[Sun Apr 26 14:16:53 UTC 2026] radiusd exited with code 0. Restarting in 2s...
[Sun Apr 26 14:16:55 UTC 2026] Launching radiusd...
main {
 log {
 	destination = "stdout"
 	syslog_facility = "daemon"
 	localstatedir = "/usr/var"
 	logdir = "/usr/var/log"
 	file = "/app/data/radius.log"
 }
	name = "radiusd"
	prefix = "/usr"
}
[Sun Apr 26 14:16:58 UTC 2026] radiusd exited with code 0. Restarting in 2s...
[Sun Apr 26 14:17:00 UTC 2026] Launching radiusd...
main {
 log {
 	destination = "stdout"
 	syslog_facility = "daemon"
 	localstatedir = "/usr/var"
 	logdir = "/usr/var/log"
 	file = "/app/data/radius.log"
 }
	name = "radiusd"
	prefix = "/usr"
}
[Sun Apr 26 14:17:04 UTC 2026] radiusd exited with code 0. Restarting in 2s...
[Sun Apr 26 14:17:06 UTC 2026] Launching radiusd...
main {
 log {
 	destination = "stdout"
 	syslog_facility = "daemon"
 	localstatedir = "/usr/var"
 	logdir = "/usr/var/log"
 	file = "/app/data/radius.log"
 }
	name = "radiusd"
	prefix = "/usr"
}
[Sun Apr 26 14:17:10 UTC 2026] radiusd exited with code 0. Restarting in 2s...
[Sun Apr 26 14:17:12 UTC 2026] Launching radiusd...
main {
 log {
 	destination = "stdout"
 	syslog_facility = "daemon"
 	localstatedir = "/usr/var"
 	logdir = "/usr/var/log"
 	file = "/app/data/radius.log"
 }
	name = "radiusd"
	prefix = "/usr"
}
[Sun Apr 26 14:17:38 UTC 2026] radiusd exited with code 0. Restarting in 2s...
[Sun Apr 26 14:17:41 UTC 2026] Launching radiusd...
main {
 log {
 	destination = "stdout"
 	syslog_facility = "daemon"
 	localstatedir = "/usr/var"
 	logdir = "/usr/var/log"
 	file = "/app/data/radius.log"
 }
	name = "radiusd"
	prefix = "/usr"
}
[Sun Apr 26 14:17:50 UTC 2026] radiusd exited with code 0. Restarting in 2s...
[Sun Apr 26 14:17:52 UTC 2026] Launching radiusd...
main {
 log {
 	destination = "stdout"
 	syslog_facility = "daemon"
 	localstatedir = "/usr/var"
 	logdir = "/usr/var/log"
 	file = "/app/data/radius.log"
 }
	name = "radiusd"
	prefix = "/usr"
}
[Sun Apr 26 14:17:53 UTC 2026] radiusd exited with code 0. Restarting in 2s...
[Sun Apr 26 14:17:55 UTC 2026] Launching radiusd...
main {
 log {
 	destination = "stdout"
 	syslog_facility = "daemon"
 	localstatedir = "/usr/var"
 	logdir = "/usr/var/log"
 	file = "/app/data/radius.log"
 }
	name = "radiusd"
	prefix = "/usr"
}
[Sun Apr 26 14:17:55 UTC 2026] radiusd exited with code 0. Restarting in 2s...
[Sun Apr 26 14:17:57 UTC 2026] Launching radiusd...
main {
 log {
 	destination = "stdout"
 	syslog_facility = "daemon"
 	localstatedir = "/usr/var"
 	logdir = "/usr/var/log"
 	file = "/app/data/radius.log"
 }
	name = "radiusd"
	prefix = "/usr"
}
[Sun Apr 26 14:17:58 UTC 2026] radiusd exited with code 0. Restarting in 2s...
[Sun Apr 26 14:18:00 UTC 2026] Launching radiusd...
main {
 log {
 	destination = "stdout"
 	syslog_facility = "daemon"
 	localstatedir = "/usr/var"
 	logdir = "/usr/var/log"
 	file = "/app/data/radius.log"
 }
	name = "radiusd"
	prefix = "/usr"
}
[Sun Apr 26 14:18:01 UTC 2026] radiusd exited with code 0. Restarting in 2s...
[Sun Apr 26 14:18:03 UTC 2026] Launching radiusd...
main {
 log {
 	destination = "stdout"
 	syslog_facility = "daemon"
 	localstatedir = "/usr/var"
 	logdir = "/usr/var/log"
 	file = "/app/data/radius.log"
 }
	name = "radiusd"
	prefix = "/usr"
}
[Sun Apr 26 14:18:04 UTC 2026] radiusd exited with code 0. Restarting in 2s...
[Sun Apr 26 14:18:06 UTC 2026] Launching radiusd...
main {
 log {
 	destination = "stdout"
 	syslog_facility = "daemon"
 	localstatedir = "/usr/var"
 	logdir = "/usr/var/log"
 	file = "/app/data/radius.log"
 }
	name = "radiusd"
	prefix = "/usr"
}
[Sun Apr 26 14:18:07 UTC 2026] radiusd exited with code 0. Restarting in 2s...
[Sun Apr 26 14:18:09 UTC 2026] Launching radiusd...
main {
 log {
 	destination = "stdout"
 	syslog_facility = "daemon"
 	localstatedir = "/usr/var"
 	logdir = "/usr/var/log"
 	file = "/app/data/radius.log"
 }
	name = "radiusd"
	prefix = "/usr"
}
[Sun Apr 26 14:18:09 UTC 2026] radiusd exited with code 0. Restarting in 2s...
[Sun Apr 26 14:18:11 UTC 2026] Launching radiusd...
main {
 log {
 	destination = "stdout"
 	syslog_facility = "daemon"
 	localstatedir = "/usr/var"
 	logdir = "/usr/var/log"
 	file = "/app/data/radius.log"
 }
	name = "radiusd"
	prefix = "/usr"
}
[Sun Apr 26 14:18:12 UTC 2026] radiusd exited with code 0. Restarting in 2s...
[Sun Apr 26 14:18:14 UTC 2026] Launching radiusd...
main {
 log {
 	destination = "stdout"
 	syslog_facility = "daemon"
 	localstatedir = "/usr/var"
 	logdir = "/usr/var/log"
 	file = "/app/data/radius.log"
 }
	name = "radiusd"
	prefix = "/usr"
}
[Sun Apr 26 14:18:14 UTC 2026] radiusd exited with code 0. Restarting in 2s...
[Sun Apr 26 14:18:16 UTC 2026] Launching radiusd...
main {
 log {
 	destination = "stdout"
 	syslog_facility = "daemon"
 	localstatedir = "/usr/var"
 	logdir = "/usr/var/log"
 	file = "/app/data/radius.log"
 }
	name = "radiusd"
	prefix = "/usr"
}
[Sun Apr 26 14:18:17 UTC 2026] radiusd exited with code 0. Restarting in 2s...
[Sun Apr 26 14:18:19 UTC 2026] Launching radiusd...
main {
 log {
 	destination = "stdout"
 	syslog_facility = "daemon"
 	localstatedir = "/usr/var"
 	logdir = "/usr/var/log"
 	file = "/app/data/radius.log"
 }
	name = "radiusd"
	prefix = "/usr"
}
[Sun Apr 26 14:18:19 UTC 2026] radiusd exited with code 0. Restarting in 2s...
[Sun Apr 26 14:18:21 UTC 2026] Launching radiusd...
main {
 log {
 	destination = "stdout"
 	syslog_facility = "daemon"
 	localstatedir = "/usr/var"
 	logdir = "/usr/var/log"
 	file = "/app/data/radius.log"
 }
	name = "radiusd"
	prefix = "/usr"
}
[Sun Apr 26 14:18:21 UTC 2026] radiusd exited with code 0. Restarting in 2s...
[Sun Apr 26 14:18:24 UTC 2026] Launching radiusd...
main {
 log {
 	destination = "stdout"
 	syslog_facility = "daemon"
 	localstatedir = "/usr/var"
 	logdir = "/usr/var/log"
 	file = "/app/data/radius.log"
 }
	name = "radiusd"
	prefix = "/usr"
}
[Sun Apr 26 14:18:24 UTC 2026] radiusd exited with code 0. Restarting in 2s...
[Sun Apr 26 14:18:25 UTC 2026] Launching radiusd...
main {
 log {
 	destination = "stdout"
 	syslog_facility = "daemon"
 	localstatedir = "/usr/var"
 	logdir = "/usr/var/log"
 	file = "/app/data/radius.log"
 }
	name = "radiusd"
	prefix = "/usr"
}
[Sun Apr 26 14:18:26 UTC 2026] radiusd exited with code 0. Restarting in 2s...
[Sun Apr 26 14:18:28 UTC 2026] Launching radiusd...
main {
 log {
 	destination = "stdout"
 	syslog_facility = "daemon"
 	localstatedir = "/usr/var"
 	logdir = "/usr/var/log"
 	file = "/app/data/radius.log"
 }
	name = "radiusd"
	prefix = "/usr"
}
[Sun Apr 26 14:18:28 UTC 2026] radiusd exited with code 0. Restarting in 2s...
[Sun Apr 26 14:18:30 UTC 2026] Launching radiusd...
main {
 log {
 	destination = "stdout"
 	syslog_facility = "daemon"
 	localstatedir = "/usr/var"
 	logdir = "/usr/var/log"
 	file = "/app/data/radius.log"
 }
	name = "radiusd"
	prefix = "/usr"
}
[Sun Apr 26 14:18:31 UTC 2026] radiusd exited with code 0. Restarting in 2s...
[Sun Apr 26 14:18:33 UTC 2026] Launching radiusd...
main {
 log {
 	destination = "stdout"
 	syslog_facility = "daemon"
 	localstatedir = "/usr/var"
 	logdir = "/usr/var/log"
 	file = "/app/data/radius.log"
 }
	name = "radiusd"
	prefix = "/usr"
}
[Sun Apr 26 14:18:34 UTC 2026] radiusd exited with code 0. Restarting in 2s...
[Sun Apr 26 14:18:36 UTC 2026] Launching radiusd...
main {
 log {
 	destination = "stdout"
 	syslog_facility = "daemon"
 	localstatedir = "/usr/var"
 	logdir = "/usr/var/log"
 	file = "/app/data/radius.log"
 }
	name = "radiusd"
	prefix = "/usr"
}
[Sun Apr 26 14:18:37 UTC 2026] radiusd exited with code 0. Restarting in 2s...
[Sun Apr 26 14:18:39 UTC 2026] Launching radiusd...
main {
 log {
 	destination = "stdout"
 	syslog_facility = "daemon"
 	localstatedir = "/usr/var"
 	logdir = "/usr/var/log"
 	file = "/app/data/radius.log"
 }
	name = "radiusd"
	prefix = "/usr"
}
[Sun Apr 26 14:18:40 UTC 2026] radiusd exited with code 0. Restarting in 2s...
[Sun Apr 26 14:18:42 UTC 2026] Launching radiusd...
main {
 log {
 	destination = "stdout"
 	syslog_facility = "daemon"
 	localstatedir = "/usr/var"
 	logdir = "/usr/var/log"
 	file = "/app/data/radius.log"
 }
	name = "radiusd"
	prefix = "/usr"
}
[Sun Apr 26 14:18:43 UTC 2026] radiusd exited with code 0. Restarting in 2s...
[Sun Apr 26 14:18:45 UTC 2026] Launching radiusd...
main {
 log {
 	destination = "stdout"
 	syslog_facility = "daemon"
 	localstatedir = "/usr/var"
 	logdir = "/usr/var/log"
 	file = "/app/data/radius.log"
 }
	name = "radiusd"
	prefix = "/usr"
}
[Sun Apr 26 14:18:45 UTC 2026] radiusd exited with code 0. Restarting in 2s...
[Sun Apr 26 14:18:47 UTC 2026] Launching radiusd...
main {
 log {
 	destination = "stdout"
 	syslog_facility = "daemon"
 	localstatedir = "/usr/var"
 	logdir = "/usr/var/log"
 	file = "/app/data/radius.log"
 }
	name = "radiusd"
	prefix = "/usr"
}
[Sun Apr 26 14:18:48 UTC 2026] radiusd exited with code 0. Restarting in 2s...
[Sun Apr 26 14:18:50 UTC 2026] Launching radiusd...
main {
 log {
 	destination = "stdout"
 	syslog_facility = "daemon"
 	localstatedir = "/usr/var"
 	logdir = "/usr/var/log"
 	file = "/app/data/radius.log"
 }
	name = "radiusd"
	prefix = "/usr"
}
[Sun Apr 26 14:18:50 UTC 2026] radiusd exited with code 0. Restarting in 2s...
[Sun Apr 26 14:18:52 UTC 2026] Launching radiusd...
main {
 log {
 	destination = "stdout"
 	syslog_facility = "daemon"
 	localstatedir = "/usr/var"
 	logdir = "/usr/var/log"
 	file = "/app/data/radius.log"
 }
	name = "radiusd"
	prefix = "/usr"
}
[Sun Apr 26 14:18:53 UTC 2026] radiusd exited with code 0. Restarting in 2s...
[Sun Apr 26 14:18:55 UTC 2026] Launching radiusd...
main {
 log {
 	destination = "stdout"
 	syslog_facility = "daemon"
 	localstatedir = "/usr/var"
 	logdir = "/usr/var/log"
 	file = "/app/data/radius.log"
 }
	name = "radiusd"
	prefix = "/usr"
}
[Sun Apr 26 14:18:55 UTC 2026] radiusd exited with code 0. Restarting in 2s...
[Sun Apr 26 14:18:57 UTC 2026] Launching radiusd...
main {
 log {
 	destination = "stdout"
 	syslog_facility = "daemon"
 	localstatedir = "/usr/var"
 	logdir = "/usr/var/log"
 	file = "/app/data/radius.log"
 }
	name = "radiusd"
	prefix = "/usr"
}
[Sun Apr 26 14:18:58 UTC 2026] radiusd exited with code 0. Restarting in 2s...
[Sun Apr 26 14:19:00 UTC 2026] Launching radiusd...
main {
 log {
 	destination = "stdout"
 	syslog_facility = "daemon"
 	localstatedir = "/usr/var"
 	logdir = "/usr/var/log"
 	file = "/app/data/radius.log"
 }
	name = "radiusd"
	prefix = "/usr"
}
[Sun Apr 26 14:19:00 UTC 2026] radiusd exited with code 0. Restarting in 2s...
[Sun Apr 26 14:19:02 UTC 2026] Launching radiusd...
main {
 log {
 	destination = "stdout"
 	syslog_facility = "daemon"
 	localstatedir = "/usr/var"
 	logdir = "/usr/var/log"
 	file = "/app/data/radius.log"
 }
	name = "radiusd"
	prefix = "/usr"
}
[Sun Apr 26 14:19:03 UTC 2026] radiusd exited with code 0. Restarting in 2s...
[Sun Apr 26 14:19:06 UTC 2026] Launching radiusd...
main {
 log {
 	destination = "stdout"
 	syslog_facility = "daemon"
 	localstatedir = "/usr/var"
 	logdir = "/usr/var/log"
 	file = "/app/data/radius.log"
 }
	name = "radiusd"
	prefix = "/usr"
}
[Sun Apr 26 14:19:06 UTC 2026] radiusd exited with code 0. Restarting in 2s...
[Sun Apr 26 14:19:08 UTC 2026] Launching radiusd...
main {
 log {
 	destination = "stdout"
 	syslog_facility = "daemon"
 	localstatedir = "/usr/var"
 	logdir = "/usr/var/log"
 	file = "/app/data/radius.log"
 }
	name = "radiusd"
	prefix = "/usr"
}
[Sun Apr 26 14:19:08 UTC 2026] radiusd exited with code 0. Restarting in 2s...
[Sun Apr 26 14:19:10 UTC 2026] Launching radiusd...
main {
 log {
 	destination = "stdout"
 	syslog_facility = "daemon"
 	localstatedir = "/usr/var"
 	logdir = "/usr/var/log"
 	file = "/app/data/radius.log"
 }
	name = "radiusd"
	prefix = "/usr"
}
[Sun Apr 26 14:19:11 UTC 2026] radiusd exited with code 0. Restarting in 2s...
[Sun Apr 26 14:19:13 UTC 2026] Launching radiusd...
main {
 log {
 	destination = "stdout"
 	syslog_facility = "daemon"
 	localstatedir = "/usr/var"
 	logdir = "/usr/var/log"
 	file = "/app/data/radius.log"
 }
	name = "radiusd"
	prefix = "/usr"
}
[Sun Apr 26 14:19:18 UTC 2026] radiusd exited with code 0. Restarting in 2s...
[Sun Apr 26 14:19:20 UTC 2026] Launching radiusd...
main {
 log {
 	destination = "stdout"
 	syslog_facility = "daemon"
 	localstatedir = "/usr/var"
 	logdir = "/usr/var/log"
 	file = "/app/data/radius.log"
 }
	name = "radiusd"
	prefix = "/usr"
}
[Sun Apr 26 14:19:26 UTC 2026] radiusd exited with code 0. Restarting in 2s...
[Sun Apr 26 14:19:29 UTC 2026] Launching radiusd...
main {
 log {
 	destination = "stdout"
 	syslog_facility = "daemon"
 	localstatedir = "/usr/var"
 	logdir = "/usr/var/log"
 	file = "/app/data/radius.log"
 }
	name = "radiusd"
	prefix = "/usr"
}
[Sun Apr 26 14:19:29 UTC 2026] radiusd exited with code 0. Restarting in 2s...
[Sun Apr 26 14:19:31 UTC 2026] Launching radiusd...
main {
 log {
 	destination = "stdout"
 	syslog_facility = "daemon"
 	localstatedir = "/usr/var"
 	logdir = "/usr/var/log"
 	file = "/app/data/radius.log"
 }
	name = "radiusd"
	prefix = "/usr"
}
[Sun Apr 26 14:19:32 UTC 2026] radiusd exited with code 0. Restarting in 2s...
[Sun Apr 26 14:19:34 UTC 2026] Launching radiusd...
main {
 log {
 	destination = "stdout"
 	syslog_facility = "daemon"
 	localstatedir = "/usr/var"
 	logdir = "/usr/var/log"
 	file = "/app/data/radius.log"
 }
	name = "radiusd"
	prefix = "/usr"
}
[Sun Apr 26 14:19:34 UTC 2026] radiusd exited with code 0. Restarting in 2s...
[Sun Apr 26 14:19:36 UTC 2026] Launching radiusd...
main {
 log {
 	destination = "stdout"
 	syslog_facility = "daemon"
 	localstatedir = "/usr/var"
 	logdir = "/usr/var/log"
 	file = "/app/data/radius.log"
 }
	name = "radiusd"
	prefix = "/usr"
}
[Sun Apr 26 14:19:37 UTC 2026] radiusd exited with code 0. Restarting in 2s...
[Sun Apr 26 14:19:39 UTC 2026] Launching radiusd...
main {
 log {
 	destination = "stdout"
 	syslog_facility = "daemon"
 	localstatedir = "/usr/var"
 	logdir = "/usr/var/log"
 	file = "/app/data/radius.log"
 }
	name = "radiusd"
	prefix = "/usr"
}
[Sun Apr 26 14:19:39 UTC 2026] radiusd exited with code 0. Restarting in 2s...
[Sun Apr 26 14:19:41 UTC 2026] Launching radiusd...
main {
 log {
 	destination = "stdout"
 	syslog_facility = "daemon"
 	localstatedir = "/usr/var"
 	logdir = "/usr/var/log"
 	file = "/app/data/radius.log"
 }
	name = "radiusd"
	prefix = "/usr"
}
[Sun Apr 26 14:19:41 UTC 2026] radiusd exited with code 0. Restarting in 2s...
[Sun Apr 26 14:19:43 UTC 2026] Launching radiusd...
main {
 log {
 	destination = "stdout"
 	syslog_facility = "daemon"
 	localstatedir = "/usr/var"
 	logdir = "/usr/var/log"
 	file = "/app/data/radius.log"
 }
	name = "radiusd"
	prefix = "/usr"
}
[Sun Apr 26 14:19:44 UTC 2026] radiusd exited with code 0. Restarting in 2s...
[Sun Apr 26 14:19:46 UTC 2026] Launching radiusd...
main {
 log {
 	destination = "stdout"
 	syslog_facility = "daemon"
 	localstatedir = "/usr/var"
 	logdir = "/usr/var/log"
 	file = "/app/data/radius.log"
 }
	name = "radiusd"
	prefix = "/usr"
}
[Sun Apr 26 14:19:46 UTC 2026] radiusd exited with code 0. Restarting in 2s...
[Sun Apr 26 14:19:48 UTC 2026] Launching radiusd...
main {
 log {
 	destination = "stdout"
 	syslog_facility = "daemon"
 	localstatedir = "/usr/var"
 	logdir = "/usr/var/log"
 	file = "/app/data/radius.log"
 }
	name = "radiusd"
	prefix = "/usr"
}
[Sun Apr 26 14:19:48 UTC 2026] radiusd exited with code 0. Restarting in 2s...
[Sun Apr 26 14:19:50 UTC 2026] Launching radiusd...
main {
 log {
 	destination = "stdout"
 	syslog_facility = "daemon"
 	localstatedir = "/usr/var"
 	logdir = "/usr/var/log"
 	file = "/app/data/radius.log"
 }
	name = "radiusd"
	prefix = "/usr"
}
[Sun Apr 26 14:19:51 UTC 2026] radiusd exited with code 0. Restarting in 2s...
[Sun Apr 26 14:19:53 UTC 2026] Launching radiusd...
main {
 log {
 	destination = "stdout"
 	syslog_facility = "daemon"
 	localstatedir = "/usr/var"
 	logdir = "/usr/var/log"
 	file = "/app/data/radius.log"
 }
	name = "radiusd"
	prefix = "/usr"
}
[Sun Apr 26 14:19:54 UTC 2026] radiusd exited with code 0. Restarting in 2s...
[Sun Apr 26 14:19:56 UTC 2026] Launching radiusd...
main {
 log {
 	destination = "stdout"
 	syslog_facility = "daemon"
 	localstatedir = "/usr/var"
 	logdir = "/usr/var/log"
 	file = "/app/data/radius.log"
 }
	name = "radiusd"
	prefix = "/usr"
}
[Sun Apr 26 14:19:57 UTC 2026] radiusd exited with code 0. Restarting in 2s...
[Sun Apr 26 14:19:59 UTC 2026] Launching radiusd...
main {
 log {
 	destination = "stdout"
 	syslog_facility = "daemon"
 	localstatedir = "/usr/var"
 	logdir = "/usr/var/log"
 	file = "/app/data/radius.log"
 }
	name = "radiusd"
	prefix = "/usr"
}
[Sun Apr 26 14:19:59 UTC 2026] radiusd exited with code 0. Restarting in 2s...
[Sun Apr 26 14:20:01 UTC 2026] Launching radiusd...
main {
 log {
 	destination = "stdout"
 	syslog_facility = "daemon"
 	localstatedir = "/usr/var"
 	logdir = "/usr/var/log"
 	file = "/app/data/radius.log"
 }
	name = "radiusd"
	prefix = "/usr"
}
[Sun Apr 26 14:20:02 UTC 2026] radiusd exited with code 0. Restarting in 2s...
[Sun Apr 26 14:20:04 UTC 2026] Launching radiusd...
main {
 log {
 	destination = "stdout"
 	syslog_facility = "daemon"
 	localstatedir = "/usr/var"
 	logdir = "/usr/var/log"
 	file = "/app/data/radius.log"
 }
	name = "radiusd"
	prefix = "/usr"
}
[Sun Apr 26 14:20:05 UTC 2026] radiusd exited with code 0. Restarting in 2s...
[Sun Apr 26 14:20:07 UTC 2026] Launching radiusd...
main {
 log {
 	destination = "stdout"
 	syslog_facility = "daemon"
 	localstatedir = "/usr/var"
 	logdir = "/usr/var/log"
 	file = "/app/data/radius.log"
 }
	name = "radiusd"
	prefix = "/usr"
}
[Sun Apr 26 14:20:07 UTC 2026] radiusd exited with code 0. Restarting in 2s...
[Sun Apr 26 14:20:09 UTC 2026] Launching radiusd...
main {
 log {
 	destination = "stdout"
 	syslog_facility = "daemon"
 	localstatedir = "/usr/var"
 	logdir = "/usr/var/log"
 	file = "/app/data/radius.log"
 }
	name = "radiusd"
	prefix = "/usr"
}
[Sun Apr 26 14:20:09 UTC 2026] radiusd exited with code 0. Restarting in 2s...
[Sun Apr 26 14:20:11 UTC 2026] Launching radiusd...
main {
 log {
 	destination = "stdout"
 	syslog_facility = "daemon"
 	localstatedir = "/usr/var"
 	logdir = "/usr/var/log"
 	file = "/app/data/radius.log"
 }
	name = "radiusd"
	prefix = "/usr"
}
[Sun Apr 26 14:20:12 UTC 2026] radiusd exited with code 0. Restarting in 2s...
[Sun Apr 26 14:20:14 UTC 2026] Launching radiusd...
main {
 log {
 	destination = "stdout"
 	syslog_facility = "daemon"
 	localstatedir = "/usr/var"
 	logdir = "/usr/var/log"
 	file = "/app/data/radius.log"
 }
	name = "radiusd"
	prefix = "/usr"
}
[Sun Apr 26 14:20:14 UTC 2026] radiusd exited with code 0. Restarting in 2s...
[Sun Apr 26 14:20:16 UTC 2026] Launching radiusd...
main {
 log {
 	destination = "stdout"
 	syslog_facility = "daemon"
 	localstatedir = "/usr/var"
 	logdir = "/usr/var/log"
 	file = "/app/data/radius.log"
 }
	name = "radiusd"
	prefix = "/usr"
}
[Sun Apr 26 14:20:16 UTC 2026] radiusd exited with code 0. Restarting in 2s...
[Sun Apr 26 14:20:18 UTC 2026] Launching radiusd...
main {
 log {
 	destination = "stdout"
 	syslog_facility = "daemon"
 	localstatedir = "/usr/var"
 	logdir = "/usr/var/log"
 	file = "/app/data/radius.log"
 }
	name = "radiusd"
	prefix = "/usr"
}
[Sun Apr 26 14:20:19 UTC 2026] radiusd exited with code 0. Restarting in 2s...
[Sun Apr 26 14:20:21 UTC 2026] Launching radiusd...
main {
 log {
 	destination = "stdout"
 	syslog_facility = "daemon"
 	localstatedir = "/usr/var"
 	logdir = "/usr/var/log"
 	file = "/app/data/radius.log"
 }
	name = "radiusd"
	prefix = "/usr"
}
[Sun Apr 26 14:20:21 UTC 2026] radiusd exited with code 0. Restarting in 2s...
[Sun Apr 26 14:20:23 UTC 2026] Launching radiusd...
main {
 log {
 	destination = "stdout"
 	syslog_facility = "daemon"
 	localstatedir = "/usr/var"
 	logdir = "/usr/var/log"
 	file = "/app/data/radius.log"
 }
	name = "radiusd"
	prefix = "/usr"
}
[Sun Apr 26 14:20:23 UTC 2026] radiusd exited with code 0. Restarting in 2s...
[Sun Apr 26 14:20:25 UTC 2026] Launching radiusd...
main {
 log {
 	destination = "stdout"
 	syslog_facility = "daemon"
 	localstatedir = "/usr/var"
 	logdir = "/usr/var/log"
 	file = "/app/data/radius.log"
 }
	name = "radiusd"
	prefix = "/usr"
}
[Sun Apr 26 14:20:26 UTC 2026] radiusd exited with code 0. Restarting in 2s...
[Sun Apr 26 14:20:28 UTC 2026] Launching radiusd...
main {
 log {
 	destination = "stdout"
 	syslog_facility = "daemon"
 	localstatedir = "/usr/var"
 	logdir = "/usr/var/log"
 	file = "/app/data/radius.log"
 }
	name = "radiusd"
	prefix = "/usr"
}
[Sun Apr 26 14:20:28 UTC 2026] radiusd exited with code 0. Restarting in 2s...
[Sun Apr 26 14:20:30 UTC 2026] Launching radiusd...
main {
 log {
 	destination = "stdout"
 	syslog_facility = "daemon"
 	localstatedir = "/usr/var"
 	logdir = "/usr/var/log"
 	file = "/app/data/radius.log"
 }
	name = "radiusd"
	prefix = "/usr"
}
[Sun Apr 26 14:20:31 UTC 2026] radiusd exited with code 0. Restarting in 2s...
[Sun Apr 26 14:20:33 UTC 2026] Launching radiusd...
main {
 log {
 	destination = "stdout"
 	syslog_facility = "daemon"
 	localstatedir = "/usr/var"
 	logdir = "/usr/var/log"
 	file = "/app/data/radius.log"
 }
	name = "radiusd"
	prefix = "/usr"
}
[Sun Apr 26 14:20:33 UTC 2026] radiusd exited with code 0. Restarting in 2s...
[Sun Apr 26 14:20:35 UTC 2026] Launching radiusd...
main {
 log {
 	destination = "stdout"
 	syslog_facility = "daemon"
 	localstatedir = "/usr/var"
 	logdir = "/usr/var/log"
 	file = "/app/data/radius.log"
 }
	name = "radiusd"
	prefix = "/usr"
}
[Sun Apr 26 14:20:36 UTC 2026] radiusd exited with code 0. Restarting in 2s...
[Sun Apr 26 14:20:38 UTC 2026] Launching radiusd...
main {
 log {
 	destination = "stdout"
 	syslog_facility = "daemon"
 	localstatedir = "/usr/var"
 	logdir = "/usr/var/log"
 	file = "/app/data/radius.log"
 }
	name = "radiusd"
	prefix = "/usr"
}
[Sun Apr 26 14:20:39 UTC 2026] radiusd exited with code 0. Restarting in 2s...
[Sun Apr 26 14:20:41 UTC 2026] Launching radiusd...
main {
 log {
 	destination = "stdout"
 	syslog_facility = "daemon"
 	localstatedir = "/usr/var"
 	logdir = "/usr/var/log"
 	file = "/app/data/radius.log"
 }
	name = "radiusd"
	prefix = "/usr"
}
[Sun Apr 26 14:20:42 UTC 2026] radiusd exited with code 0. Restarting in 2s...
[Sun Apr 26 14:20:44 UTC 2026] Launching radiusd...
main {
 log {
 	destination = "stdout"
 	syslog_facility = "daemon"
 	localstatedir = "/usr/var"
 	logdir = "/usr/var/log"
 	file = "/app/data/radius.log"
 }
	name = "radiusd"
	prefix = "/usr"
}
[Sun Apr 26 14:20:45 UTC 2026] radiusd exited with code 0. Restarting in 2s...
[Sun Apr 26 14:20:47 UTC 2026] Launching radiusd...
main {
 log {
 	destination = "stdout"
 	syslog_facility = "daemon"
 	localstatedir = "/usr/var"
 	logdir = "/usr/var/log"
 	file = "/app/data/radius.log"
 }
	name = "radiusd"
	prefix = "/usr"
}
[Sun Apr 26 14:20:48 UTC 2026] radiusd exited with code 0. Restarting in 2s...
[Sun Apr 26 14:20:50 UTC 2026] Launching radiusd...
main {
 log {
 	destination = "stdout"
 	syslog_facility = "daemon"
 	localstatedir = "/usr/var"
 	logdir = "/usr/var/log"
 	file = "/app/data/radius.log"
 }
	name = "radiusd"
	prefix = "/usr"
}
[Sun Apr 26 14:20:52 UTC 2026] radiusd exited with code 0. Restarting in 2s...
[Sun Apr 26 14:20:54 UTC 2026] Launching radiusd...
main {
 log {
 	destination = "stdout"
 	syslog_facility = "daemon"
 	localstatedir = "/usr/var"
 	logdir = "/usr/var/log"
 	file = "/app/data/radius.log"
 }
	name = "radiusd"
	prefix = "/usr"
}
[Sun Apr 26 14:20:56 UTC 2026] radiusd exited with code 0. Restarting in 2s...
[Sun Apr 26 14:20:58 UTC 2026] Launching radiusd...
main {
 log {
 	destination = "stdout"
 	syslog_facility = "daemon"
 	localstatedir = "/usr/var"
 	logdir = "/usr/var/log"
 	file = "/app/data/radius.log"
 }
	name = "radiusd"
	prefix = "/usr"
}
[Sun Apr 26 14:20:59 UTC 2026] radiusd exited with code 0. Restarting in 2s...
[Sun Apr 26 14:21:01 UTC 2026] Launching radiusd...
main {
 log {
 	destination = "stdout"
 	syslog_facility = "daemon"
 	localstatedir = "/usr/var"
 	logdir = "/usr/var/log"
 	file = "/app/data/radius.log"
 }
	name = "radiusd"
	prefix = "/usr"
}
[Sun Apr 26 14:21:01 UTC 2026] radiusd exited with code 0. Restarting in 2s...
[Sun Apr 26 14:21:03 UTC 2026] Launching radiusd...
main {
 log {
 	destination = "stdout"
 	syslog_facility = "daemon"
 	localstatedir = "/usr/var"
 	logdir = "/usr/var/log"
 	file = "/app/data/radius.log"
 }
	name = "radiusd"
	prefix = "/usr"
}
[Sun Apr 26 14:21:03 UTC 2026] radiusd exited with code 0. Restarting in 2s...
[Sun Apr 26 14:21:05 UTC 2026] Launching radiusd...
main {
 log {
 	destination = "stdout"
 	syslog_facility = "daemon"
 	localstatedir = "/usr/var"
 	logdir = "/usr/var/log"
 	file = "/app/data/radius.log"
 }
	name = "radiusd"
	prefix = "/usr"
}
[Sun Apr 26 14:21:06 UTC 2026] radiusd exited with code 0. Restarting in 2s...
[Sun Apr 26 14:21:09 UTC 2026] Launching radiusd...
main {
 log {
 	destination = "stdout"
 	syslog_facility = "daemon"
 	localstatedir = "/usr/var"
 	logdir = "/usr/var/log"
 	file = "/app/data/radius.log"
 }
	name = "radiusd"
	prefix = "/usr"
}
[Sun Apr 26 14:21:11 UTC 2026] radiusd exited with code 0. Restarting in 2s...
[Sun Apr 26 14:21:13 UTC 2026] Launching radiusd...
main {
 log {
 	destination = "stdout"
 	syslog_facility = "daemon"
 	localstatedir = "/usr/var"
 	logdir = "/usr/var/log"
 	file = "/app/data/radius.log"
 }
	name = "radiusd"
	prefix = "/usr"
}
[Sun Apr 26 14:21:15 UTC 2026] radiusd exited with code 0. Restarting in 2s...
[Sun Apr 26 14:21:17 UTC 2026] Launching radiusd...
main {
 log {
 	destination = "stdout"
 	syslog_facility = "daemon"
 	localstatedir = "/usr/var"
 	logdir = "/usr/var/log"
 	file = "/app/data/radius.log"
 }
	name = "radiusd"
	prefix = "/usr"
}
[Sun Apr 26 14:21:18 UTC 2026] radiusd exited with code 0. Restarting in 2s...
[Sun Apr 26 14:21:20 UTC 2026] Launching radiusd...
main {
 log {
 	destination = "stdout"
 	syslog_facility = "daemon"
 	localstatedir = "/usr/var"
 	logdir = "/usr/var/log"
 	file = "/app/data/radius.log"
 }
	name = "radiusd"
	prefix = "/usr"
}
[Sun Apr 26 14:21:20 UTC 2026] radiusd exited with code 0. Restarting in 2s...
[Sun Apr 26 14:21:23 UTC 2026] Launching radiusd...
main {
 log {
 	destination = "stdout"
 	syslog_facility = "daemon"
 	localstatedir = "/usr/var"
 	logdir = "/usr/var/log"
 	file = "/app/data/radius.log"
 }
	name = "radiusd"
	prefix = "/usr"
}
[Sun Apr 26 14:21:24 UTC 2026] radiusd exited with code 0. Restarting in 2s...
[Sun Apr 26 14:21:26 UTC 2026] Launching radiusd...
main {
 log {
 	destination = "stdout"
 	syslog_facility = "daemon"
 	localstatedir = "/usr/var"
 	logdir = "/usr/var/log"
 	file = "/app/data/radius.log"
 }
	name = "radiusd"
	prefix = "/usr"
}
[Sun Apr 26 14:21:26 UTC 2026] radiusd exited with code 0. Restarting in 2s...
[Sun Apr 26 14:21:28 UTC 2026] Launching radiusd...
main {
 log {
 	destination = "stdout"
 	syslog_facility = "daemon"
 	localstatedir = "/usr/var"
 	logdir = "/usr/var/log"
 	file = "/app/data/radius.log"
 }
	name = "radiusd"
	prefix = "/usr"
}
[Sun Apr 26 14:21:28 UTC 2026] radiusd exited with code 0. Restarting in 2s...
[Sun Apr 26 14:21:30 UTC 2026] Launching radiusd...
main {
 log {
 	destination = "stdout"
 	syslog_facility = "daemon"
 	localstatedir = "/usr/var"
 	logdir = "/usr/var/log"
 	file = "/app/data/radius.log"
 }
	name = "radiusd"
	prefix = "/usr"
}
[Sun Apr 26 14:21:31 UTC 2026] radiusd exited with code 0. Restarting in 2s...
[Sun Apr 26 14:21:33 UTC 2026] Launching radiusd...
main {
 log {
 	destination = "stdout"
 	syslog_facility = "daemon"
 	localstatedir = "/usr/var"
 	logdir = "/usr/var/log"
 	file = "/app/data/radius.log"
 }
	name = "radiusd"
	prefix = "/usr"
}
[Sun Apr 26 14:21:33 UTC 2026] radiusd exited with code 0. Restarting in 2s...
[Sun Apr 26 14:21:35 UTC 2026] Launching radiusd...
main {
 log {
 	destination = "stdout"
 	syslog_facility = "daemon"
 	localstatedir = "/usr/var"
 	logdir = "/usr/var/log"
 	file = "/app/data/radius.log"
 }
	name = "radiusd"
	prefix = "/usr"
}
[Sun Apr 26 14:21:35 UTC 2026] radiusd exited with code 0. Restarting in 2s...
[Sun Apr 26 14:21:37 UTC 2026] Launching radiusd...
main {
 log {
 	destination = "stdout"
 	syslog_facility = "daemon"
 	localstatedir = "/usr/var"
 	logdir = "/usr/var/log"
 	file = "/app/data/radius.log"
 }
	name = "radiusd"
	prefix = "/usr"
}
[Sun Apr 26 14:21:38 UTC 2026] radiusd exited with code 0. Restarting in 2s...
[Sun Apr 26 14:21:40 UTC 2026] Launching radiusd...
main {
 log {
 	destination = "stdout"
 	syslog_facility = "daemon"
 	localstatedir = "/usr/var"
 	logdir = "/usr/var/log"
 	file = "/app/data/radius.log"
 }
	name = "radiusd"
	prefix = "/usr"
}
[Sun Apr 26 14:21:40 UTC 2026] radiusd exited with code 0. Restarting in 2s...
[Sun Apr 26 14:21:42 UTC 2026] Launching radiusd...
main {
 log {
 	destination = "stdout"
 	syslog_facility = "daemon"
 	localstatedir = "/usr/var"
 	logdir = "/usr/var/log"
 	file = "/app/data/radius.log"
 }
	name = "radiusd"
	prefix = "/usr"
}
[Sun Apr 26 14:21:42 UTC 2026] radiusd exited with code 0. Restarting in 2s...
[Sun Apr 26 14:21:44 UTC 2026] Launching radiusd...
main {
 log {
 	destination = "stdout"
 	syslog_facility = "daemon"
 	localstatedir = "/usr/var"
 	logdir = "/usr/var/log"
 	file = "/app/data/radius.log"
 }
	name = "radiusd"
	prefix = "/usr"
}
[Sun Apr 26 14:21:45 UTC 2026] radiusd exited with code 0. Restarting in 2s...
[Sun Apr 26 14:21:47 UTC 2026] Launching radiusd...
main {
 log {
 	destination = "stdout"
 	syslog_facility = "daemon"
 	localstatedir = "/usr/var"
 	logdir = "/usr/var/log"
 	file = "/app/data/radius.log"
 }
	name = "radiusd"
	prefix = "/usr"
}
[Sun Apr 26 14:21:47 UTC 2026] radiusd exited with code 0. Restarting in 2s...
[Sun Apr 26 14:21:49 UTC 2026] Launching radiusd...
main {
 log {
 	destination = "stdout"
 	syslog_facility = "daemon"
 	localstatedir = "/usr/var"
 	logdir = "/usr/var/log"
 	file = "/app/data/radius.log"
 }
	name = "radiusd"
	prefix = "/usr"
}
[Sun Apr 26 14:21:49 UTC 2026] radiusd exited with code 0. Restarting in 2s...
[Sun Apr 26 14:21:51 UTC 2026] Launching radiusd...
main {
 log {
 	destination = "stdout"
 	syslog_facility = "daemon"
 	localstatedir = "/usr/var"
 	logdir = "/usr/var/log"
 	file = "/app/data/radius.log"
 }
	name = "radiusd"
	prefix = "/usr"
}
[Sun Apr 26 14:21:51 UTC 2026] radiusd exited with code 0. Restarting in 2s...
[Sun Apr 26 14:21:53 UTC 2026] Launching radiusd...
main {
 log {
 	destination = "stdout"
 	syslog_facility = "daemon"
 	localstatedir = "/usr/var"
 	logdir = "/usr/var/log"
 	file = "/app/data/radius.log"
 }
	name = "radiusd"
	prefix = "/usr"
}
[Sun Apr 26 14:21:54 UTC 2026] radiusd exited with code 0. Restarting in 2s...
[Sun Apr 26 14:21:56 UTC 2026] Launching radiusd...
main {
 log {
 	destination = "stdout"
 	syslog_facility = "daemon"
 	localstatedir = "/usr/var"
 	logdir = "/usr/var/log"
 	file = "/app/data/radius.log"
 }
	name = "radiusd"
	prefix = "/usr"
}
[Sun Apr 26 14:21:56 UTC 2026] radiusd exited with code 0. Restarting in 2s...
[Sun Apr 26 14:21:58 UTC 2026] Launching radiusd...
main {
 log {
 	destination = "stdout"
 	syslog_facility = "daemon"
 	localstatedir = "/usr/var"
 	logdir = "/usr/var/log"
 	file = "/app/data/radius.log"
 }
	name = "radiusd"
	prefix = "/usr"
}
[Sun Apr 26 14:21:58 UTC 2026] radiusd exited with code 0. Restarting in 2s...
[Sun Apr 26 14:22:00 UTC 2026] Launching radiusd...
main {
 log {
 	destination = "stdout"
 	syslog_facility = "daemon"
 	localstatedir = "/usr/var"
 	logdir = "/usr/var/log"
 	file = "/app/data/radius.log"
 }
	name = "radiusd"
	prefix = "/usr"
}
[Sun Apr 26 14:22:00 UTC 2026] radiusd exited with code 0. Restarting in 2s...
[Sun Apr 26 14:22:02 UTC 2026] Launching radiusd...
main {
 log {
 	destination = "stdout"
 	syslog_facility = "daemon"
 	localstatedir = "/usr/var"
 	logdir = "/usr/var/log"
 	file = "/app/data/radius.log"
 }
	name = "radiusd"
	prefix = "/usr"
}
[Sun Apr 26 14:22:03 UTC 2026] radiusd exited with code 0. Restarting in 2s...
[Sun Apr 26 14:22:05 UTC 2026] Launching radiusd...
main {
 log {
 	destination = "stdout"
 	syslog_facility = "daemon"
 	localstatedir = "/usr/var"
 	logdir = "/usr/var/log"
 	file = "/app/data/radius.log"
 }
	name = "radiusd"
	prefix = "/usr"
}
[Sun Apr 26 14:22:05 UTC 2026] radiusd exited with code 0. Restarting in 2s...
[Sun Apr 26 14:22:07 UTC 2026] Launching radiusd...
main {
 log {
 	destination = "stdout"
 	syslog_facility = "daemon"
 	localstatedir = "/usr/var"
 	logdir = "/usr/var/log"
 	file = "/app/data/radius.log"
 }
	name = "radiusd"
	prefix = "/usr"
}
[Sun Apr 26 14:22:08 UTC 2026] radiusd exited with code 0. Restarting in 2s...
[Sun Apr 26 14:22:10 UTC 2026] Launching radiusd...
main {
 log {
 	destination = "stdout"
 	syslog_facility = "daemon"
 	localstatedir = "/usr/var"
 	logdir = "/usr/var/log"
 	file = "/app/data/radius.log"
 }
	name = "radiusd"
	prefix = "/usr"
}
[Sun Apr 26 14:22:10 UTC 2026] radiusd exited with code 0. Restarting in 2s...
[Sun Apr 26 14:22:12 UTC 2026] Launching radiusd...
main {
 log {
 	destination = "stdout"
 	syslog_facility = "daemon"
 	localstatedir = "/usr/var"
 	logdir = "/usr/var/log"
 	file = "/app/data/radius.log"
 }
	name = "radiusd"
	prefix = "/usr"
}
[Sun Apr 26 14:22:12 UTC 2026] radiusd exited with code 0. Restarting in 2s...
[Sun Apr 26 14:22:14 UTC 2026] Launching radiusd...
main {
 log {
 	destination = "stdout"
 	syslog_facility = "daemon"
 	localstatedir = "/usr/var"
 	logdir = "/usr/var/log"
 	file = "/app/data/radius.log"
 }
	name = "radiusd"
	prefix = "/usr"
}
[Sun Apr 26 14:22:15 UTC 2026] radiusd exited with code 0. Restarting in 2s...
[Sun Apr 26 14:22:17 UTC 2026] Launching radiusd...
main {
 log {
 	destination = "stdout"
 	syslog_facility = "daemon"
 	localstatedir = "/usr/var"
 	logdir = "/usr/var/log"
 	file = "/app/data/radius.log"
 }
	name = "radiusd"
	prefix = "/usr"
}
[Sun Apr 26 14:22:18 UTC 2026] radiusd exited with code 0. Restarting in 2s...
[Sun Apr 26 14:22:20 UTC 2026] Launching radiusd...
main {
 log {
 	destination = "stdout"
 	syslog_facility = "daemon"
 	localstatedir = "/usr/var"
 	logdir = "/usr/var/log"
 	file = "/app/data/radius.log"
 }
	name = "radiusd"
	prefix = "/usr"
}
[Sun Apr 26 14:22:20 UTC 2026] radiusd exited with code 0. Restarting in 2s...
[Sun Apr 26 14:22:22 UTC 2026] Launching radiusd...
main {
 log {
 	destination = "stdout"
 	syslog_facility = "daemon"
 	localstatedir = "/usr/var"
 	logdir = "/usr/var/log"
 	file = "/app/data/radius.log"
 }
	name = "radiusd"
	prefix = "/usr"
}
[Sun Apr 26 14:22:23 UTC 2026] radiusd exited with code 0. Restarting in 2s...
[Sun Apr 26 14:22:25 UTC 2026] Launching radiusd...
main {
 log {
 	destination = "stdout"
 	syslog_facility = "daemon"
 	localstatedir = "/usr/var"
 	logdir = "/usr/var/log"
 	file = "/app/data/radius.log"
 }
	name = "radiusd"
	prefix = "/usr"
}
[Sun Apr 26 14:22:26 UTC 2026] radiusd exited with code 0. Restarting in 2s...
[Sun Apr 26 14:22:28 UTC 2026] Launching radiusd...
main {
 log {
 	destination = "stdout"
 	syslog_facility = "daemon"
 	localstatedir = "/usr/var"
 	logdir = "/usr/var/log"
 	file = "/app/data/radius.log"
 }
	name = "radiusd"
	prefix = "/usr"
}
[Sun Apr 26 14:22:29 UTC 2026] radiusd exited with code 0. Restarting in 2s...
[Sun Apr 26 14:22:31 UTC 2026] Launching radiusd...
main {
 log {
 	destination = "stdout"
 	syslog_facility = "daemon"
 	localstatedir = "/usr/var"
 	logdir = "/usr/var/log"
 	file = "/app/data/radius.log"
 }
	name = "radiusd"
	prefix = "/usr"
}
[Sun Apr 26 14:22:32 UTC 2026] radiusd exited with code 0. Restarting in 2s...
[Sun Apr 26 14:22:34 UTC 2026] Launching radiusd...
main {
 log {
 	destination = "stdout"
 	syslog_facility = "daemon"
 	localstatedir = "/usr/var"
 	logdir = "/usr/var/log"
 	file = "/app/data/radius.log"
 }
	name = "radiusd"
	prefix = "/usr"
}
[Sun Apr 26 14:22:34 UTC 2026] radiusd exited with code 0. Restarting in 2s...
[Sun Apr 26 14:22:36 UTC 2026] Launching radiusd...
main {
 log {
 	destination = "stdout"
 	syslog_facility = "daemon"
 	localstatedir = "/usr/var"
 	logdir = "/usr/var/log"
 	file = "/app/data/radius.log"
 }
	name = "radiusd"
	prefix = "/usr"
}
[Sun Apr 26 14:22:37 UTC 2026] radiusd exited with code 0. Restarting in 2s...
[Sun Apr 26 14:22:39 UTC 2026] Launching radiusd...
main {
 log {
 	destination = "stdout"
 	syslog_facility = "daemon"
 	localstatedir = "/usr/var"
 	logdir = "/usr/var/log"
 	file = "/app/data/radius.log"
 }
	name = "radiusd"
	prefix = "/usr"
}
[Sun Apr 26 14:22:39 UTC 2026] radiusd exited with code 0. Restarting in 2s...
[Sun Apr 26 14:22:41 UTC 2026] Launching radiusd...
main {
 log {
 	destination = "stdout"
 	syslog_facility = "daemon"
 	localstatedir = "/usr/var"
 	logdir = "/usr/var/log"
 	file = "/app/data/radius.log"
 }
	name = "radiusd"
	prefix = "/usr"
}
[Sun Apr 26 14:22:42 UTC 2026] radiusd exited with code 0. Restarting in 2s...
[Sun Apr 26 14:22:44 UTC 2026] Launching radiusd...
main {
 log {
 	destination = "stdout"
 	syslog_facility = "daemon"
 	localstatedir = "/usr/var"
 	logdir = "/usr/var/log"
 	file = "/app/data/radius.log"
 }
	name = "radiusd"
	prefix = "/usr"
}
[Sun Apr 26 14:22:44 UTC 2026] radiusd exited with code 0. Restarting in 2s...
[Sun Apr 26 14:22:46 UTC 2026] Launching radiusd...
main {
 log {
 	destination = "stdout"
 	syslog_facility = "daemon"
 	localstatedir = "/usr/var"
 	logdir = "/usr/var/log"
 	file = "/app/data/radius.log"
 }
	name = "radiusd"
	prefix = "/usr"
}
[Sun Apr 26 14:22:46 UTC 2026] radiusd exited with code 0. Restarting in 2s...
[Sun Apr 26 14:22:48 UTC 2026] Launching radiusd...
main {
 log {
 	destination = "stdout"
 	syslog_facility = "daemon"
 	localstatedir = "/usr/var"
 	logdir = "/usr/var/log"
 	file = "/app/data/radius.log"
 }
	name = "radiusd"
	prefix = "/usr"
}
[Sun Apr 26 14:22:49 UTC 2026] radiusd exited with code 0. Restarting in 2s...
[Sun Apr 26 14:22:51 UTC 2026] Launching radiusd...
main {
 log {
 	destination = "stdout"
 	syslog_facility = "daemon"
 	localstatedir = "/usr/var"
 	logdir = "/usr/var/log"
 	file = "/app/data/radius.log"
 }
	name = "radiusd"
	prefix = "/usr"
}
[Sun Apr 26 14:22:51 UTC 2026] radiusd exited with code 0. Restarting in 2s...
[Sun Apr 26 14:22:53 UTC 2026] Launching radiusd...
main {
 log {
 	destination = "stdout"
 	syslog_facility = "daemon"
 	localstatedir = "/usr/var"
 	logdir = "/usr/var/log"
 	file = "/app/data/radius.log"
 }
	name = "radiusd"
	prefix = "/usr"
}
[Sun Apr 26 14:22:53 UTC 2026] radiusd exited with code 0. Restarting in 2s...
[Sun Apr 26 14:22:55 UTC 2026] Launching radiusd...
main {
 log {
 	destination = "stdout"
 	syslog_facility = "daemon"
 	localstatedir = "/usr/var"
 	logdir = "/usr/var/log"
 	file = "/app/data/radius.log"
 }
	name = "radiusd"
	prefix = "/usr"
}
[Sun Apr 26 14:22:55 UTC 2026] radiusd exited with code 0. Restarting in 2s...
[Sun Apr 26 14:22:57 UTC 2026] Launching radiusd...
main {
 log {
 	destination = "stdout"
 	syslog_facility = "daemon"
 	localstatedir = "/usr/var"
 	logdir = "/usr/var/log"
 	file = "/app/data/radius.log"
 }
	name = "radiusd"
	prefix = "/usr"
}
[Sun Apr 26 14:22:58 UTC 2026] radiusd exited with code 0. Restarting in 2s...
[Sun Apr 26 14:23:00 UTC 2026] Launching radiusd...
main {
 log {
 	destination = "stdout"
 	syslog_facility = "daemon"
 	localstatedir = "/usr/var"
 	logdir = "/usr/var/log"
 	file = "/app/data/radius.log"
 }
	name = "radiusd"
	prefix = "/usr"
}
[Sun Apr 26 14:23:00 UTC 2026] radiusd exited with code 0. Restarting in 2s...
[Sun Apr 26 14:23:02 UTC 2026] Launching radiusd...
main {
 log {
 	destination = "stdout"
 	syslog_facility = "daemon"
 	localstatedir = "/usr/var"
 	logdir = "/usr/var/log"
 	file = "/app/data/radius.log"
 }
	name = "radiusd"
	prefix = "/usr"
}
[Sun Apr 26 14:23:03 UTC 2026] radiusd exited with code 0. Restarting in 2s...
[Sun Apr 26 14:23:05 UTC 2026] Launching radiusd...
main {
 log {
 	destination = "stdout"
 	syslog_facility = "daemon"
 	localstatedir = "/usr/var"
 	logdir = "/usr/var/log"
 	file = "/app/data/radius.log"
 }
	name = "radiusd"
	prefix = "/usr"
}
[Sun Apr 26 14:23:05 UTC 2026] radiusd exited with code 0. Restarting in 2s...
[Sun Apr 26 14:23:07 UTC 2026] Launching radiusd...
main {
 log {
 	destination = "stdout"
 	syslog_facility = "daemon"
 	localstatedir = "/usr/var"
 	logdir = "/usr/var/log"
 	file = "/app/data/radius.log"
 }
	name = "radiusd"
	prefix = "/usr"
}
[Sun Apr 26 14:23:07 UTC 2026] radiusd exited with code 0. Restarting in 2s...
[Sun Apr 26 14:23:09 UTC 2026] Launching radiusd...
main {
 log {
 	destination = "stdout"
 	syslog_facility = "daemon"
 	localstatedir = "/usr/var"
 	logdir = "/usr/var/log"
 	file = "/app/data/radius.log"
 }
	name = "radiusd"
	prefix = "/usr"
}
[Sun Apr 26 14:23:10 UTC 2026] radiusd exited with code 0. Restarting in 2s...
[Sun Apr 26 14:23:12 UTC 2026] Launching radiusd...
main {
 log {
 	destination = "stdout"
 	syslog_facility = "daemon"
 	localstatedir = "/usr/var"
 	logdir = "/usr/var/log"
 	file = "/app/data/radius.log"
 }
	name = "radiusd"
	prefix = "/usr"
}
[Sun Apr 26 14:23:12 UTC 2026] radiusd exited with code 0. Restarting in 2s...
[Sun Apr 26 14:23:14 UTC 2026] Launching radiusd...
main {
 log {
 	destination = "stdout"
 	syslog_facility = "daemon"
 	localstatedir = "/usr/var"
 	logdir = "/usr/var/log"
 	file = "/app/data/radius.log"
 }
	name = "radiusd"
	prefix = "/usr"
}
[Sun Apr 26 14:23:15 UTC 2026] radiusd exited with code 0. Restarting in 2s...
[Sun Apr 26 14:23:17 UTC 2026] Launching radiusd...
main {
 log {
 	destination = "stdout"
 	syslog_facility = "daemon"
 	localstatedir = "/usr/var"
 	logdir = "/usr/var/log"
 	file = "/app/data/radius.log"
 }
	name = "radiusd"
	prefix = "/usr"
}
[Sun Apr 26 14:23:17 UTC 2026] radiusd exited with code 0. Restarting in 2s...
[Sun Apr 26 14:23:19 UTC 2026] Launching radiusd...
main {
 log {
 	destination = "stdout"
 	syslog_facility = "daemon"
 	localstatedir = "/usr/var"
 	logdir = "/usr/var/log"
 	file = "/app/data/radius.log"
 }
	name = "radiusd"
	prefix = "/usr"
}
[Sun Apr 26 14:23:20 UTC 2026] radiusd exited with code 0. Restarting in 2s...
[Sun Apr 26 14:23:22 UTC 2026] Launching radiusd...
main {
 log {
 	destination = "stdout"
 	syslog_facility = "daemon"
 	localstatedir = "/usr/var"
 	logdir = "/usr/var/log"
 	file = "/app/data/radius.log"
 }
	name = "radiusd"
	prefix = "/usr"
}
[Sun Apr 26 14:23:22 UTC 2026] radiusd exited with code 0. Restarting in 2s...
[Sun Apr 26 14:23:24 UTC 2026] Launching radiusd...
main {
 log {
 	destination = "stdout"
 	syslog_facility = "daemon"
 	localstatedir = "/usr/var"
 	logdir = "/usr/var/log"
 	file = "/app/data/radius.log"
 }
	name = "radiusd"
	prefix = "/usr"
}
[Sun Apr 26 14:23:25 UTC 2026] radiusd exited with code 0. Restarting in 2s...
[Sun Apr 26 14:23:27 UTC 2026] Launching radiusd...
main {
 log {
 	destination = "stdout"
 	syslog_facility = "daemon"
 	localstatedir = "/usr/var"
 	logdir = "/usr/var/log"
 	file = "/app/data/radius.log"
 }
	name = "radiusd"
	prefix = "/usr"
}
[Sun Apr 26 14:23:27 UTC 2026] radiusd exited with code 0. Restarting in 2s...
[Sun Apr 26 14:23:29 UTC 2026] Launching radiusd...
main {
 log {
 	destination = "stdout"
 	syslog_facility = "daemon"
 	localstatedir = "/usr/var"
 	logdir = "/usr/var/log"
 	file = "/app/data/radius.log"
 }
	name = "radiusd"
	prefix = "/usr"
}
[Sun Apr 26 14:23:30 UTC 2026] radiusd exited with code 0. Restarting in 2s...
[Sun Apr 26 14:23:32 UTC 2026] Launching radiusd...
main {
 log {
 	destination = "stdout"
 	syslog_facility = "daemon"
 	localstatedir = "/usr/var"
 	logdir = "/usr/var/log"
 	file = "/app/data/radius.log"
 }
	name = "radiusd"
	prefix = "/usr"
}
[Sun Apr 26 14:23:32 UTC 2026] radiusd exited with code 0. Restarting in 2s...
[Sun Apr 26 14:23:34 UTC 2026] Launching radiusd...
main {
 log {
 	destination = "stdout"
 	syslog_facility = "daemon"
 	localstatedir = "/usr/var"
 	logdir = "/usr/var/log"
 	file = "/app/data/radius.log"
 }
	name = "radiusd"
	prefix = "/usr"
}
[Sun Apr 26 14:23:35 UTC 2026] radiusd exited with code 0. Restarting in 2s...
[Sun Apr 26 14:23:37 UTC 2026] Launching radiusd...
main {
 log {
 	destination = "stdout"
 	syslog_facility = "daemon"
 	localstatedir = "/usr/var"
 	logdir = "/usr/var/log"
 	file = "/app/data/radius.log"
 }
	name = "radiusd"
	prefix = "/usr"
}
[Sun Apr 26 14:23:37 UTC 2026] radiusd exited with code 0. Restarting in 2s...
[Sun Apr 26 14:23:39 UTC 2026] Launching radiusd...
main {
 log {
 	destination = "stdout"
 	syslog_facility = "daemon"
 	localstatedir = "/usr/var"
 	logdir = "/usr/var/log"
 	file = "/app/data/radius.log"
 }
	name = "radiusd"
	prefix = "/usr"
}
[Sun Apr 26 14:23:40 UTC 2026] radiusd exited with code 0. Restarting in 2s...
[Sun Apr 26 14:23:42 UTC 2026] Launching radiusd...
main {
 log {
 	destination = "stdout"
 	syslog_facility = "daemon"
 	localstatedir = "/usr/var"
 	logdir = "/usr/var/log"
 	file = "/app/data/radius.log"
 }
	name = "radiusd"
	prefix = "/usr"
}
[Sun Apr 26 14:23:42 UTC 2026] radiusd exited with code 0. Restarting in 2s...
[Sun Apr 26 14:23:44 UTC 2026] Launching radiusd...
main {
 log {
 	destination = "stdout"
 	syslog_facility = "daemon"
 	localstatedir = "/usr/var"
 	logdir = "/usr/var/log"
 	file = "/app/data/radius.log"
 }
	name = "radiusd"
	prefix = "/usr"
}
[Sun Apr 26 14:23:44 UTC 2026] radiusd exited with code 0. Restarting in 2s...
[Sun Apr 26 14:23:46 UTC 2026] Launching radiusd...
main {
 log {
 	destination = "stdout"
 	syslog_facility = "daemon"
 	localstatedir = "/usr/var"
 	logdir = "/usr/var/log"
 	file = "/app/data/radius.log"
 }
	name = "radiusd"
	prefix = "/usr"
}
[Sun Apr 26 14:23:47 UTC 2026] radiusd exited with code 0. Restarting in 2s...
[Sun Apr 26 14:23:49 UTC 2026] Launching radiusd...
main {
 log {
 	destination = "stdout"
 	syslog_facility = "daemon"
 	localstatedir = "/usr/var"
 	logdir = "/usr/var/log"
 	file = "/app/data/radius.log"
 }
	name = "radiusd"
	prefix = "/usr"
}
[Sun Apr 26 14:23:49 UTC 2026] radiusd exited with code 0. Restarting in 2s...
[Sun Apr 26 14:23:51 UTC 2026] Launching radiusd...
main {
 log {
 	destination = "stdout"
 	syslog_facility = "daemon"
 	localstatedir = "/usr/var"
 	logdir = "/usr/var/log"
 	file = "/app/data/radius.log"
 }
	name = "radiusd"
	prefix = "/usr"
}
[Sun Apr 26 14:23:51 UTC 2026] radiusd exited with code 0. Restarting in 2s...
[Sun Apr 26 14:23:53 UTC 2026] Launching radiusd...
main {
 log {
 	destination = "stdout"
 	syslog_facility = "daemon"
 	localstatedir = "/usr/var"
 	logdir = "/usr/var/log"
 	file = "/app/data/radius.log"
 }
	name = "radiusd"
	prefix = "/usr"
}
[Sun Apr 26 14:23:54 UTC 2026] radiusd exited with code 0. Restarting in 2s...
[Sun Apr 26 14:23:55 UTC 2026] Launching radiusd...
main {
 log {
 	destination = "stdout"
 	syslog_facility = "daemon"
 	localstatedir = "/usr/var"
 	logdir = "/usr/var/log"
 	file = "/app/data/radius.log"
 }
	name = "radiusd"
	prefix = "/usr"
}
[Sun Apr 26 14:23:56 UTC 2026] radiusd exited with code 0. Restarting in 2s...
[Sun Apr 26 14:23:58 UTC 2026] Launching radiusd...
main {
 log {
 	destination = "stdout"
 	syslog_facility = "daemon"
 	localstatedir = "/usr/var"
 	logdir = "/usr/var/log"
 	file = "/app/data/radius.log"
 }
	name = "radiusd"
	prefix = "/usr"
}
[Sun Apr 26 14:23:58 UTC 2026] radiusd exited with code 0. Restarting in 2s...
[Sun Apr 26 14:24:00 UTC 2026] Launching radiusd...
main {
 log {
 	destination = "stdout"
 	syslog_facility = "daemon"
 	localstatedir = "/usr/var"
 	logdir = "/usr/var/log"
 	file = "/app/data/radius.log"
 }
	name = "radiusd"
	prefix = "/usr"
}
[Sun Apr 26 14:24:01 UTC 2026] radiusd exited with code 0. Restarting in 2s...
[Sun Apr 26 14:24:03 UTC 2026] Launching radiusd...
main {
 log {
 	destination = "stdout"
 	syslog_facility = "daemon"
 	localstatedir = "/usr/var"
 	logdir = "/usr/var/log"
 	file = "/app/data/radius.log"
 }
	name = "radiusd"
	prefix = "/usr"
}
[Sun Apr 26 14:24:03 UTC 2026] radiusd exited with code 0. Restarting in 2s...
[Sun Apr 26 14:24:05 UTC 2026] Launching radiusd...
main {
 log {
 	destination = "stdout"
 	syslog_facility = "daemon"
 	localstatedir = "/usr/var"
 	logdir = "/usr/var/log"
 	file = "/app/data/radius.log"
 }
	name = "radiusd"
	prefix = "/usr"
}
[Sun Apr 26 14:24:06 UTC 2026] radiusd exited with code 0. Restarting in 2s...
[Sun Apr 26 14:24:08 UTC 2026] Launching radiusd...
main {
 log {
 	destination = "stdout"
 	syslog_facility = "daemon"
 	localstatedir = "/usr/var"
 	logdir = "/usr/var/log"
 	file = "/app/data/radius.log"
 }
	name = "radiusd"
	prefix = "/usr"
}
[Sun Apr 26 14:24:08 UTC 2026] radiusd exited with code 0. Restarting in 2s...
[Sun Apr 26 14:24:10 UTC 2026] Launching radiusd...
main {
 log {
 	destination = "stdout"
 	syslog_facility = "daemon"
 	localstatedir = "/usr/var"
 	logdir = "/usr/var/log"
 	file = "/app/data/radius.log"
 }
	name = "radiusd"
	prefix = "/usr"
}
[Sun Apr 26 14:24:11 UTC 2026] radiusd exited with code 0. Restarting in 2s...
[Sun Apr 26 14:24:13 UTC 2026] Launching radiusd...
main {
 log {
 	destination = "stdout"
 	syslog_facility = "daemon"
 	localstatedir = "/usr/var"
 	logdir = "/usr/var/log"
 	file = "/app/data/radius.log"
 }
	name = "radiusd"
	prefix = "/usr"
}
[Sun Apr 26 14:24:13 UTC 2026] radiusd exited with code 0. Restarting in 2s...
[Sun Apr 26 14:24:15 UTC 2026] Launching radiusd...
main {
 log {
 	destination = "stdout"
 	syslog_facility = "daemon"
 	localstatedir = "/usr/var"
 	logdir = "/usr/var/log"
 	file = "/app/data/radius.log"
 }
	name = "radiusd"
	prefix = "/usr"
}
[Sun Apr 26 14:24:16 UTC 2026] radiusd exited with code 0. Restarting in 2s...
[Sun Apr 26 14:24:18 UTC 2026] Launching radiusd...
main {
 log {
 	destination = "stdout"
 	syslog_facility = "daemon"
 	localstatedir = "/usr/var"
 	logdir = "/usr/var/log"
 	file = "/app/data/radius.log"
 }
	name = "radiusd"
	prefix = "/usr"
}
[Sun Apr 26 14:24:18 UTC 2026] radiusd exited with code 0. Restarting in 2s...
[Sun Apr 26 14:24:20 UTC 2026] Launching radiusd...
main {
 log {
 	destination = "stdout"
 	syslog_facility = "daemon"
 	localstatedir = "/usr/var"
 	logdir = "/usr/var/log"
 	file = "/app/data/radius.log"
 }
	name = "radiusd"
	prefix = "/usr"
}
[Sun Apr 26 14:24:21 UTC 2026] radiusd exited with code 0. Restarting in 2s...
[Sun Apr 26 14:24:23 UTC 2026] Launching radiusd...
main {
 log {
 	destination = "stdout"
 	syslog_facility = "daemon"
 	localstatedir = "/usr/var"
 	logdir = "/usr/var/log"
 	file = "/app/data/radius.log"
 }
	name = "radiusd"
	prefix = "/usr"
}
[Sun Apr 26 14:24:23 UTC 2026] radiusd exited with code 0. Restarting in 2s...
[Sun Apr 26 14:24:25 UTC 2026] Launching radiusd...
main {
 log {
 	destination = "stdout"
 	syslog_facility = "daemon"
 	localstatedir = "/usr/var"
 	logdir = "/usr/var/log"
 	file = "/app/data/radius.log"
 }
	name = "radiusd"
	prefix = "/usr"
}
[Sun Apr 26 14:24:25 UTC 2026] radiusd exited with code 0. Restarting in 2s...
[Sun Apr 26 14:24:27 UTC 2026] Launching radiusd...
main {
 log {
 	destination = "stdout"
 	syslog_facility = "daemon"
 	localstatedir = "/usr/var"
 	logdir = "/usr/var/log"
 	file = "/app/data/radius.log"
 }
	name = "radiusd"
	prefix = "/usr"
}
[Sun Apr 26 14:24:28 UTC 2026] radiusd exited with code 0. Restarting in 2s...
[Sun Apr 26 14:24:30 UTC 2026] Launching radiusd...
main {
 log {
 	destination = "stdout"
 	syslog_facility = "daemon"
 	localstatedir = "/usr/var"
 	logdir = "/usr/var/log"
 	file = "/app/data/radius.log"
 }
	name = "radiusd"
	prefix = "/usr"
}
[Sun Apr 26 14:24:30 UTC 2026] radiusd exited with code 0. Restarting in 2s...
[Sun Apr 26 14:24:32 UTC 2026] Launching radiusd...
main {
 log {
 	destination = "stdout"
 	syslog_facility = "daemon"
 	localstatedir = "/usr/var"
 	logdir = "/usr/var/log"
 	file = "/app/data/radius.log"
 }
	name = "radiusd"
	prefix = "/usr"
}
[Sun Apr 26 14:24:32 UTC 2026] radiusd exited with code 0. Restarting in 2s...
[Sun Apr 26 14:24:34 UTC 2026] Launching radiusd...
main {
 log {
 	destination = "stdout"
 	syslog_facility = "daemon"
 	localstatedir = "/usr/var"
 	logdir = "/usr/var/log"
 	file = "/app/data/radius.log"
 }
	name = "radiusd"
	prefix = "/usr"
}
[Sun Apr 26 14:24:35 UTC 2026] radiusd exited with code 0. Restarting in 2s...
[Sun Apr 26 14:24:37 UTC 2026] Launching radiusd...
main {
 log {
 	destination = "stdout"
 	syslog_facility = "daemon"
 	localstatedir = "/usr/var"
 	logdir = "/usr/var/log"
 	file = "/app/data/radius.log"
 }
	name = "radiusd"
	prefix = "/usr"
}
[Sun Apr 26 14:24:37 UTC 2026] radiusd exited with code 0. Restarting in 2s...
[Sun Apr 26 14:24:39 UTC 2026] Launching radiusd...
main {
 log {
 	destination = "stdout"
 	syslog_facility = "daemon"
 	localstatedir = "/usr/var"
 	logdir = "/usr/var/log"
 	file = "/app/data/radius.log"
 }
	name = "radiusd"
	prefix = "/usr"
}
[Sun Apr 26 14:24:40 UTC 2026] radiusd exited with code 0. Restarting in 2s...
[Sun Apr 26 14:24:42 UTC 2026] Launching radiusd...
main {
 log {
 	destination = "stdout"
 	syslog_facility = "daemon"
 	localstatedir = "/usr/var"
 	logdir = "/usr/var/log"
 	file = "/app/data/radius.log"
 }
	name = "radiusd"
	prefix = "/usr"
}
[Sun Apr 26 14:24:42 UTC 2026] radiusd exited with code 0. Restarting in 2s...
[Sun Apr 26 14:24:44 UTC 2026] Launching radiusd...
main {
 log {
 	destination = "stdout"
 	syslog_facility = "daemon"
 	localstatedir = "/usr/var"
 	logdir = "/usr/var/log"
 	file = "/app/data/radius.log"
 }
	name = "radiusd"
	prefix = "/usr"
}
[Sun Apr 26 14:24:44 UTC 2026] radiusd exited with code 0. Restarting in 2s...
[Sun Apr 26 14:24:46 UTC 2026] Launching radiusd...
main {
 log {
 	destination = "stdout"
 	syslog_facility = "daemon"
 	localstatedir = "/usr/var"
 	logdir = "/usr/var/log"
 	file = "/app/data/radius.log"
 }
	name = "radiusd"
	prefix = "/usr"
}
[Sun Apr 26 14:24:47 UTC 2026] radiusd exited with code 0. Restarting in 2s...
[Sun Apr 26 14:24:49 UTC 2026] Launching radiusd...
main {
 log {
 	destination = "stdout"
 	syslog_facility = "daemon"
 	localstatedir = "/usr/var"
 	logdir = "/usr/var/log"
 	file = "/app/data/radius.log"
 }
	name = "radiusd"
	prefix = "/usr"
}
[Sun Apr 26 14:24:49 UTC 2026] radiusd exited with code 0. Restarting in 2s...
[Sun Apr 26 14:24:51 UTC 2026] Launching radiusd...
main {
 log {
 	destination = "stdout"
 	syslog_facility = "daemon"
 	localstatedir = "/usr/var"
 	logdir = "/usr/var/log"
 	file = "/app/data/radius.log"
 }
	name = "radiusd"
	prefix = "/usr"
}
[Sun Apr 26 14:24:52 UTC 2026] radiusd exited with code 0. Restarting in 2s...
[Sun Apr 26 14:24:54 UTC 2026] Launching radiusd...
main {
 log {
 	destination = "stdout"
 	syslog_facility = "daemon"
 	localstatedir = "/usr/var"
 	logdir = "/usr/var/log"
 	file = "/app/data/radius.log"
 }
	name = "radiusd"
	prefix = "/usr"
}
[Sun Apr 26 14:24:54 UTC 2026] radiusd exited with code 0. Restarting in 2s...
[Sun Apr 26 14:24:56 UTC 2026] Launching radiusd...
main {
 log {
 	destination = "stdout"
 	syslog_facility = "daemon"
 	localstatedir = "/usr/var"
 	logdir = "/usr/var/log"
 	file = "/app/data/radius.log"
 }
	name = "radiusd"
	prefix = "/usr"
}
[Sun Apr 26 14:24:57 UTC 2026] radiusd exited with code 0. Restarting in 2s...
[Sun Apr 26 14:24:59 UTC 2026] Launching radiusd...
main {
 log {
 	destination = "stdout"
 	syslog_facility = "daemon"
 	localstatedir = "/usr/var"
 	logdir = "/usr/var/log"
 	file = "/app/data/radius.log"
 }
	name = "radiusd"
	prefix = "/usr"
}
[Sun Apr 26 14:24:59 UTC 2026] radiusd exited with code 0. Restarting in 2s...
[Sun Apr 26 14:25:01 UTC 2026] Launching radiusd...
main {
 log {
 	destination = "stdout"
 	syslog_facility = "daemon"
 	localstatedir = "/usr/var"
 	logdir = "/usr/var/log"
 	file = "/app/data/radius.log"
 }
	name = "radiusd"
	prefix = "/usr"
}
[Sun Apr 26 14:25:01 UTC 2026] radiusd exited with code 0. Restarting in 2s...
[Sun Apr 26 14:25:03 UTC 2026] Launching radiusd...
main {
 log {
 	destination = "stdout"
 	syslog_facility = "daemon"
 	localstatedir = "/usr/var"
 	logdir = "/usr/var/log"
 	file = "/app/data/radius.log"
 }
	name = "radiusd"
	prefix = "/usr"
}
[Sun Apr 26 14:25:03 UTC 2026] radiusd exited with code 0. Restarting in 2s...
[Sun Apr 26 14:25:05 UTC 2026] Launching radiusd...
main {
 log {
 	destination = "stdout"
 	syslog_facility = "daemon"
 	localstatedir = "/usr/var"
 	logdir = "/usr/var/log"
 	file = "/app/data/radius.log"
 }
	name = "radiusd"
	prefix = "/usr"
}
[Sun Apr 26 14:25:06 UTC 2026] radiusd exited with code 0. Restarting in 2s...
[Sun Apr 26 14:25:08 UTC 2026] Launching radiusd...
main {
 log {
 	destination = "stdout"
 	syslog_facility = "daemon"
 	localstatedir = "/usr/var"
 	logdir = "/usr/var/log"
 	file = "/app/data/radius.log"
 }
	name = "radiusd"
	prefix = "/usr"
}
[Sun Apr 26 14:25:08 UTC 2026] radiusd exited with code 0. Restarting in 2s...
[Sun Apr 26 14:25:10 UTC 2026] Launching radiusd...
main {
 log {
 	destination = "stdout"
 	syslog_facility = "daemon"
 	localstatedir = "/usr/var"
 	logdir = "/usr/var/log"
 	file = "/app/data/radius.log"
 }
	name = "radiusd"
	prefix = "/usr"
}
[Sun Apr 26 14:25:11 UTC 2026] radiusd exited with code 0. Restarting in 2s...
[Sun Apr 26 14:25:13 UTC 2026] Launching radiusd...
main {
 log {
 	destination = "stdout"
 	syslog_facility = "daemon"
 	localstatedir = "/usr/var"
 	logdir = "/usr/var/log"
 	file = "/app/data/radius.log"
 }
	name = "radiusd"
	prefix = "/usr"
}
[Sun Apr 26 14:25:13 UTC 2026] radiusd exited with code 0. Restarting in 2s...
[Sun Apr 26 14:25:15 UTC 2026] Launching radiusd...
main {
 log {
 	destination = "stdout"
 	syslog_facility = "daemon"
 	localstatedir = "/usr/var"
 	logdir = "/usr/var/log"
 	file = "/app/data/radius.log"
 }
	name = "radiusd"
	prefix = "/usr"
}
[Sun Apr 26 14:25:15 UTC 2026] radiusd exited with code 0. Restarting in 2s...
[Sun Apr 26 14:25:17 UTC 2026] Launching radiusd...
main {
 log {
 	destination = "stdout"
 	syslog_facility = "daemon"
 	localstatedir = "/usr/var"
 	logdir = "/usr/var/log"
 	file = "/app/data/radius.log"
 }
	name = "radiusd"
	prefix = "/usr"
}
[Sun Apr 26 14:25:18 UTC 2026] radiusd exited with code 0. Restarting in 2s...
[Sun Apr 26 14:25:20 UTC 2026] Launching radiusd...
main {
 log {
 	destination = "stdout"
 	syslog_facility = "daemon"
 	localstatedir = "/usr/var"
 	logdir = "/usr/var/log"
 	file = "/app/data/radius.log"
 }
	name = "radiusd"
	prefix = "/usr"
}
[Sun Apr 26 14:25:20 UTC 2026] radiusd exited with code 0. Restarting in 2s...
[Sun Apr 26 14:25:22 UTC 2026] Launching radiusd...
main {
 log {
 	destination = "stdout"
 	syslog_facility = "daemon"
 	localstatedir = "/usr/var"
 	logdir = "/usr/var/log"
 	file = "/app/data/radius.log"
 }
	name = "radiusd"
	prefix = "/usr"
}
[Sun Apr 26 14:25:23 UTC 2026] radiusd exited with code 0. Restarting in 2s...
[Sun Apr 26 14:25:25 UTC 2026] Launching radiusd...
main {
 log {
 	destination = "stdout"
 	syslog_facility = "daemon"
 	localstatedir = "/usr/var"
 	logdir = "/usr/var/log"
 	file = "/app/data/radius.log"
 }
	name = "radiusd"
	prefix = "/usr"
}
[Sun Apr 26 14:25:25 UTC 2026] radiusd exited with code 0. Restarting in 2s...
[Sun Apr 26 14:25:27 UTC 2026] Launching radiusd...
main {
 log {
 	destination = "stdout"
 	syslog_facility = "daemon"
 	localstatedir = "/usr/var"
 	logdir = "/usr/var/log"
 	file = "/app/data/radius.log"
 }
	name = "radiusd"
	prefix = "/usr"
}
[Sun Apr 26 14:25:28 UTC 2026] radiusd exited with code 0. Restarting in 2s...
[Sun Apr 26 14:25:30 UTC 2026] Launching radiusd...
main {
 log {
 	destination = "stdout"
 	syslog_facility = "daemon"
 	localstatedir = "/usr/var"
 	logdir = "/usr/var/log"
 	file = "/app/data/radius.log"
 }
	name = "radiusd"
	prefix = "/usr"
}
[Sun Apr 26 14:25:30 UTC 2026] radiusd exited with code 0. Restarting in 2s...
[Sun Apr 26 14:25:32 UTC 2026] Launching radiusd...
main {
 log {
 	destination = "stdout"
 	syslog_facility = "daemon"
 	localstatedir = "/usr/var"
 	logdir = "/usr/var/log"
 	file = "/app/data/radius.log"
 }
	name = "radiusd"
	prefix = "/usr"
}
[Sun Apr 26 14:25:32 UTC 2026] radiusd exited with code 0. Restarting in 2s...
[Sun Apr 26 14:25:34 UTC 2026] Launching radiusd...
main {
 log {
 	destination = "stdout"
 	syslog_facility = "daemon"
 	localstatedir = "/usr/var"
 	logdir = "/usr/var/log"
 	file = "/app/data/radius.log"
 }
	name = "radiusd"
	prefix = "/usr"
}
[Sun Apr 26 14:25:35 UTC 2026] radiusd exited with code 0. Restarting in 2s...
[Sun Apr 26 14:25:37 UTC 2026] Launching radiusd...
main {
 log {
 	destination = "stdout"
 	syslog_facility = "daemon"
 	localstatedir = "/usr/var"
 	logdir = "/usr/var/log"
 	file = "/app/data/radius.log"
 }
	name = "radiusd"
	prefix = "/usr"
}
[Sun Apr 26 14:25:37 UTC 2026] radiusd exited with code 0. Restarting in 2s...
[Sun Apr 26 14:25:39 UTC 2026] Launching radiusd...
main {
 log {
 	destination = "stdout"
 	syslog_facility = "daemon"
 	localstatedir = "/usr/var"
 	logdir = "/usr/var/log"
 	file = "/app/data/radius.log"
 }
	name = "radiusd"
	prefix = "/usr"
}
[Sun Apr 26 14:25:40 UTC 2026] radiusd exited with code 0. Restarting in 2s...
[Sun Apr 26 14:25:42 UTC 2026] Launching radiusd...
main {
 log {
 	destination = "stdout"
 	syslog_facility = "daemon"
 	localstatedir = "/usr/var"
 	logdir = "/usr/var/log"
 	file = "/app/data/radius.log"
 }
	name = "radiusd"
	prefix = "/usr"
}
[Sun Apr 26 14:25:42 UTC 2026] radiusd exited with code 0. Restarting in 2s...
[Sun Apr 26 14:25:44 UTC 2026] Launching radiusd...
main {
 log {
 	destination = "stdout"
 	syslog_facility = "daemon"
 	localstatedir = "/usr/var"
 	logdir = "/usr/var/log"
 	file = "/app/data/radius.log"
 }
	name = "radiusd"
	prefix = "/usr"
}
[Sun Apr 26 14:25:44 UTC 2026] radiusd exited with code 0. Restarting in 2s...
[Sun Apr 26 14:25:46 UTC 2026] Launching radiusd...
main {
 log {
 	destination = "stdout"
 	syslog_facility = "daemon"
 	localstatedir = "/usr/var"
 	logdir = "/usr/var/log"
 	file = "/app/data/radius.log"
 }
	name = "radiusd"
	prefix = "/usr"
}
[Sun Apr 26 14:25:47 UTC 2026] radiusd exited with code 0. Restarting in 2s...
[Sun Apr 26 14:25:49 UTC 2026] Launching radiusd...
main {
 log {
 	destination = "stdout"
 	syslog_facility = "daemon"
 	localstatedir = "/usr/var"
 	logdir = "/usr/var/log"
 	file = "/app/data/radius.log"
 }
	name = "radiusd"
	prefix = "/usr"
}
[Sun Apr 26 14:25:49 UTC 2026] radiusd exited with code 0. Restarting in 2s...
[Sun Apr 26 14:25:51 UTC 2026] Launching radiusd...
main {
 log {
 	destination = "stdout"
 	syslog_facility = "daemon"
 	localstatedir = "/usr/var"
 	logdir = "/usr/var/log"
 	file = "/app/data/radius.log"
 }
	name = "radiusd"
	prefix = "/usr"
}
[Sun Apr 26 14:25:52 UTC 2026] radiusd exited with code 0. Restarting in 2s...
[Sun Apr 26 14:25:54 UTC 2026] Launching radiusd...
main {
 log {
 	destination = "stdout"
 	syslog_facility = "daemon"
 	localstatedir = "/usr/var"
 	logdir = "/usr/var/log"
 	file = "/app/data/radius.log"
 }
	name = "radiusd"
	prefix = "/usr"
}
[Sun Apr 26 14:25:54 UTC 2026] radiusd exited with code 0. Restarting in 2s...
[Sun Apr 26 14:25:56 UTC 2026] Launching radiusd...
main {
 log {
 	destination = "stdout"
 	syslog_facility = "daemon"
 	localstatedir = "/usr/var"
 	logdir = "/usr/var/log"
 	file = "/app/data/radius.log"
 }
	name = "radiusd"
	prefix = "/usr"
}
[Sun Apr 26 14:25:56 UTC 2026] radiusd exited with code 0. Restarting in 2s...
[Sun Apr 26 14:25:58 UTC 2026] Launching radiusd...
main {
 log {
 	destination = "stdout"
 	syslog_facility = "daemon"
 	localstatedir = "/usr/var"
 	logdir = "/usr/var/log"
 	file = "/app/data/radius.log"
 }
	name = "radiusd"
	prefix = "/usr"
}
[Sun Apr 26 14:25:58 UTC 2026] radiusd exited with code 0. Restarting in 2s...
[Sun Apr 26 14:26:00 UTC 2026] Launching radiusd...
main {
 log {
 	destination = "stdout"
 	syslog_facility = "daemon"
 	localstatedir = "/usr/var"
 	logdir = "/usr/var/log"
 	file = "/app/data/radius.log"
 }
	name = "radiusd"
	prefix = "/usr"
}
[Sun Apr 26 14:26:01 UTC 2026] radiusd exited with code 0. Restarting in 2s...
[Sun Apr 26 14:26:03 UTC 2026] Launching radiusd...
main {
 log {
 	destination = "stdout"
 	syslog_facility = "daemon"
 	localstatedir = "/usr/var"
 	logdir = "/usr/var/log"
 	file = "/app/data/radius.log"
 }
	name = "radiusd"
	prefix = "/usr"
}
[Sun Apr 26 14:26:03 UTC 2026] radiusd exited with code 0. Restarting in 2s...
[Sun Apr 26 14:26:05 UTC 2026] Launching radiusd...
main {
 log {
 	destination = "stdout"
 	syslog_facility = "daemon"
 	localstatedir = "/usr/var"
 	logdir = "/usr/var/log"
 	file = "/app/data/radius.log"
 }
	name = "radiusd"
	prefix = "/usr"
}
[Sun Apr 26 14:26:05 UTC 2026] radiusd exited with code 0. Restarting in 2s...
[Sun Apr 26 14:26:08 UTC 2026] Launching radiusd...
main {
 log {
 	destination = "stdout"
 	syslog_facility = "daemon"
 	localstatedir = "/usr/var"
 	logdir = "/usr/var/log"
 	file = "/app/data/radius.log"
 }
	name = "radiusd"
	prefix = "/usr"
}
[Sun Apr 26 14:26:08 UTC 2026] radiusd exited with code 0. Restarting in 2s...
[Sun Apr 26 14:26:10 UTC 2026] Launching radiusd...
main {
 log {
 	destination = "stdout"
 	syslog_facility = "daemon"
 	localstatedir = "/usr/var"
 	logdir = "/usr/var/log"
 	file = "/app/data/radius.log"
 }
	name = "radiusd"
	prefix = "/usr"
}
[Sun Apr 26 14:26:10 UTC 2026] radiusd exited with code 0. Restarting in 2s...
[Sun Apr 26 14:26:12 UTC 2026] Launching radiusd...
main {
 log {
 	destination = "stdout"
 	syslog_facility = "daemon"
 	localstatedir = "/usr/var"
 	logdir = "/usr/var/log"
 	file = "/app/data/radius.log"
 }
	name = "radiusd"
	prefix = "/usr"
}
[Sun Apr 26 14:26:13 UTC 2026] radiusd exited with code 0. Restarting in 2s...
[Sun Apr 26 14:26:15 UTC 2026] Launching radiusd...
main {
 log {
 	destination = "stdout"
 	syslog_facility = "daemon"
 	localstatedir = "/usr/var"
 	logdir = "/usr/var/log"
 	file = "/app/data/radius.log"
 }
	name = "radiusd"
	prefix = "/usr"
}
[Sun Apr 26 14:26:15 UTC 2026] radiusd exited with code 0. Restarting in 2s...
[Sun Apr 26 14:26:17 UTC 2026] Launching radiusd...
main {
 log {
 	destination = "stdout"
 	syslog_facility = "daemon"
 	localstatedir = "/usr/var"
 	logdir = "/usr/var/log"
 	file = "/app/data/radius.log"
 }
	name = "radiusd"
	prefix = "/usr"
}
[Sun Apr 26 14:26:17 UTC 2026] radiusd exited with code 0. Restarting in 2s...
[Sun Apr 26 14:26:19 UTC 2026] Launching radiusd...
main {
 log {
 	destination = "stdout"
 	syslog_facility = "daemon"
 	localstatedir = "/usr/var"
 	logdir = "/usr/var/log"
 	file = "/app/data/radius.log"
 }
	name = "radiusd"
	prefix = "/usr"
}
[Sun Apr 26 14:26:20 UTC 2026] radiusd exited with code 0. Restarting in 2s...
[Sun Apr 26 14:26:22 UTC 2026] Launching radiusd...
main {
 log {
 	destination = "stdout"
 	syslog_facility = "daemon"
 	localstatedir = "/usr/var"
 	logdir = "/usr/var/log"
 	file = "/app/data/radius.log"
 }
	name = "radiusd"
	prefix = "/usr"
}
[Sun Apr 26 14:26:22 UTC 2026] radiusd exited with code 0. Restarting in 2s...
[Sun Apr 26 14:26:24 UTC 2026] Launching radiusd...
main {
 log {
 	destination = "stdout"
 	syslog_facility = "daemon"
 	localstatedir = "/usr/var"
 	logdir = "/usr/var/log"
 	file = "/app/data/radius.log"
 }
	name = "radiusd"
	prefix = "/usr"
}
[Sun Apr 26 14:26:24 UTC 2026] radiusd exited with code 0. Restarting in 2s...
[Sun Apr 26 14:26:26 UTC 2026] Launching radiusd...
main {
 log {
 	destination = "stdout"
 	syslog_facility = "daemon"
 	localstatedir = "/usr/var"
 	logdir = "/usr/var/log"
 	file = "/app/data/radius.log"
 }
	name = "radiusd"
	prefix = "/usr"
}
[Sun Apr 26 14:26:27 UTC 2026] radiusd exited with code 0. Restarting in 2s...
[Sun Apr 26 14:26:29 UTC 2026] Launching radiusd...
main {
 log {
 	destination = "stdout"
 	syslog_facility = "daemon"
 	localstatedir = "/usr/var"
 	logdir = "/usr/var/log"
 	file = "/app/data/radius.log"
 }
	name = "radiusd"
	prefix = "/usr"
}
[Sun Apr 26 14:26:29 UTC 2026] radiusd exited with code 0. Restarting in 2s...
[Sun Apr 26 14:26:31 UTC 2026] Launching radiusd...
main {
 log {
 	destination = "stdout"
 	syslog_facility = "daemon"
 	localstatedir = "/usr/var"
 	logdir = "/usr/var/log"
 	file = "/app/data/radius.log"
 }
	name = "radiusd"
	prefix = "/usr"
}
[Sun Apr 26 14:26:31 UTC 2026] radiusd exited with code 0. Restarting in 2s...
[Sun Apr 26 14:26:33 UTC 2026] Launching radiusd...
main {
 log {
 	destination = "stdout"
 	syslog_facility = "daemon"
 	localstatedir = "/usr/var"
 	logdir = "/usr/var/log"
 	file = "/app/data/radius.log"
 }
	name = "radiusd"
	prefix = "/usr"
}
[Sun Apr 26 14:26:33 UTC 2026] radiusd exited with code 0. Restarting in 2s...
[Sun Apr 26 14:26:35 UTC 2026] Launching radiusd...
main {
 log {
 	destination = "stdout"
 	syslog_facility = "daemon"
 	localstatedir = "/usr/var"
 	logdir = "/usr/var/log"
 	file = "/app/data/radius.log"
 }
	name = "radiusd"
	prefix = "/usr"
}
[Sun Apr 26 14:26:36 UTC 2026] radiusd exited with code 0. Restarting in 2s...
[Sun Apr 26 14:26:38 UTC 2026] Launching radiusd...
main {
 log {
 	destination = "stdout"
 	syslog_facility = "daemon"
 	localstatedir = "/usr/var"
 	logdir = "/usr/var/log"
 	file = "/app/data/radius.log"
 }
	name = "radiusd"
	prefix = "/usr"
}
[Sun Apr 26 14:26:38 UTC 2026] radiusd exited with code 0. Restarting in 2s...
[Sun Apr 26 14:26:40 UTC 2026] Launching radiusd...
main {
 log {
 	destination = "stdout"
 	syslog_facility = "daemon"
 	localstatedir = "/usr/var"
 	logdir = "/usr/var/log"
 	file = "/app/data/radius.log"
 }
	name = "radiusd"
	prefix = "/usr"
}
[Sun Apr 26 14:26:41 UTC 2026] radiusd exited with code 0. Restarting in 2s...
[Sun Apr 26 14:26:43 UTC 2026] Launching radiusd...
main {
 log {
 	destination = "stdout"
 	syslog_facility = "daemon"
 	localstatedir = "/usr/var"
 	logdir = "/usr/var/log"
 	file = "/app/data/radius.log"
 }
	name = "radiusd"
	prefix = "/usr"
}
[Sun Apr 26 14:26:43 UTC 2026] radiusd exited with code 0. Restarting in 2s...
[Sun Apr 26 14:26:45 UTC 2026] Launching radiusd...
main {
 log {
 	destination = "stdout"
 	syslog_facility = "daemon"
 	localstatedir = "/usr/var"
 	logdir = "/usr/var/log"
 	file = "/app/data/radius.log"
 }
	name = "radiusd"
	prefix = "/usr"
}
[Sun Apr 26 14:26:46 UTC 2026] radiusd exited with code 0. Restarting in 2s...
[Sun Apr 26 14:26:48 UTC 2026] Launching radiusd...
main {
 log {
 	destination = "stdout"
 	syslog_facility = "daemon"
 	localstatedir = "/usr/var"
 	logdir = "/usr/var/log"
 	file = "/app/data/radius.log"
 }
	name = "radiusd"
	prefix = "/usr"
}
[Sun Apr 26 14:26:48 UTC 2026] radiusd exited with code 0. Restarting in 2s...
[Sun Apr 26 14:26:50 UTC 2026] Launching radiusd...
main {
 log {
 	destination = "stdout"
 	syslog_facility = "daemon"
 	localstatedir = "/usr/var"
 	logdir = "/usr/var/log"
 	file = "/app/data/radius.log"
 }
	name = "radiusd"
	prefix = "/usr"
}
[Sun Apr 26 14:26:50 UTC 2026] radiusd exited with code 0. Restarting in 2s...
[Sun Apr 26 14:26:52 UTC 2026] Launching radiusd...
main {
 log {
 	destination = "stdout"
 	syslog_facility = "daemon"
 	localstatedir = "/usr/var"
 	logdir = "/usr/var/log"
 	file = "/app/data/radius.log"
 }
	name = "radiusd"
	prefix = "/usr"
}
[Sun Apr 26 14:26:53 UTC 2026] radiusd exited with code 0. Restarting in 2s...
[Sun Apr 26 14:26:55 UTC 2026] Launching radiusd...
main {
 log {
 	destination = "stdout"
 	syslog_facility = "daemon"
 	localstatedir = "/usr/var"
 	logdir = "/usr/var/log"
 	file = "/app/data/radius.log"
 }
	name = "radiusd"
	prefix = "/usr"
}
[Sun Apr 26 14:26:55 UTC 2026] radiusd exited with code 0. Restarting in 2s...
[Sun Apr 26 14:26:57 UTC 2026] Launching radiusd...
main {
 log {
 	destination = "stdout"
 	syslog_facility = "daemon"
 	localstatedir = "/usr/var"
 	logdir = "/usr/var/log"
 	file = "/app/data/radius.log"
 }
	name = "radiusd"
	prefix = "/usr"
}
[Sun Apr 26 14:26:57 UTC 2026] radiusd exited with code 0. Restarting in 2s...
[Sun Apr 26 14:26:59 UTC 2026] Launching radiusd...
main {
 log {
 	destination = "stdout"
 	syslog_facility = "daemon"
 	localstatedir = "/usr/var"
 	logdir = "/usr/var/log"
 	file = "/app/data/radius.log"
 }
	name = "radiusd"
	prefix = "/usr"
}
[Sun Apr 26 14:27:00 UTC 2026] radiusd exited with code 0. Restarting in 2s...
[Sun Apr 26 14:27:02 UTC 2026] Launching radiusd...
main {
 log {
 	destination = "stdout"
 	syslog_facility = "daemon"
 	localstatedir = "/usr/var"
 	logdir = "/usr/var/log"
 	file = "/app/data/radius.log"
 }
	name = "radiusd"
	prefix = "/usr"
}
[Sun Apr 26 14:27:02 UTC 2026] radiusd exited with code 0. Restarting in 2s...
[Sun Apr 26 14:27:04 UTC 2026] Launching radiusd...
main {
 log {
 	destination = "stdout"
 	syslog_facility = "daemon"
 	localstatedir = "/usr/var"
 	logdir = "/usr/var/log"
 	file = "/app/data/radius.log"
 }
	name = "radiusd"
	prefix = "/usr"
}
[Sun Apr 26 14:27:04 UTC 2026] radiusd exited with code 0. Restarting in 2s...
[Sun Apr 26 14:27:06 UTC 2026] Launching radiusd...
main {
 log {
 	destination = "stdout"
 	syslog_facility = "daemon"
 	localstatedir = "/usr/var"
 	logdir = "/usr/var/log"
 	file = "/app/data/radius.log"
 }
	name = "radiusd"
	prefix = "/usr"
}
[Sun Apr 26 14:27:07 UTC 2026] radiusd exited with code 0. Restarting in 2s...
[Sun Apr 26 14:27:09 UTC 2026] Launching radiusd...
main {
 log {
 	destination = "stdout"
 	syslog_facility = "daemon"
 	localstatedir = "/usr/var"
 	logdir = "/usr/var/log"
 	file = "/app/data/radius.log"
 }
	name = "radiusd"
	prefix = "/usr"
}
[Sun Apr 26 14:27:09 UTC 2026] radiusd exited with code 0. Restarting in 2s...
[Sun Apr 26 14:27:11 UTC 2026] Launching radiusd...
main {
 log {
 	destination = "stdout"
 	syslog_facility = "daemon"
 	localstatedir = "/usr/var"
 	logdir = "/usr/var/log"
 	file = "/app/data/radius.log"
 }
	name = "radiusd"
	prefix = "/usr"
}
[Sun Apr 26 14:27:11 UTC 2026] radiusd exited with code 0. Restarting in 2s...
[Sun Apr 26 14:27:13 UTC 2026] Launching radiusd...
main {
 log {
 	destination = "stdout"
 	syslog_facility = "daemon"
 	localstatedir = "/usr/var"
 	logdir = "/usr/var/log"
 	file = "/app/data/radius.log"
 }
	name = "radiusd"
	prefix = "/usr"
}
[Sun Apr 26 14:27:14 UTC 2026] radiusd exited with code 0. Restarting in 2s...
[Sun Apr 26 14:27:16 UTC 2026] Launching radiusd...
main {
 log {
 	destination = "stdout"
 	syslog_facility = "daemon"
 	localstatedir = "/usr/var"
 	logdir = "/usr/var/log"
 	file = "/app/data/radius.log"
 }
	name = "radiusd"
	prefix = "/usr"
}
[Sun Apr 26 14:27:16 UTC 2026] radiusd exited with code 0. Restarting in 2s...
[Sun Apr 26 14:27:18 UTC 2026] Launching radiusd...
main {
 log {
 	destination = "stdout"
 	syslog_facility = "daemon"
 	localstatedir = "/usr/var"
 	logdir = "/usr/var/log"
 	file = "/app/data/radius.log"
 }
	name = "radiusd"
	prefix = "/usr"
}
[Sun Apr 26 14:27:18 UTC 2026] radiusd exited with code 0. Restarting in 2s...
[Sun Apr 26 14:27:20 UTC 2026] Launching radiusd...
main {
 log {
 	destination = "stdout"
 	syslog_facility = "daemon"
 	localstatedir = "/usr/var"
 	logdir = "/usr/var/log"
 	file = "/app/data/radius.log"
 }
	name = "radiusd"
	prefix = "/usr"
}
[Sun Apr 26 14:27:21 UTC 2026] radiusd exited with code 0. Restarting in 2s...
[Sun Apr 26 14:27:23 UTC 2026] Launching radiusd...
main {
 log {
 	destination = "stdout"
 	syslog_facility = "daemon"
 	localstatedir = "/usr/var"
 	logdir = "/usr/var/log"
 	file = "/app/data/radius.log"
 }
	name = "radiusd"
	prefix = "/usr"
}
[Sun Apr 26 14:27:23 UTC 2026] radiusd exited with code 0. Restarting in 2s...
[Sun Apr 26 14:27:25 UTC 2026] Launching radiusd...
main {
 log {
 	destination = "stdout"
 	syslog_facility = "daemon"
 	localstatedir = "/usr/var"
 	logdir = "/usr/var/log"
 	file = "/app/data/radius.log"
 }
	name = "radiusd"
	prefix = "/usr"
}
[Sun Apr 26 14:27:25 UTC 2026] radiusd exited with code 0. Restarting in 2s...
[Sun Apr 26 14:27:27 UTC 2026] Launching radiusd...
main {
 log {
 	destination = "stdout"
 	syslog_facility = "daemon"
 	localstatedir = "/usr/var"
 	logdir = "/usr/var/log"
 	file = "/app/data/radius.log"
 }
	name = "radiusd"
	prefix = "/usr"
}
[Sun Apr 26 14:27:28 UTC 2026] radiusd exited with code 0. Restarting in 2s...
[Sun Apr 26 14:27:30 UTC 2026] Launching radiusd...
main {
 log {
 	destination = "stdout"
 	syslog_facility = "daemon"
 	localstatedir = "/usr/var"
 	logdir = "/usr/var/log"
 	file = "/app/data/radius.log"
 }
	name = "radiusd"
	prefix = "/usr"
}
[Sun Apr 26 14:27:30 UTC 2026] radiusd exited with code 0. Restarting in 2s...
[Sun Apr 26 14:27:32 UTC 2026] Launching radiusd...
main {
 log {
 	destination = "stdout"
 	syslog_facility = "daemon"
 	localstatedir = "/usr/var"
 	logdir = "/usr/var/log"
 	file = "/app/data/radius.log"
 }
	name = "radiusd"
	prefix = "/usr"
}
[Sun Apr 26 14:27:32 UTC 2026] radiusd exited with code 0. Restarting in 2s...
[Sun Apr 26 14:27:34 UTC 2026] Launching radiusd...
main {
 log {
 	destination = "stdout"
 	syslog_facility = "daemon"
 	localstatedir = "/usr/var"
 	logdir = "/usr/var/log"
 	file = "/app/data/radius.log"
 }
	name = "radiusd"
	prefix = "/usr"
}
[Sun Apr 26 14:27:35 UTC 2026] radiusd exited with code 0. Restarting in 2s...
[Sun Apr 26 14:27:37 UTC 2026] Launching radiusd...
main {
 log {
 	destination = "stdout"
 	syslog_facility = "daemon"
 	localstatedir = "/usr/var"
 	logdir = "/usr/var/log"
 	file = "/app/data/radius.log"
 }
	name = "radiusd"
	prefix = "/usr"
}
[Sun Apr 26 14:27:37 UTC 2026] radiusd exited with code 0. Restarting in 2s...
[Sun Apr 26 14:27:39 UTC 2026] Launching radiusd...
main {
 log {
 	destination = "stdout"
 	syslog_facility = "daemon"
 	localstatedir = "/usr/var"
 	logdir = "/usr/var/log"
 	file = "/app/data/radius.log"
 }
	name = "radiusd"
	prefix = "/usr"
}
[Sun Apr 26 14:27:39 UTC 2026] radiusd exited with code 0. Restarting in 2s...
[Sun Apr 26 14:27:41 UTC 2026] Launching radiusd...
main {
 log {
 	destination = "stdout"
 	syslog_facility = "daemon"
 	localstatedir = "/usr/var"
 	logdir = "/usr/var/log"
 	file = "/app/data/radius.log"
 }
	name = "radiusd"
	prefix = "/usr"
}
[Sun Apr 26 14:27:42 UTC 2026] radiusd exited with code 0. Restarting in 2s...
[Sun Apr 26 14:27:44 UTC 2026] Launching radiusd...
main {
 log {
 	destination = "stdout"
 	syslog_facility = "daemon"
 	localstatedir = "/usr/var"
 	logdir = "/usr/var/log"
 	file = "/app/data/radius.log"
 }
	name = "radiusd"
	prefix = "/usr"
}
[Sun Apr 26 14:27:44 UTC 2026] radiusd exited with code 0. Restarting in 2s...
[Sun Apr 26 14:27:46 UTC 2026] Launching radiusd...
main {
 log {
 	destination = "stdout"
 	syslog_facility = "daemon"
 	localstatedir = "/usr/var"
 	logdir = "/usr/var/log"
 	file = "/app/data/radius.log"
 }
	name = "radiusd"
	prefix = "/usr"
}
[Sun Apr 26 14:27:47 UTC 2026] radiusd exited with code 0. Restarting in 2s...
[Sun Apr 26 14:27:49 UTC 2026] Launching radiusd...
main {
 log {
 	destination = "stdout"
 	syslog_facility = "daemon"
 	localstatedir = "/usr/var"
 	logdir = "/usr/var/log"
 	file = "/app/data/radius.log"
 }
	name = "radiusd"
	prefix = "/usr"
}
[Sun Apr 26 14:27:49 UTC 2026] radiusd exited with code 0. Restarting in 2s...
[Sun Apr 26 14:27:51 UTC 2026] Launching radiusd...
main {
 log {
 	destination = "stdout"
 	syslog_facility = "daemon"
 	localstatedir = "/usr/var"
 	logdir = "/usr/var/log"
 	file = "/app/data/radius.log"
 }
	name = "radiusd"
	prefix = "/usr"
}
[Sun Apr 26 14:27:52 UTC 2026] radiusd exited with code 0. Restarting in 2s...
[Sun Apr 26 14:27:54 UTC 2026] Launching radiusd...
main {
 log {
 	destination = "stdout"
 	syslog_facility = "daemon"
 	localstatedir = "/usr/var"
 	logdir = "/usr/var/log"
 	file = "/app/data/radius.log"
 }
	name = "radiusd"
	prefix = "/usr"
}
[Sun Apr 26 14:27:54 UTC 2026] radiusd exited with code 0. Restarting in 2s...
[Sun Apr 26 14:27:56 UTC 2026] Launching radiusd...
main {
 log {
 	destination = "stdout"
 	syslog_facility = "daemon"
 	localstatedir = "/usr/var"
 	logdir = "/usr/var/log"
 	file = "/app/data/radius.log"
 }
	name = "radiusd"
	prefix = "/usr"
}
[Sun Apr 26 14:27:56 UTC 2026] radiusd exited with code 0. Restarting in 2s...
[Sun Apr 26 14:27:58 UTC 2026] Launching radiusd...
main {
 log {
 	destination = "stdout"
 	syslog_facility = "daemon"
 	localstatedir = "/usr/var"
 	logdir = "/usr/var/log"
 	file = "/app/data/radius.log"
 }
	name = "radiusd"
	prefix = "/usr"
}
[Sun Apr 26 14:27:59 UTC 2026] radiusd exited with code 0. Restarting in 2s...
[Sun Apr 26 14:28:01 UTC 2026] Launching radiusd...
main {
 log {
 	destination = "stdout"
 	syslog_facility = "daemon"
 	localstatedir = "/usr/var"
 	logdir = "/usr/var/log"
 	file = "/app/data/radius.log"
 }
	name = "radiusd"
	prefix = "/usr"
}
[Sun Apr 26 14:28:01 UTC 2026] radiusd exited with code 0. Restarting in 2s...
[Sun Apr 26 14:28:03 UTC 2026] Launching radiusd...
main {
 log {
 	destination = "stdout"
 	syslog_facility = "daemon"
 	localstatedir = "/usr/var"
 	logdir = "/usr/var/log"
 	file = "/app/data/radius.log"
 }
	name = "radiusd"
	prefix = "/usr"
}
[Sun Apr 26 14:28:03 UTC 2026] radiusd exited with code 0. Restarting in 2s...
[Sun Apr 26 14:28:05 UTC 2026] Launching radiusd...
main {
 log {
 	destination = "stdout"
 	syslog_facility = "daemon"
 	localstatedir = "/usr/var"
 	logdir = "/usr/var/log"
 	file = "/app/data/radius.log"
 }
	name = "radiusd"
	prefix = "/usr"
}
[Sun Apr 26 14:28:06 UTC 2026] radiusd exited with code 0. Restarting in 2s...
[Sun Apr 26 14:28:08 UTC 2026] Launching radiusd...
main {
 log {
 	destination = "stdout"
 	syslog_facility = "daemon"
 	localstatedir = "/usr/var"
 	logdir = "/usr/var/log"
 	file = "/app/data/radius.log"
 }
	name = "radiusd"
	prefix = "/usr"
}
[Sun Apr 26 14:28:08 UTC 2026] radiusd exited with code 0. Restarting in 2s...
[Sun Apr 26 14:28:10 UTC 2026] Launching radiusd...
main {
 log {
 	destination = "stdout"
 	syslog_facility = "daemon"
 	localstatedir = "/usr/var"
 	logdir = "/usr/var/log"
 	file = "/app/data/radius.log"
 }
	name = "radiusd"
	prefix = "/usr"
}
[Sun Apr 26 14:28:11 UTC 2026] radiusd exited with code 0. Restarting in 2s...
[Sun Apr 26 14:28:13 UTC 2026] Launching radiusd...
main {
 log {
 	destination = "stdout"
 	syslog_facility = "daemon"
 	localstatedir = "/usr/var"
 	logdir = "/usr/var/log"
 	file = "/app/data/radius.log"
 }
	name = "radiusd"
	prefix = "/usr"
}
[Sun Apr 26 14:28:13 UTC 2026] radiusd exited with code 0. Restarting in 2s...
[Sun Apr 26 14:28:15 UTC 2026] Launching radiusd...
main {
 log {
 	destination = "stdout"
 	syslog_facility = "daemon"
 	localstatedir = "/usr/var"
 	logdir = "/usr/var/log"
 	file = "/app/data/radius.log"
 }
	name = "radiusd"
	prefix = "/usr"
}
[Sun Apr 26 14:28:16 UTC 2026] radiusd exited with code 0. Restarting in 2s...
[Sun Apr 26 14:28:18 UTC 2026] Launching radiusd...
main {
 log {
 	destination = "stdout"
 	syslog_facility = "daemon"
 	localstatedir = "/usr/var"
 	logdir = "/usr/var/log"
 	file = "/app/data/radius.log"
 }
	name = "radiusd"
	prefix = "/usr"
}
[Sun Apr 26 14:28:18 UTC 2026] radiusd exited with code 0. Restarting in 2s...
[Sun Apr 26 14:28:20 UTC 2026] Launching radiusd...
main {
 log {
 	destination = "stdout"
 	syslog_facility = "daemon"
 	localstatedir = "/usr/var"
 	logdir = "/usr/var/log"
 	file = "/app/data/radius.log"
 }
	name = "radiusd"
	prefix = "/usr"
}
[Sun Apr 26 14:28:20 UTC 2026] radiusd exited with code 0. Restarting in 2s...
[Sun Apr 26 14:28:22 UTC 2026] Launching radiusd...
main {
 log {
 	destination = "stdout"
 	syslog_facility = "daemon"
 	localstatedir = "/usr/var"
 	logdir = "/usr/var/log"
 	file = "/app/data/radius.log"
 }
	name = "radiusd"
	prefix = "/usr"
}
[Sun Apr 26 14:28:23 UTC 2026] radiusd exited with code 0. Restarting in 2s...
[Sun Apr 26 14:28:25 UTC 2026] Launching radiusd...
main {
 log {
 	destination = "stdout"
 	syslog_facility = "daemon"
 	localstatedir = "/usr/var"
 	logdir = "/usr/var/log"
 	file = "/app/data/radius.log"
 }
	name = "radiusd"
	prefix = "/usr"
}
[Sun Apr 26 14:28:25 UTC 2026] radiusd exited with code 0. Restarting in 2s...
[Sun Apr 26 14:28:27 UTC 2026] Launching radiusd...
main {
 log {
 	destination = "stdout"
 	syslog_facility = "daemon"
 	localstatedir = "/usr/var"
 	logdir = "/usr/var/log"
 	file = "/app/data/radius.log"
 }
	name = "radiusd"
	prefix = "/usr"
}
[Sun Apr 26 14:28:27 UTC 2026] radiusd exited with code 0. Restarting in 2s...
[Sun Apr 26 14:28:29 UTC 2026] Launching radiusd...
main {
 log {
 	destination = "stdout"
 	syslog_facility = "daemon"
 	localstatedir = "/usr/var"
 	logdir = "/usr/var/log"
 	file = "/app/data/radius.log"
 }
	name = "radiusd"
	prefix = "/usr"
}
[Sun Apr 26 14:28:30 UTC 2026] radiusd exited with code 0. Restarting in 2s...
[Sun Apr 26 14:28:32 UTC 2026] Launching radiusd...
main {
 log {
 	destination = "stdout"
 	syslog_facility = "daemon"
 	localstatedir = "/usr/var"
 	logdir = "/usr/var/log"
 	file = "/app/data/radius.log"
 }
	name = "radiusd"
	prefix = "/usr"
}
[Sun Apr 26 14:28:32 UTC 2026] radiusd exited with code 0. Restarting in 2s...
[Sun Apr 26 14:28:34 UTC 2026] Launching radiusd...
main {
 log {
 	destination = "stdout"
 	syslog_facility = "daemon"
 	localstatedir = "/usr/var"
 	logdir = "/usr/var/log"
 	file = "/app/data/radius.log"
 }
	name = "radiusd"
	prefix = "/usr"
}
[Sun Apr 26 14:28:34 UTC 2026] radiusd exited with code 0. Restarting in 2s...
[Sun Apr 26 14:28:36 UTC 2026] Launching radiusd...
main {
 log {
 	destination = "stdout"
 	syslog_facility = "daemon"
 	localstatedir = "/usr/var"
 	logdir = "/usr/var/log"
 	file = "/app/data/radius.log"
 }
	name = "radiusd"
	prefix = "/usr"
}
[Sun Apr 26 14:28:37 UTC 2026] radiusd exited with code 0. Restarting in 2s...
[Sun Apr 26 14:28:39 UTC 2026] Launching radiusd...
main {
 log {
 	destination = "stdout"
 	syslog_facility = "daemon"
 	localstatedir = "/usr/var"
 	logdir = "/usr/var/log"
 	file = "/app/data/radius.log"
 }
	name = "radiusd"
	prefix = "/usr"
}
[Sun Apr 26 14:28:39 UTC 2026] radiusd exited with code 0. Restarting in 2s...
[Sun Apr 26 14:28:41 UTC 2026] Launching radiusd...
main {
 log {
 	destination = "stdout"
 	syslog_facility = "daemon"
 	localstatedir = "/usr/var"
 	logdir = "/usr/var/log"
 	file = "/app/data/radius.log"
 }
	name = "radiusd"
	prefix = "/usr"
}
[Sun Apr 26 14:28:41 UTC 2026] radiusd exited with code 0. Restarting in 2s...
[Sun Apr 26 14:28:43 UTC 2026] Launching radiusd...
main {
 log {
 	destination = "stdout"
 	syslog_facility = "daemon"
 	localstatedir = "/usr/var"
 	logdir = "/usr/var/log"
 	file = "/app/data/radius.log"
 }
	name = "radiusd"
	prefix = "/usr"
}
[Sun Apr 26 14:28:44 UTC 2026] radiusd exited with code 0. Restarting in 2s...
[Sun Apr 26 14:28:46 UTC 2026] Launching radiusd...
main {
 log {
 	destination = "stdout"
 	syslog_facility = "daemon"
 	localstatedir = "/usr/var"
 	logdir = "/usr/var/log"
 	file = "/app/data/radius.log"
 }
	name = "radiusd"
	prefix = "/usr"
}
[Sun Apr 26 14:28:46 UTC 2026] radiusd exited with code 0. Restarting in 2s...
[Sun Apr 26 14:28:48 UTC 2026] Launching radiusd...
main {
 log {
 	destination = "stdout"
 	syslog_facility = "daemon"
 	localstatedir = "/usr/var"
 	logdir = "/usr/var/log"
 	file = "/app/data/radius.log"
 }
	name = "radiusd"
	prefix = "/usr"
}
[Sun Apr 26 14:28:48 UTC 2026] radiusd exited with code 0. Restarting in 2s...
[Sun Apr 26 14:28:50 UTC 2026] Launching radiusd...
main {
 log {
 	destination = "stdout"
 	syslog_facility = "daemon"
 	localstatedir = "/usr/var"
 	logdir = "/usr/var/log"
 	file = "/app/data/radius.log"
 }
	name = "radiusd"
	prefix = "/usr"
}
[Sun Apr 26 14:28:51 UTC 2026] radiusd exited with code 0. Restarting in 2s...
[Sun Apr 26 14:28:53 UTC 2026] Launching radiusd...
main {
 log {
 	destination = "stdout"
 	syslog_facility = "daemon"
 	localstatedir = "/usr/var"
 	logdir = "/usr/var/log"
 	file = "/app/data/radius.log"
 }
	name = "radiusd"
	prefix = "/usr"
}
[Sun Apr 26 14:28:53 UTC 2026] radiusd exited with code 0. Restarting in 2s...
[Sun Apr 26 14:28:55 UTC 2026] Launching radiusd...
main {
 log {
 	destination = "stdout"
 	syslog_facility = "daemon"
 	localstatedir = "/usr/var"
 	logdir = "/usr/var/log"
 	file = "/app/data/radius.log"
 }
	name = "radiusd"
	prefix = "/usr"
}
[Sun Apr 26 14:28:55 UTC 2026] radiusd exited with code 0. Restarting in 2s...
[Sun Apr 26 14:28:57 UTC 2026] Launching radiusd...
main {
 log {
 	destination = "stdout"
 	syslog_facility = "daemon"
 	localstatedir = "/usr/var"
 	logdir = "/usr/var/log"
 	file = "/app/data/radius.log"
 }
	name = "radiusd"
	prefix = "/usr"
}
[Sun Apr 26 14:28:58 UTC 2026] radiusd exited with code 0. Restarting in 2s...
[Sun Apr 26 14:29:00 UTC 2026] Launching radiusd...
main {
 log {
 	destination = "stdout"
 	syslog_facility = "daemon"
 	localstatedir = "/usr/var"
 	logdir = "/usr/var/log"
 	file = "/app/data/radius.log"
 }
	name = "radiusd"
	prefix = "/usr"
}
[Sun Apr 26 14:29:00 UTC 2026] radiusd exited with code 0. Restarting in 2s...
[Sun Apr 26 14:29:02 UTC 2026] Launching radiusd...
main {
 log {
 	destination = "stdout"
 	syslog_facility = "daemon"
 	localstatedir = "/usr/var"
 	logdir = "/usr/var/log"
 	file = "/app/data/radius.log"
 }
	name = "radiusd"
	prefix = "/usr"
}
[Sun Apr 26 14:29:02 UTC 2026] radiusd exited with code 0. Restarting in 2s...
[Sun Apr 26 14:29:04 UTC 2026] Launching radiusd...
main {
 log {
 	destination = "stdout"
 	syslog_facility = "daemon"
 	localstatedir = "/usr/var"
 	logdir = "/usr/var/log"
 	file = "/app/data/radius.log"
 }
	name = "radiusd"
	prefix = "/usr"
}
[Sun Apr 26 14:29:05 UTC 2026] radiusd exited with code 0. Restarting in 2s...
[Sun Apr 26 14:29:07 UTC 2026] Launching radiusd...
main {
 log {
 	destination = "stdout"
 	syslog_facility = "daemon"
 	localstatedir = "/usr/var"
 	logdir = "/usr/var/log"
 	file = "/app/data/radius.log"
 }
	name = "radiusd"
	prefix = "/usr"
}
[Sun Apr 26 14:29:07 UTC 2026] radiusd exited with code 0. Restarting in 2s...
[Sun Apr 26 14:29:09 UTC 2026] Launching radiusd...
main {
 log {
 	destination = "stdout"
 	syslog_facility = "daemon"
 	localstatedir = "/usr/var"
 	logdir = "/usr/var/log"
 	file = "/app/data/radius.log"
 }
	name = "radiusd"
	prefix = "/usr"
}
[Sun Apr 26 14:29:10 UTC 2026] radiusd exited with code 0. Restarting in 2s...
[Sun Apr 26 14:29:12 UTC 2026] Launching radiusd...
main {
 log {
 	destination = "stdout"
 	syslog_facility = "daemon"
 	localstatedir = "/usr/var"
 	logdir = "/usr/var/log"
 	file = "/app/data/radius.log"
 }
	name = "radiusd"
	prefix = "/usr"
}
[Sun Apr 26 14:29:12 UTC 2026] radiusd exited with code 0. Restarting in 2s...
[Sun Apr 26 14:29:14 UTC 2026] Launching radiusd...
main {
 log {
 	destination = "stdout"
 	syslog_facility = "daemon"
 	localstatedir = "/usr/var"
 	logdir = "/usr/var/log"
 	file = "/app/data/radius.log"
 }
	name = "radiusd"
	prefix = "/usr"
}
[Sun Apr 26 14:29:14 UTC 2026] radiusd exited with code 0. Restarting in 2s...
[Sun Apr 26 14:29:16 UTC 2026] Launching radiusd...
main {
 log {
 	destination = "stdout"
 	syslog_facility = "daemon"
 	localstatedir = "/usr/var"
 	logdir = "/usr/var/log"
 	file = "/app/data/radius.log"
 }
	name = "radiusd"
	prefix = "/usr"
}
[Sun Apr 26 14:29:17 UTC 2026] radiusd exited with code 0. Restarting in 2s...
[Sun Apr 26 14:29:19 UTC 2026] Launching radiusd...
main {
 log {
 	destination = "stdout"
 	syslog_facility = "daemon"
 	localstatedir = "/usr/var"
 	logdir = "/usr/var/log"
 	file = "/app/data/radius.log"
 }
	name = "radiusd"
	prefix = "/usr"
}
[Sun Apr 26 14:29:19 UTC 2026] radiusd exited with code 0. Restarting in 2s...
[Sun Apr 26 14:29:21 UTC 2026] Launching radiusd...
main {
 log {
 	destination = "stdout"
 	syslog_facility = "daemon"
 	localstatedir = "/usr/var"
 	logdir = "/usr/var/log"
 	file = "/app/data/radius.log"
 }
	name = "radiusd"
	prefix = "/usr"
}
[Sun Apr 26 14:29:21 UTC 2026] radiusd exited with code 0. Restarting in 2s...
[Sun Apr 26 14:29:23 UTC 2026] Launching radiusd...
main {
 log {
 	destination = "stdout"
 	syslog_facility = "daemon"
 	localstatedir = "/usr/var"
 	logdir = "/usr/var/log"
 	file = "/app/data/radius.log"
 }
	name = "radiusd"
	prefix = "/usr"
}
[Sun Apr 26 14:29:24 UTC 2026] radiusd exited with code 0. Restarting in 2s...
[Sun Apr 26 14:29:26 UTC 2026] Launching radiusd...
main {
 log {
 	destination = "stdout"
 	syslog_facility = "daemon"
 	localstatedir = "/usr/var"
 	logdir = "/usr/var/log"
 	file = "/app/data/radius.log"
 }
	name = "radiusd"
	prefix = "/usr"
}
[Sun Apr 26 14:29:26 UTC 2026] radiusd exited with code 0. Restarting in 2s...
[Sun Apr 26 14:29:28 UTC 2026] Launching radiusd...
main {
 log {
 	destination = "stdout"
 	syslog_facility = "daemon"
 	localstatedir = "/usr/var"
 	logdir = "/usr/var/log"
 	file = "/app/data/radius.log"
 }
	name = "radiusd"
	prefix = "/usr"
}
[Sun Apr 26 14:29:28 UTC 2026] radiusd exited with code 0. Restarting in 2s...
[Sun Apr 26 14:29:30 UTC 2026] Launching radiusd...
main {
 log {
 	destination = "stdout"
 	syslog_facility = "daemon"
 	localstatedir = "/usr/var"
 	logdir = "/usr/var/log"
 	file = "/app/data/radius.log"
 }
	name = "radiusd"
	prefix = "/usr"
}
[Sun Apr 26 14:29:31 UTC 2026] radiusd exited with code 0. Restarting in 2s...
[Sun Apr 26 14:29:33 UTC 2026] Launching radiusd...
main {
 log {
 	destination = "stdout"
 	syslog_facility = "daemon"
 	localstatedir = "/usr/var"
 	logdir = "/usr/var/log"
 	file = "/app/data/radius.log"
 }
	name = "radiusd"
	prefix = "/usr"
}
[Sun Apr 26 14:29:33 UTC 2026] radiusd exited with code 0. Restarting in 2s...
[Sun Apr 26 14:29:35 UTC 2026] Launching radiusd...
main {
 log {
 	destination = "stdout"
 	syslog_facility = "daemon"
 	localstatedir = "/usr/var"
 	logdir = "/usr/var/log"
 	file = "/app/data/radius.log"
 }
	name = "radiusd"
	prefix = "/usr"
}
[Sun Apr 26 14:29:36 UTC 2026] radiusd exited with code 0. Restarting in 2s...
[Sun Apr 26 14:29:38 UTC 2026] Launching radiusd...
main {
 log {
 	destination = "stdout"
 	syslog_facility = "daemon"
 	localstatedir = "/usr/var"
 	logdir = "/usr/var/log"
 	file = "/app/data/radius.log"
 }
	name = "radiusd"
	prefix = "/usr"
}
[Sun Apr 26 14:29:38 UTC 2026] radiusd exited with code 0. Restarting in 2s...
[Sun Apr 26 14:29:40 UTC 2026] Launching radiusd...
main {
 log {
 	destination = "stdout"
 	syslog_facility = "daemon"
 	localstatedir = "/usr/var"
 	logdir = "/usr/var/log"
 	file = "/app/data/radius.log"
 }
	name = "radiusd"
	prefix = "/usr"
}
[Sun Apr 26 14:29:40 UTC 2026] radiusd exited with code 0. Restarting in 2s...
[Sun Apr 26 14:29:42 UTC 2026] Launching radiusd...
main {
 log {
 	destination = "stdout"
 	syslog_facility = "daemon"
 	localstatedir = "/usr/var"
 	logdir = "/usr/var/log"
 	file = "/app/data/radius.log"
 }
	name = "radiusd"
	prefix = "/usr"
}
[Sun Apr 26 14:29:43 UTC 2026] radiusd exited with code 0. Restarting in 2s...
[Sun Apr 26 14:29:45 UTC 2026] Launching radiusd...
main {
 log {
 	destination = "stdout"
 	syslog_facility = "daemon"
 	localstatedir = "/usr/var"
 	logdir = "/usr/var/log"
 	file = "/app/data/radius.log"
 }
	name = "radiusd"
	prefix = "/usr"
}
[Sun Apr 26 14:29:45 UTC 2026] radiusd exited with code 0. Restarting in 2s...
[Sun Apr 26 14:29:47 UTC 2026] Launching radiusd...
main {
 log {
 	destination = "stdout"
 	syslog_facility = "daemon"
 	localstatedir = "/usr/var"
 	logdir = "/usr/var/log"
 	file = "/app/data/radius.log"
 }
	name = "radiusd"
	prefix = "/usr"
}
[Sun Apr 26 14:29:47 UTC 2026] radiusd exited with code 0. Restarting in 2s...
[Sun Apr 26 14:29:49 UTC 2026] Launching radiusd...
main {
 log {
 	destination = "stdout"
 	syslog_facility = "daemon"
 	localstatedir = "/usr/var"
 	logdir = "/usr/var/log"
 	file = "/app/data/radius.log"
 }
	name = "radiusd"
	prefix = "/usr"
}
[Sun Apr 26 14:29:49 UTC 2026] radiusd exited with code 0. Restarting in 2s...
[Sun Apr 26 14:29:51 UTC 2026] Launching radiusd...
main {
 log {
 	destination = "stdout"
 	syslog_facility = "daemon"
 	localstatedir = "/usr/var"
 	logdir = "/usr/var/log"
 	file = "/app/data/radius.log"
 }
	name = "radiusd"
	prefix = "/usr"
}
[Sun Apr 26 14:29:52 UTC 2026] radiusd exited with code 0. Restarting in 2s...
[Sun Apr 26 14:29:54 UTC 2026] Launching radiusd...
main {
 log {
 	destination = "stdout"
 	syslog_facility = "daemon"
 	localstatedir = "/usr/var"
 	logdir = "/usr/var/log"
 	file = "/app/data/radius.log"
 }
	name = "radiusd"
	prefix = "/usr"
}
[Sun Apr 26 14:29:54 UTC 2026] radiusd exited with code 0. Restarting in 2s...
[Sun Apr 26 14:29:56 UTC 2026] Launching radiusd...
main {
 log {
 	destination = "stdout"
 	syslog_facility = "daemon"
 	localstatedir = "/usr/var"
 	logdir = "/usr/var/log"
 	file = "/app/data/radius.log"
 }
	name = "radiusd"
	prefix = "/usr"
}
[Sun Apr 26 14:29:56 UTC 2026] radiusd exited with code 0. Restarting in 2s...
[Sun Apr 26 14:29:58 UTC 2026] Launching radiusd...
main {
 log {
 	destination = "stdout"
 	syslog_facility = "daemon"
 	localstatedir = "/usr/var"
 	logdir = "/usr/var/log"
 	file = "/app/data/radius.log"
 }
	name = "radiusd"
	prefix = "/usr"
}
[Sun Apr 26 14:29:59 UTC 2026] radiusd exited with code 0. Restarting in 2s...
[Sun Apr 26 14:30:01 UTC 2026] Launching radiusd...
main {
 log {
 	destination = "stdout"
 	syslog_facility = "daemon"
 	localstatedir = "/usr/var"
 	logdir = "/usr/var/log"
 	file = "/app/data/radius.log"
 }
	name = "radiusd"
	prefix = "/usr"
}
[Sun Apr 26 14:30:01 UTC 2026] radiusd exited with code 0. Restarting in 2s...
[Sun Apr 26 14:30:03 UTC 2026] Launching radiusd...
main {
 log {
 	destination = "stdout"
 	syslog_facility = "daemon"
 	localstatedir = "/usr/var"
 	logdir = "/usr/var/log"
 	file = "/app/data/radius.log"
 }
	name = "radiusd"
	prefix = "/usr"
}
[Sun Apr 26 14:30:03 UTC 2026] radiusd exited with code 0. Restarting in 2s...
[Sun Apr 26 14:30:05 UTC 2026] Launching radiusd...
main {
 log {
 	destination = "stdout"
 	syslog_facility = "daemon"
 	localstatedir = "/usr/var"
 	logdir = "/usr/var/log"
 	file = "/app/data/radius.log"
 }
	name = "radiusd"
	prefix = "/usr"
}
[Sun Apr 26 14:30:06 UTC 2026] radiusd exited with code 0. Restarting in 2s...
[Sun Apr 26 14:30:08 UTC 2026] Launching radiusd...
main {
 log {
 	destination = "stdout"
 	syslog_facility = "daemon"
 	localstatedir = "/usr/var"
 	logdir = "/usr/var/log"
 	file = "/app/data/radius.log"
 }
	name = "radiusd"
	prefix = "/usr"
}
[Sun Apr 26 14:30:08 UTC 2026] radiusd exited with code 0. Restarting in 2s...
[Sun Apr 26 14:30:10 UTC 2026] Launching radiusd...
main {
 log {
 	destination = "stdout"
 	syslog_facility = "daemon"
 	localstatedir = "/usr/var"
 	logdir = "/usr/var/log"
 	file = "/app/data/radius.log"
 }
	name = "radiusd"
	prefix = "/usr"
}
[Sun Apr 26 14:30:11 UTC 2026] radiusd exited with code 0. Restarting in 2s...
[Sun Apr 26 14:30:13 UTC 2026] Launching radiusd...
main {
 log {
 	destination = "stdout"
 	syslog_facility = "daemon"
 	localstatedir = "/usr/var"
 	logdir = "/usr/var/log"
 	file = "/app/data/radius.log"
 }
	name = "radiusd"
	prefix = "/usr"
}
[Sun Apr 26 14:30:13 UTC 2026] radiusd exited with code 0. Restarting in 2s...
[Sun Apr 26 14:30:15 UTC 2026] Launching radiusd...
main {
 log {
 	destination = "stdout"
 	syslog_facility = "daemon"
 	localstatedir = "/usr/var"
 	logdir = "/usr/var/log"
 	file = "/app/data/radius.log"
 }
	name = "radiusd"
	prefix = "/usr"
}
[Sun Apr 26 14:30:15 UTC 2026] radiusd exited with code 0. Restarting in 2s...
[Sun Apr 26 14:30:17 UTC 2026] Launching radiusd...
main {
 log {
 	destination = "stdout"
 	syslog_facility = "daemon"
 	localstatedir = "/usr/var"
 	logdir = "/usr/var/log"
 	file = "/app/data/radius.log"
 }
	name = "radiusd"
	prefix = "/usr"
}
[Sun Apr 26 14:30:18 UTC 2026] radiusd exited with code 0. Restarting in 2s...
[Sun Apr 26 14:30:20 UTC 2026] Launching radiusd...
main {
 log {
 	destination = "stdout"
 	syslog_facility = "daemon"
 	localstatedir = "/usr/var"
 	logdir = "/usr/var/log"
 	file = "/app/data/radius.log"
 }
	name = "radiusd"
	prefix = "/usr"
}
[Sun Apr 26 14:30:20 UTC 2026] radiusd exited with code 0. Restarting in 2s...
[Sun Apr 26 14:30:22 UTC 2026] Launching radiusd...
main {
 log {
 	destination = "stdout"
 	syslog_facility = "daemon"
 	localstatedir = "/usr/var"
 	logdir = "/usr/var/log"
 	file = "/app/data/radius.log"
 }
	name = "radiusd"
	prefix = "/usr"
}
[Sun Apr 26 14:30:22 UTC 2026] radiusd exited with code 0. Restarting in 2s...
[Sun Apr 26 14:30:25 UTC 2026] Launching radiusd...
main {
 log {
 	destination = "stdout"
 	syslog_facility = "daemon"
 	localstatedir = "/usr/var"
 	logdir = "/usr/var/log"
 	file = "/app/data/radius.log"
 }
	name = "radiusd"
	prefix = "/usr"
}
[Sun Apr 26 14:30:25 UTC 2026] radiusd exited with code 0. Restarting in 2s...
[Sun Apr 26 14:30:27 UTC 2026] Launching radiusd...
main {
 log {
 	destination = "stdout"
 	syslog_facility = "daemon"
 	localstatedir = "/usr/var"
 	logdir = "/usr/var/log"
 	file = "/app/data/radius.log"
 }
	name = "radiusd"
	prefix = "/usr"
}
[Sun Apr 26 14:30:28 UTC 2026] radiusd exited with code 0. Restarting in 2s...
[Sun Apr 26 14:30:30 UTC 2026] Launching radiusd...
main {
 log {
 	destination = "stdout"
 	syslog_facility = "daemon"
 	localstatedir = "/usr/var"
 	logdir = "/usr/var/log"
 	file = "/app/data/radius.log"
 }
	name = "radiusd"
	prefix = "/usr"
}
[Sun Apr 26 14:30:30 UTC 2026] radiusd exited with code 0. Restarting in 2s...
[Sun Apr 26 14:30:32 UTC 2026] Launching radiusd...
main {
 log {
 	destination = "stdout"
 	syslog_facility = "daemon"
 	localstatedir = "/usr/var"
 	logdir = "/usr/var/log"
 	file = "/app/data/radius.log"
 }
	name = "radiusd"
	prefix = "/usr"
}
[Sun Apr 26 14:30:33 UTC 2026] radiusd exited with code 0. Restarting in 2s...
[Sun Apr 26 14:30:35 UTC 2026] Launching radiusd...
main {
 log {
 	destination = "stdout"
 	syslog_facility = "daemon"
 	localstatedir = "/usr/var"
 	logdir = "/usr/var/log"
 	file = "/app/data/radius.log"
 }
	name = "radiusd"
	prefix = "/usr"
}
[Sun Apr 26 14:30:35 UTC 2026] radiusd exited with code 0. Restarting in 2s...
[Sun Apr 26 14:30:37 UTC 2026] Launching radiusd...
main {
 log {
 	destination = "stdout"
 	syslog_facility = "daemon"
 	localstatedir = "/usr/var"
 	logdir = "/usr/var/log"
 	file = "/app/data/radius.log"
 }
	name = "radiusd"
	prefix = "/usr"
}
[Sun Apr 26 14:30:37 UTC 2026] radiusd exited with code 0. Restarting in 2s...
[Sun Apr 26 14:30:40 UTC 2026] Launching radiusd...
main {
 log {
 	destination = "stdout"
 	syslog_facility = "daemon"
 	localstatedir = "/usr/var"
 	logdir = "/usr/var/log"
 	file = "/app/data/radius.log"
 }
	name = "radiusd"
	prefix = "/usr"
}
[Sun Apr 26 14:30:40 UTC 2026] radiusd exited with code 0. Restarting in 2s...
[Sun Apr 26 14:30:42 UTC 2026] Launching radiusd...
main {
 log {
 	destination = "stdout"
 	syslog_facility = "daemon"
 	localstatedir = "/usr/var"
 	logdir = "/usr/var/log"
 	file = "/app/data/radius.log"
 }
	name = "radiusd"
	prefix = "/usr"
}
[Sun Apr 26 14:30:42 UTC 2026] radiusd exited with code 0. Restarting in 2s...
[Sun Apr 26 14:30:44 UTC 2026] Launching radiusd...
main {
 log {
 	destination = "stdout"
 	syslog_facility = "daemon"
 	localstatedir = "/usr/var"
 	logdir = "/usr/var/log"
 	file = "/app/data/radius.log"
 }
	name = "radiusd"
	prefix = "/usr"
}
[Sun Apr 26 14:30:45 UTC 2026] radiusd exited with code 0. Restarting in 2s...
[Sun Apr 26 14:30:47 UTC 2026] Launching radiusd...
main {
 log {
 	destination = "stdout"
 	syslog_facility = "daemon"
 	localstatedir = "/usr/var"
 	logdir = "/usr/var/log"
 	file = "/app/data/radius.log"
 }
	name = "radiusd"
	prefix = "/usr"
}
[Sun Apr 26 14:30:47 UTC 2026] radiusd exited with code 0. Restarting in 2s...
[Sun Apr 26 14:30:50 UTC 2026] Launching radiusd...
main {
 log {
 	destination = "stdout"
 	syslog_facility = "daemon"
 	localstatedir = "/usr/var"
 	logdir = "/usr/var/log"
 	file = "/app/data/radius.log"
 }
	name = "radiusd"
	prefix = "/usr"
}
[Sun Apr 26 14:30:50 UTC 2026] radiusd exited with code 0. Restarting in 2s...
[Sun Apr 26 14:30:52 UTC 2026] Launching radiusd...
main {
 log {
 	destination = "stdout"
 	syslog_facility = "daemon"
 	localstatedir = "/usr/var"
 	logdir = "/usr/var/log"
 	file = "/app/data/radius.log"
 }
	name = "radiusd"
	prefix = "/usr"
}
[Sun Apr 26 14:30:52 UTC 2026] radiusd exited with code 0. Restarting in 2s...
[Sun Apr 26 14:30:54 UTC 2026] Launching radiusd...
main {
 log {
 	destination = "stdout"
 	syslog_facility = "daemon"
 	localstatedir = "/usr/var"
 	logdir = "/usr/var/log"
 	file = "/app/data/radius.log"
 }
	name = "radiusd"
	prefix = "/usr"
}
[Sun Apr 26 14:30:54 UTC 2026] radiusd exited with code 0. Restarting in 2s...
[Sun Apr 26 14:30:56 UTC 2026] Launching radiusd...
main {
 log {
 	destination = "stdout"
 	syslog_facility = "daemon"
 	localstatedir = "/usr/var"
 	logdir = "/usr/var/log"
 	file = "/app/data/radius.log"
 }
	name = "radiusd"
	prefix = "/usr"
}
[Sun Apr 26 14:30:57 UTC 2026] radiusd exited with code 0. Restarting in 2s...
[Sun Apr 26 14:30:59 UTC 2026] Launching radiusd...
main {
 log {
 	destination = "stdout"
 	syslog_facility = "daemon"
 	localstatedir = "/usr/var"
 	logdir = "/usr/var/log"
 	file = "/app/data/radius.log"
 }
	name = "radiusd"
	prefix = "/usr"
}
[Sun Apr 26 14:30:59 UTC 2026] radiusd exited with code 0. Restarting in 2s...
[Sun Apr 26 14:31:01 UTC 2026] Launching radiusd...
main {
 log {
 	destination = "stdout"
 	syslog_facility = "daemon"
 	localstatedir = "/usr/var"
 	logdir = "/usr/var/log"
 	file = "/app/data/radius.log"
 }
	name = "radiusd"
	prefix = "/usr"
}
[Sun Apr 26 14:31:01 UTC 2026] radiusd exited with code 0. Restarting in 2s...
[Sun Apr 26 14:31:03 UTC 2026] Launching radiusd...
main {
 log {
 	destination = "stdout"
 	syslog_facility = "daemon"
 	localstatedir = "/usr/var"
 	logdir = "/usr/var/log"
 	file = "/app/data/radius.log"
 }
	name = "radiusd"
	prefix = "/usr"
}
[Sun Apr 26 14:31:04 UTC 2026] radiusd exited with code 0. Restarting in 2s...
[Sun Apr 26 14:31:06 UTC 2026] Launching radiusd...
main {
 log {
 	destination = "stdout"
 	syslog_facility = "daemon"
 	localstatedir = "/usr/var"
 	logdir = "/usr/var/log"
 	file = "/app/data/radius.log"
 }
	name = "radiusd"
	prefix = "/usr"
}
[Sun Apr 26 14:31:06 UTC 2026] radiusd exited with code 0. Restarting in 2s...
[Sun Apr 26 14:31:08 UTC 2026] Launching radiusd...
main {
 log {
 	destination = "stdout"
 	syslog_facility = "daemon"
 	localstatedir = "/usr/var"
 	logdir = "/usr/var/log"
 	file = "/app/data/radius.log"
 }
	name = "radiusd"
	prefix = "/usr"
}
[Sun Apr 26 14:31:08 UTC 2026] radiusd exited with code 0. Restarting in 2s...
[Sun Apr 26 14:31:10 UTC 2026] Launching radiusd...
main {
 log {
 	destination = "stdout"
 	syslog_facility = "daemon"
 	localstatedir = "/usr/var"
 	logdir = "/usr/var/log"
 	file = "/app/data/radius.log"
 }
	name = "radiusd"
	prefix = "/usr"
}
[Sun Apr 26 14:31:11 UTC 2026] radiusd exited with code 0. Restarting in 2s...
[Sun Apr 26 14:31:13 UTC 2026] Launching radiusd...
main {
 log {
 	destination = "stdout"
 	syslog_facility = "daemon"
 	localstatedir = "/usr/var"
 	logdir = "/usr/var/log"
 	file = "/app/data/radius.log"
 }
	name = "radiusd"
	prefix = "/usr"
}
[Sun Apr 26 14:31:13 UTC 2026] radiusd exited with code 0. Restarting in 2s...
[Sun Apr 26 14:31:15 UTC 2026] Launching radiusd...
main {
 log {
 	destination = "stdout"
 	syslog_facility = "daemon"
 	localstatedir = "/usr/var"
 	logdir = "/usr/var/log"
 	file = "/app/data/radius.log"
 }
	name = "radiusd"
	prefix = "/usr"
}
[Sun Apr 26 14:31:16 UTC 2026] radiusd exited with code 0. Restarting in 2s...
[Sun Apr 26 14:31:18 UTC 2026] Launching radiusd...
main {
 log {
 	destination = "stdout"
 	syslog_facility = "daemon"
 	localstatedir = "/usr/var"
 	logdir = "/usr/var/log"
 	file = "/app/data/radius.log"
 }
	name = "radiusd"
	prefix = "/usr"
}
[Sun Apr 26 14:31:18 UTC 2026] radiusd exited with code 0. Restarting in 2s...
[Sun Apr 26 14:31:20 UTC 2026] Launching radiusd...
main {
 log {
 	destination = "stdout"
 	syslog_facility = "daemon"
 	localstatedir = "/usr/var"
 	logdir = "/usr/var/log"
 	file = "/app/data/radius.log"
 }
	name = "radiusd"
	prefix = "/usr"
}
[Sun Apr 26 14:31:21 UTC 2026] radiusd exited with code 0. Restarting in 2s...
[Sun Apr 26 14:31:23 UTC 2026] Launching radiusd...
main {
 log {
 	destination = "stdout"
 	syslog_facility = "daemon"
 	localstatedir = "/usr/var"
 	logdir = "/usr/var/log"
 	file = "/app/data/radius.log"
 }
	name = "radiusd"
	prefix = "/usr"
}
[Sun Apr 26 14:31:23 UTC 2026] radiusd exited with code 0. Restarting in 2s...
[Sun Apr 26 14:31:25 UTC 2026] Launching radiusd...
main {
 log {
 	destination = "stdout"
 	syslog_facility = "daemon"
 	localstatedir = "/usr/var"
 	logdir = "/usr/var/log"
 	file = "/app/data/radius.log"
 }
	name = "radiusd"
	prefix = "/usr"
}
[Sun Apr 26 14:31:25 UTC 2026] radiusd exited with code 0. Restarting in 2s...
[Sun Apr 26 14:31:28 UTC 2026] Launching radiusd...
main {
 log {
 	destination = "stdout"
 	syslog_facility = "daemon"
 	localstatedir = "/usr/var"
 	logdir = "/usr/var/log"
 	file = "/app/data/radius.log"
 }
	name = "radiusd"
	prefix = "/usr"
}
[Sun Apr 26 14:31:28 UTC 2026] radiusd exited with code 0. Restarting in 2s...
[Sun Apr 26 14:31:30 UTC 2026] Launching radiusd...
main {
 log {
 	destination = "stdout"
 	syslog_facility = "daemon"
 	localstatedir = "/usr/var"
 	logdir = "/usr/var/log"
 	file = "/app/data/radius.log"
 }
	name = "radiusd"
	prefix = "/usr"
}
[Sun Apr 26 14:31:31 UTC 2026] radiusd exited with code 0. Restarting in 2s...
[Sun Apr 26 14:31:33 UTC 2026] Launching radiusd...
main {
 log {
 	destination = "stdout"
 	syslog_facility = "daemon"
 	localstatedir = "/usr/var"
 	logdir = "/usr/var/log"
 	file = "/app/data/radius.log"
 }
	name = "radiusd"
	prefix = "/usr"
}
[Sun Apr 26 14:31:33 UTC 2026] radiusd exited with code 0. Restarting in 2s...
[Sun Apr 26 14:31:36 UTC 2026] Launching radiusd...
main {
 log {
 	destination = "stdout"
 	syslog_facility = "daemon"
 	localstatedir = "/usr/var"
 	logdir = "/usr/var/log"
 	file = "/app/data/radius.log"
 }
	name = "radiusd"
	prefix = "/usr"
}
[Sun Apr 26 14:31:36 UTC 2026] radiusd exited with code 0. Restarting in 2s...
[Sun Apr 26 14:31:38 UTC 2026] Launching radiusd...
main {
 log {
 	destination = "stdout"
 	syslog_facility = "daemon"
 	localstatedir = "/usr/var"
 	logdir = "/usr/var/log"
 	file = "/app/data/radius.log"
 }
	name = "radiusd"
	prefix = "/usr"
}
[Sun Apr 26 14:31:38 UTC 2026] radiusd exited with code 0. Restarting in 2s...
[Sun Apr 26 14:31:40 UTC 2026] Launching radiusd...
main {
 log {
 	destination = "stdout"
 	syslog_facility = "daemon"
 	localstatedir = "/usr/var"
 	logdir = "/usr/var/log"
 	file = "/app/data/radius.log"
 }
	name = "radiusd"
	prefix = "/usr"
}
[Sun Apr 26 14:31:41 UTC 2026] radiusd exited with code 0. Restarting in 2s...
[Sun Apr 26 14:31:43 UTC 2026] Launching radiusd...
main {
 log {
 	destination = "stdout"
 	syslog_facility = "daemon"
 	localstatedir = "/usr/var"
 	logdir = "/usr/var/log"
 	file = "/app/data/radius.log"
 }
	name = "radiusd"
	prefix = "/usr"
}
[Sun Apr 26 14:31:43 UTC 2026] radiusd exited with code 0. Restarting in 2s...
[Sun Apr 26 14:31:45 UTC 2026] Launching radiusd...
main {
 log {
 	destination = "stdout"
 	syslog_facility = "daemon"
 	localstatedir = "/usr/var"
 	logdir = "/usr/var/log"
 	file = "/app/data/radius.log"
 }
	name = "radiusd"
	prefix = "/usr"
}
[Sun Apr 26 14:31:45 UTC 2026] radiusd exited with code 0. Restarting in 2s...
[Sun Apr 26 14:31:47 UTC 2026] Launching radiusd...
main {
 log {
 	destination = "stdout"
 	syslog_facility = "daemon"
 	localstatedir = "/usr/var"
 	logdir = "/usr/var/log"
 	file = "/app/data/radius.log"
 }
	name = "radiusd"
	prefix = "/usr"
}
[Sun Apr 26 14:31:48 UTC 2026] radiusd exited with code 0. Restarting in 2s...
[Sun Apr 26 14:31:50 UTC 2026] Launching radiusd...
main {
 log {
 	destination = "stdout"
 	syslog_facility = "daemon"
 	localstatedir = "/usr/var"
 	logdir = "/usr/var/log"
 	file = "/app/data/radius.log"
 }
	name = "radiusd"
	prefix = "/usr"
}
[Sun Apr 26 14:31:50 UTC 2026] radiusd exited with code 0. Restarting in 2s...
[Sun Apr 26 14:31:52 UTC 2026] Launching radiusd...
main {
 log {
 	destination = "stdout"
 	syslog_facility = "daemon"
 	localstatedir = "/usr/var"
 	logdir = "/usr/var/log"
 	file = "/app/data/radius.log"
 }
	name = "radiusd"
	prefix = "/usr"
}
[Sun Apr 26 14:31:53 UTC 2026] radiusd exited with code 0. Restarting in 2s...
[Sun Apr 26 14:31:55 UTC 2026] Launching radiusd...
main {
 log {
 	destination = "stdout"
 	syslog_facility = "daemon"
 	localstatedir = "/usr/var"
 	logdir = "/usr/var/log"
 	file = "/app/data/radius.log"
 }
	name = "radiusd"
	prefix = "/usr"
}
[Sun Apr 26 14:31:55 UTC 2026] radiusd exited with code 0. Restarting in 2s...
[Sun Apr 26 14:31:57 UTC 2026] Launching radiusd...
main {
 log {
 	destination = "stdout"
 	syslog_facility = "daemon"
 	localstatedir = "/usr/var"
 	logdir = "/usr/var/log"
 	file = "/app/data/radius.log"
 }
	name = "radiusd"
	prefix = "/usr"
}
[Sun Apr 26 14:31:58 UTC 2026] radiusd exited with code 0. Restarting in 2s...
[Sun Apr 26 14:32:00 UTC 2026] Launching radiusd...
main {
 log {
 	destination = "stdout"
 	syslog_facility = "daemon"
 	localstatedir = "/usr/var"
 	logdir = "/usr/var/log"
 	file = "/app/data/radius.log"
 }
	name = "radiusd"
	prefix = "/usr"
}
[Sun Apr 26 14:32:00 UTC 2026] radiusd exited with code 0. Restarting in 2s...
[Sun Apr 26 14:32:02 UTC 2026] Launching radiusd...
main {
 log {
 	destination = "stdout"
 	syslog_facility = "daemon"
 	localstatedir = "/usr/var"
 	logdir = "/usr/var/log"
 	file = "/app/data/radius.log"
 }
	name = "radiusd"
	prefix = "/usr"
}
[Sun Apr 26 14:32:02 UTC 2026] radiusd exited with code 0. Restarting in 2s...
[Sun Apr 26 14:32:04 UTC 2026] Launching radiusd...
main {
 log {
 	destination = "stdout"
 	syslog_facility = "daemon"
 	localstatedir = "/usr/var"
 	logdir = "/usr/var/log"
 	file = "/app/data/radius.log"
 }
	name = "radiusd"
	prefix = "/usr"
}
[Sun Apr 26 14:32:05 UTC 2026] radiusd exited with code 0. Restarting in 2s...
[Sun Apr 26 14:32:07 UTC 2026] Launching radiusd...
main {
 log {
 	destination = "stdout"
 	syslog_facility = "daemon"
 	localstatedir = "/usr/var"
 	logdir = "/usr/var/log"
 	file = "/app/data/radius.log"
 }
	name = "radiusd"
	prefix = "/usr"
}
[Sun Apr 26 14:32:07 UTC 2026] radiusd exited with code 0. Restarting in 2s...
[Sun Apr 26 14:32:09 UTC 2026] Launching radiusd...
main {
 log {
 	destination = "stdout"
 	syslog_facility = "daemon"
 	localstatedir = "/usr/var"
 	logdir = "/usr/var/log"
 	file = "/app/data/radius.log"
 }
	name = "radiusd"
	prefix = "/usr"
}
[Sun Apr 26 14:32:10 UTC 2026] radiusd exited with code 0. Restarting in 2s...
[Sun Apr 26 14:32:12 UTC 2026] Launching radiusd...
main {
 log {
 	destination = "stdout"
 	syslog_facility = "daemon"
 	localstatedir = "/usr/var"
 	logdir = "/usr/var/log"
 	file = "/app/data/radius.log"
 }
	name = "radiusd"
	prefix = "/usr"
}
[Sun Apr 26 14:32:12 UTC 2026] radiusd exited with code 0. Restarting in 2s...
[Sun Apr 26 14:32:14 UTC 2026] Launching radiusd...
main {
 log {
 	destination = "stdout"
 	syslog_facility = "daemon"
 	localstatedir = "/usr/var"
 	logdir = "/usr/var/log"
 	file = "/app/data/radius.log"
 }
	name = "radiusd"
	prefix = "/usr"
}
[Sun Apr 26 14:32:15 UTC 2026] radiusd exited with code 0. Restarting in 2s...
[Sun Apr 26 14:32:17 UTC 2026] Launching radiusd...
main {
 log {
 	destination = "stdout"
 	syslog_facility = "daemon"
 	localstatedir = "/usr/var"
 	logdir = "/usr/var/log"
 	file = "/app/data/radius.log"
 }
	name = "radiusd"
	prefix = "/usr"
}
[Sun Apr 26 14:32:17 UTC 2026] radiusd exited with code 0. Restarting in 2s...
[Sun Apr 26 14:32:19 UTC 2026] Launching radiusd...
main {
 log {
 	destination = "stdout"
 	syslog_facility = "daemon"
 	localstatedir = "/usr/var"
 	logdir = "/usr/var/log"
 	file = "/app/data/radius.log"
 }
	name = "radiusd"
	prefix = "/usr"
}
[Sun Apr 26 14:32:20 UTC 2026] radiusd exited with code 0. Restarting in 2s...
[Sun Apr 26 14:32:22 UTC 2026] Launching radiusd...
main {
 log {
 	destination = "stdout"
 	syslog_facility = "daemon"
 	localstatedir = "/usr/var"
 	logdir = "/usr/var/log"
 	file = "/app/data/radius.log"
 }
	name = "radiusd"
	prefix = "/usr"
}
[Sun Apr 26 14:32:22 UTC 2026] radiusd exited with code 0. Restarting in 2s...
[Sun Apr 26 14:32:24 UTC 2026] Launching radiusd...
main {
 log {
 	destination = "stdout"
 	syslog_facility = "daemon"
 	localstatedir = "/usr/var"
 	logdir = "/usr/var/log"
 	file = "/app/data/radius.log"
 }
	name = "radiusd"
	prefix = "/usr"
}
[Sun Apr 26 14:32:24 UTC 2026] radiusd exited with code 0. Restarting in 2s...
[Sun Apr 26 14:32:26 UTC 2026] Launching radiusd...
main {
 log {
 	destination = "stdout"
 	syslog_facility = "daemon"
 	localstatedir = "/usr/var"
 	logdir = "/usr/var/log"
 	file = "/app/data/radius.log"
 }
	name = "radiusd"
	prefix = "/usr"
}
[Sun Apr 26 14:32:27 UTC 2026] radiusd exited with code 0. Restarting in 2s...
[Sun Apr 26 14:32:29 UTC 2026] Launching radiusd...
main {
 log {
 	destination = "stdout"
 	syslog_facility = "daemon"
 	localstatedir = "/usr/var"
 	logdir = "/usr/var/log"
 	file = "/app/data/radius.log"
 }
	name = "radiusd"
	prefix = "/usr"
}
[Sun Apr 26 14:32:29 UTC 2026] radiusd exited with code 0. Restarting in 2s...
[Sun Apr 26 14:32:31 UTC 2026] Launching radiusd...
main {
 log {
 	destination = "stdout"
 	syslog_facility = "daemon"
 	localstatedir = "/usr/var"
 	logdir = "/usr/var/log"
 	file = "/app/data/radius.log"
 }
	name = "radiusd"
	prefix = "/usr"
}
[Sun Apr 26 14:32:32 UTC 2026] radiusd exited with code 0. Restarting in 2s...
[Sun Apr 26 14:32:34 UTC 2026] Launching radiusd...
main {
 log {
 	destination = "stdout"
 	syslog_facility = "daemon"
 	localstatedir = "/usr/var"
 	logdir = "/usr/var/log"
 	file = "/app/data/radius.log"
 }
	name = "radiusd"
	prefix = "/usr"
}
[Sun Apr 26 14:32:34 UTC 2026] radiusd exited with code 0. Restarting in 2s...
[Sun Apr 26 14:32:36 UTC 2026] Launching radiusd...
main {
 log {
 	destination = "stdout"
 	syslog_facility = "daemon"
 	localstatedir = "/usr/var"
 	logdir = "/usr/var/log"
 	file = "/app/data/radius.log"
 }
	name = "radiusd"
	prefix = "/usr"
}
[Sun Apr 26 14:32:36 UTC 2026] radiusd exited with code 0. Restarting in 2s...
[Sun Apr 26 14:32:38 UTC 2026] Launching radiusd...
main {
 log {
 	destination = "stdout"
 	syslog_facility = "daemon"
 	localstatedir = "/usr/var"
 	logdir = "/usr/var/log"
 	file = "/app/data/radius.log"
 }
	name = "radiusd"
	prefix = "/usr"
}
[Sun Apr 26 14:32:39 UTC 2026] radiusd exited with code 0. Restarting in 2s...
[Sun Apr 26 14:32:41 UTC 2026] Launching radiusd...
main {
 log {
 	destination = "stdout"
 	syslog_facility = "daemon"
 	localstatedir = "/usr/var"
 	logdir = "/usr/var/log"
 	file = "/app/data/radius.log"
 }
	name = "radiusd"
	prefix = "/usr"
}
[Sun Apr 26 14:32:42 UTC 2026] radiusd exited with code 0. Restarting in 2s...
[Sun Apr 26 14:32:44 UTC 2026] Launching radiusd...
main {
 log {
 	destination = "stdout"
 	syslog_facility = "daemon"
 	localstatedir = "/usr/var"
 	logdir = "/usr/var/log"
 	file = "/app/data/radius.log"
 }
	name = "radiusd"
	prefix = "/usr"
}
[Sun Apr 26 14:32:44 UTC 2026] radiusd exited with code 0. Restarting in 2s...
[Sun Apr 26 14:32:46 UTC 2026] Launching radiusd...
main {
 log {
 	destination = "stdout"
 	syslog_facility = "daemon"
 	localstatedir = "/usr/var"
 	logdir = "/usr/var/log"
 	file = "/app/data/radius.log"
 }
	name = "radiusd"
	prefix = "/usr"
}
[Sun Apr 26 14:32:47 UTC 2026] radiusd exited with code 0. Restarting in 2s...
[Sun Apr 26 14:32:49 UTC 2026] Launching radiusd...
main {
 log {
 	destination = "stdout"
 	syslog_facility = "daemon"
 	localstatedir = "/usr/var"
 	logdir = "/usr/var/log"
 	file = "/app/data/radius.log"
 }
	name = "radiusd"
	prefix = "/usr"
}
[Sun Apr 26 14:32:50 UTC 2026] radiusd exited with code 0. Restarting in 2s...
[Sun Apr 26 14:32:52 UTC 2026] Launching radiusd...
main {
 log {
 	destination = "stdout"
 	syslog_facility = "daemon"
 	localstatedir = "/usr/var"
 	logdir = "/usr/var/log"
 	file = "/app/data/radius.log"
 }
	name = "radiusd"
	prefix = "/usr"
}
[Sun Apr 26 14:32:53 UTC 2026] radiusd exited with code 0. Restarting in 2s...
[Sun Apr 26 14:32:55 UTC 2026] Launching radiusd...
main {
 log {
 	destination = "stdout"
 	syslog_facility = "daemon"
 	localstatedir = "/usr/var"
 	logdir = "/usr/var/log"
 	file = "/app/data/radius.log"
 }
	name = "radiusd"
	prefix = "/usr"
}
[Sun Apr 26 14:32:55 UTC 2026] radiusd exited with code 0. Restarting in 2s...
[Sun Apr 26 14:32:57 UTC 2026] Launching radiusd...
main {
 log {
 	destination = "stdout"
 	syslog_facility = "daemon"
 	localstatedir = "/usr/var"
 	logdir = "/usr/var/log"
 	file = "/app/data/radius.log"
 }
	name = "radiusd"
	prefix = "/usr"
}
[Sun Apr 26 14:32:58 UTC 2026] radiusd exited with code 0. Restarting in 2s...
[Sun Apr 26 14:33:00 UTC 2026] Launching radiusd...
main {
 log {
 	destination = "stdout"
 	syslog_facility = "daemon"
 	localstatedir = "/usr/var"
 	logdir = "/usr/var/log"
 	file = "/app/data/radius.log"
 }
	name = "radiusd"
	prefix = "/usr"
}
[Sun Apr 26 14:33:00 UTC 2026] radiusd exited with code 0. Restarting in 2s...
[Sun Apr 26 14:33:02 UTC 2026] Launching radiusd...
main {
 log {
 	destination = "stdout"
 	syslog_facility = "daemon"
 	localstatedir = "/usr/var"
 	logdir = "/usr/var/log"
 	file = "/app/data/radius.log"
 }
	name = "radiusd"
	prefix = "/usr"
}
[Sun Apr 26 14:33:02 UTC 2026] radiusd exited with code 0. Restarting in 2s...
[Sun Apr 26 14:33:04 UTC 2026] Launching radiusd...
main {
 log {
 	destination = "stdout"
 	syslog_facility = "daemon"
 	localstatedir = "/usr/var"
 	logdir = "/usr/var/log"
 	file = "/app/data/radius.log"
 }
	name = "radiusd"
	prefix = "/usr"
}
[Sun Apr 26 14:33:05 UTC 2026] radiusd exited with code 0. Restarting in 2s...
[Sun Apr 26 14:33:07 UTC 2026] Launching radiusd...
main {
 log {
 	destination = "stdout"
 	syslog_facility = "daemon"
 	localstatedir = "/usr/var"
 	logdir = "/usr/var/log"
 	file = "/app/data/radius.log"
 }
	name = "radiusd"
	prefix = "/usr"
}
[Sun Apr 26 14:33:08 UTC 2026] radiusd exited with code 0. Restarting in 2s...
[Sun Apr 26 14:33:10 UTC 2026] Launching radiusd...
main {
 log {
 	destination = "stdout"
 	syslog_facility = "daemon"
 	localstatedir = "/usr/var"
 	logdir = "/usr/var/log"
 	file = "/app/data/radius.log"
 }
	name = "radiusd"
	prefix = "/usr"
}
[Sun Apr 26 14:33:10 UTC 2026] radiusd exited with code 0. Restarting in 2s...
[Sun Apr 26 14:33:12 UTC 2026] Launching radiusd...
main {
 log {
 	destination = "stdout"
 	syslog_facility = "daemon"
 	localstatedir = "/usr/var"
 	logdir = "/usr/var/log"
 	file = "/app/data/radius.log"
 }
	name = "radiusd"
	prefix = "/usr"
}
[Sun Apr 26 14:33:12 UTC 2026] radiusd exited with code 0. Restarting in 2s...
[Sun Apr 26 14:33:14 UTC 2026] Launching radiusd...
main {
 log {
 	destination = "stdout"
 	syslog_facility = "daemon"
 	localstatedir = "/usr/var"
 	logdir = "/usr/var/log"
 	file = "/app/data/radius.log"
 }
	name = "radiusd"
	prefix = "/usr"
}
[Sun Apr 26 14:33:15 UTC 2026] radiusd exited with code 0. Restarting in 2s...
[Sun Apr 26 14:33:17 UTC 2026] Launching radiusd...
main {
 log {
 	destination = "stdout"
 	syslog_facility = "daemon"
 	localstatedir = "/usr/var"
 	logdir = "/usr/var/log"
 	file = "/app/data/radius.log"
 }
	name = "radiusd"
	prefix = "/usr"
}
[Sun Apr 26 14:33:17 UTC 2026] radiusd exited with code 0. Restarting in 2s...
[Sun Apr 26 14:33:19 UTC 2026] Launching radiusd...
main {
 log {
 	destination = "stdout"
 	syslog_facility = "daemon"
 	localstatedir = "/usr/var"
 	logdir = "/usr/var/log"
 	file = "/app/data/radius.log"
 }
	name = "radiusd"
	prefix = "/usr"
}
[Sun Apr 26 14:33:20 UTC 2026] radiusd exited with code 0. Restarting in 2s...
[Sun Apr 26 14:33:22 UTC 2026] Launching radiusd...
main {
 log {
 	destination = "stdout"
 	syslog_facility = "daemon"
 	localstatedir = "/usr/var"
 	logdir = "/usr/var/log"
 	file = "/app/data/radius.log"
 }
	name = "radiusd"
	prefix = "/usr"
}
[Sun Apr 26 14:33:22 UTC 2026] radiusd exited with code 0. Restarting in 2s...
[Sun Apr 26 14:33:24 UTC 2026] Launching radiusd...
main {
 log {
 	destination = "stdout"
 	syslog_facility = "daemon"
 	localstatedir = "/usr/var"
 	logdir = "/usr/var/log"
 	file = "/app/data/radius.log"
 }
	name = "radiusd"
	prefix = "/usr"
}
[Sun Apr 26 14:33:24 UTC 2026] radiusd exited with code 0. Restarting in 2s...
[Sun Apr 26 14:33:26 UTC 2026] Launching radiusd...
main {
 log {
 	destination = "stdout"
 	syslog_facility = "daemon"
 	localstatedir = "/usr/var"
 	logdir = "/usr/var/log"
 	file = "/app/data/radius.log"
 }
	name = "radiusd"
	prefix = "/usr"
}
[Sun Apr 26 14:33:27 UTC 2026] radiusd exited with code 0. Restarting in 2s...
[Sun Apr 26 14:33:29 UTC 2026] Launching radiusd...
main {
 log {
 	destination = "stdout"
 	syslog_facility = "daemon"
 	localstatedir = "/usr/var"
 	logdir = "/usr/var/log"
 	file = "/app/data/radius.log"
 }
	name = "radiusd"
	prefix = "/usr"
}
[Sun Apr 26 14:33:29 UTC 2026] radiusd exited with code 0. Restarting in 2s...
[Sun Apr 26 14:33:31 UTC 2026] Launching radiusd...
main {
 log {
 	destination = "stdout"
 	syslog_facility = "daemon"
 	localstatedir = "/usr/var"
 	logdir = "/usr/var/log"
 	file = "/app/data/radius.log"
 }
	name = "radiusd"
	prefix = "/usr"
}
[Sun Apr 26 14:33:31 UTC 2026] radiusd exited with code 0. Restarting in 2s...
[Sun Apr 26 14:33:33 UTC 2026] Launching radiusd...
main {
 log {
 	destination = "stdout"
 	syslog_facility = "daemon"
 	localstatedir = "/usr/var"
 	logdir = "/usr/var/log"
 	file = "/app/data/radius.log"
 }
	name = "radiusd"
	prefix = "/usr"
}
[Sun Apr 26 14:33:34 UTC 2026] radiusd exited with code 0. Restarting in 2s...
[Sun Apr 26 14:33:36 UTC 2026] Launching radiusd...
main {
 log {
 	destination = "stdout"
 	syslog_facility = "daemon"
 	localstatedir = "/usr/var"
 	logdir = "/usr/var/log"
 	file = "/app/data/radius.log"
 }
	name = "radiusd"
	prefix = "/usr"
}
[Sun Apr 26 14:33:36 UTC 2026] radiusd exited with code 0. Restarting in 2s...
[Sun Apr 26 14:33:39 UTC 2026] Launching radiusd...
main {
 log {
 	destination = "stdout"
 	syslog_facility = "daemon"
 	localstatedir = "/usr/var"
 	logdir = "/usr/var/log"
 	file = "/app/data/radius.log"
 }
	name = "radiusd"
	prefix = "/usr"
}
[Sun Apr 26 14:33:39 UTC 2026] radiusd exited with code 0. Restarting in 2s...
[Sun Apr 26 14:33:41 UTC 2026] Launching radiusd...
main {
 log {
 	destination = "stdout"
 	syslog_facility = "daemon"
 	localstatedir = "/usr/var"
 	logdir = "/usr/var/log"
 	file = "/app/data/radius.log"
 }
	name = "radiusd"
	prefix = "/usr"
}
[Sun Apr 26 14:33:42 UTC 2026] radiusd exited with code 0. Restarting in 2s...
[Sun Apr 26 14:33:44 UTC 2026] Launching radiusd...
main {
 log {
 	destination = "stdout"
 	syslog_facility = "daemon"
 	localstatedir = "/usr/var"
 	logdir = "/usr/var/log"
 	file = "/app/data/radius.log"
 }
	name = "radiusd"
	prefix = "/usr"
}
[Sun Apr 26 14:33:44 UTC 2026] radiusd exited with code 0. Restarting in 2s...
[Sun Apr 26 14:33:46 UTC 2026] Launching radiusd...
main {
 log {
 	destination = "stdout"
 	syslog_facility = "daemon"
 	localstatedir = "/usr/var"
 	logdir = "/usr/var/log"
 	file = "/app/data/radius.log"
 }
	name = "radiusd"
	prefix = "/usr"
}
[Sun Apr 26 14:33:46 UTC 2026] radiusd exited with code 0. Restarting in 2s...
[Sun Apr 26 14:33:48 UTC 2026] Launching radiusd...
main {
 log {
 	destination = "stdout"
 	syslog_facility = "daemon"
 	localstatedir = "/usr/var"
 	logdir = "/usr/var/log"
 	file = "/app/data/radius.log"
 }
	name = "radiusd"
	prefix = "/usr"
}
[Sun Apr 26 14:33:49 UTC 2026] radiusd exited with code 0. Restarting in 2s...
[Sun Apr 26 14:33:51 UTC 2026] Launching radiusd...
main {
 log {
 	destination = "stdout"
 	syslog_facility = "daemon"
 	localstatedir = "/usr/var"
 	logdir = "/usr/var/log"
 	file = "/app/data/radius.log"
 }
	name = "radiusd"
	prefix = "/usr"
}
[Sun Apr 26 14:33:51 UTC 2026] radiusd exited with code 0. Restarting in 2s...
[Sun Apr 26 14:33:53 UTC 2026] Launching radiusd...
main {
 log {
 	destination = "stdout"
 	syslog_facility = "daemon"
 	localstatedir = "/usr/var"
 	logdir = "/usr/var/log"
 	file = "/app/data/radius.log"
 }
	name = "radiusd"
	prefix = "/usr"
}
[Sun Apr 26 14:33:53 UTC 2026] radiusd exited with code 0. Restarting in 2s...
[Sun Apr 26 14:33:55 UTC 2026] Launching radiusd...
main {
 log {
 	destination = "stdout"
 	syslog_facility = "daemon"
 	localstatedir = "/usr/var"
 	logdir = "/usr/var/log"
 	file = "/app/data/radius.log"
 }
	name = "radiusd"
	prefix = "/usr"
}
[Sun Apr 26 14:33:56 UTC 2026] radiusd exited with code 0. Restarting in 2s...
[Sun Apr 26 14:33:58 UTC 2026] Launching radiusd...
main {
 log {
 	destination = "stdout"
 	syslog_facility = "daemon"
 	localstatedir = "/usr/var"
 	logdir = "/usr/var/log"
 	file = "/app/data/radius.log"
 }
	name = "radiusd"
	prefix = "/usr"
}
[Sun Apr 26 14:33:58 UTC 2026] radiusd exited with code 0. Restarting in 2s...
[Sun Apr 26 14:34:00 UTC 2026] Launching radiusd...
main {
 log {
 	destination = "stdout"
 	syslog_facility = "daemon"
 	localstatedir = "/usr/var"
 	logdir = "/usr/var/log"
 	file = "/app/data/radius.log"
 }
	name = "radiusd"
	prefix = "/usr"
}
[Sun Apr 26 14:34:00 UTC 2026] radiusd exited with code 0. Restarting in 2s...
[Sun Apr 26 14:34:02 UTC 2026] Launching radiusd...
main {
 log {
 	destination = "stdout"
 	syslog_facility = "daemon"
 	localstatedir = "/usr/var"
 	logdir = "/usr/var/log"
 	file = "/app/data/radius.log"
 }
	name = "radiusd"
	prefix = "/usr"
}
[Sun Apr 26 14:34:03 UTC 2026] radiusd exited with code 0. Restarting in 2s...
[Sun Apr 26 14:34:05 UTC 2026] Launching radiusd...
main {
 log {
 	destination = "stdout"
 	syslog_facility = "daemon"
 	localstatedir = "/usr/var"
 	logdir = "/usr/var/log"
 	file = "/app/data/radius.log"
 }
	name = "radiusd"
	prefix = "/usr"
}
[Sun Apr 26 14:34:05 UTC 2026] radiusd exited with code 0. Restarting in 2s...
[Sun Apr 26 14:34:07 UTC 2026] Launching radiusd...
main {
 log {
 	destination = "stdout"
 	syslog_facility = "daemon"
 	localstatedir = "/usr/var"
 	logdir = "/usr/var/log"
 	file = "/app/data/radius.log"
 }
	name = "radiusd"
	prefix = "/usr"
}
[Sun Apr 26 14:34:08 UTC 2026] radiusd exited with code 0. Restarting in 2s...
[Sun Apr 26 14:34:10 UTC 2026] Launching radiusd...
main {
 log {
 	destination = "stdout"
 	syslog_facility = "daemon"
 	localstatedir = "/usr/var"
 	logdir = "/usr/var/log"
 	file = "/app/data/radius.log"
 }
	name = "radiusd"
	prefix = "/usr"
}
[Sun Apr 26 14:34:10 UTC 2026] radiusd exited with code 0. Restarting in 2s...
[Sun Apr 26 14:34:12 UTC 2026] Launching radiusd...
main {
 log {
 	destination = "stdout"
 	syslog_facility = "daemon"
 	localstatedir = "/usr/var"
 	logdir = "/usr/var/log"
 	file = "/app/data/radius.log"
 }
	name = "radiusd"
	prefix = "/usr"
}
[Sun Apr 26 14:34:12 UTC 2026] radiusd exited with code 0. Restarting in 2s...
[Sun Apr 26 14:34:14 UTC 2026] Launching radiusd...
main {
 log {
 	destination = "stdout"
 	syslog_facility = "daemon"
 	localstatedir = "/usr/var"
 	logdir = "/usr/var/log"
 	file = "/app/data/radius.log"
 }
	name = "radiusd"
	prefix = "/usr"
}
[Sun Apr 26 14:34:15 UTC 2026] radiusd exited with code 0. Restarting in 2s...
[Sun Apr 26 14:34:17 UTC 2026] Launching radiusd...
main {
 log {
 	destination = "stdout"
 	syslog_facility = "daemon"
 	localstatedir = "/usr/var"
 	logdir = "/usr/var/log"
 	file = "/app/data/radius.log"
 }
	name = "radiusd"
	prefix = "/usr"
}
[Sun Apr 26 14:34:17 UTC 2026] radiusd exited with code 0. Restarting in 2s...
[Sun Apr 26 14:34:19 UTC 2026] Launching radiusd...
main {
 log {
 	destination = "stdout"
 	syslog_facility = "daemon"
 	localstatedir = "/usr/var"
 	logdir = "/usr/var/log"
 	file = "/app/data/radius.log"
 }
	name = "radiusd"
	prefix = "/usr"
}
[Sun Apr 26 14:34:20 UTC 2026] radiusd exited with code 0. Restarting in 2s...
[Sun Apr 26 14:34:22 UTC 2026] Launching radiusd...
main {
 log {
 	destination = "stdout"
 	syslog_facility = "daemon"
 	localstatedir = "/usr/var"
 	logdir = "/usr/var/log"
 	file = "/app/data/radius.log"
 }
	name = "radiusd"
	prefix = "/usr"
}
[Sun Apr 26 14:34:22 UTC 2026] radiusd exited with code 0. Restarting in 2s...
[Sun Apr 26 14:34:24 UTC 2026] Launching radiusd...
main {
 log {
 	destination = "stdout"
 	syslog_facility = "daemon"
 	localstatedir = "/usr/var"
 	logdir = "/usr/var/log"
 	file = "/app/data/radius.log"
 }
	name = "radiusd"
	prefix = "/usr"
}
[Sun Apr 26 14:34:24 UTC 2026] radiusd exited with code 0. Restarting in 2s...
[Sun Apr 26 14:34:26 UTC 2026] Launching radiusd...
main {
 log {
 	destination = "stdout"
 	syslog_facility = "daemon"
 	localstatedir = "/usr/var"
 	logdir = "/usr/var/log"
 	file = "/app/data/radius.log"
 }
	name = "radiusd"
	prefix = "/usr"
}
[Sun Apr 26 14:34:27 UTC 2026] radiusd exited with code 0. Restarting in 2s...
[Sun Apr 26 14:34:29 UTC 2026] Launching radiusd...
main {
 log {
 	destination = "stdout"
 	syslog_facility = "daemon"
 	localstatedir = "/usr/var"
 	logdir = "/usr/var/log"
 	file = "/app/data/radius.log"
 }
	name = "radiusd"
	prefix = "/usr"
}
[Sun Apr 26 14:34:29 UTC 2026] radiusd exited with code 0. Restarting in 2s...
[Sun Apr 26 14:34:31 UTC 2026] Launching radiusd...
main {
 log {
 	destination = "stdout"
 	syslog_facility = "daemon"
 	localstatedir = "/usr/var"
 	logdir = "/usr/var/log"
 	file = "/app/data/radius.log"
 }
	name = "radiusd"
	prefix = "/usr"
}
[Sun Apr 26 14:34:32 UTC 2026] radiusd exited with code 0. Restarting in 2s...
[Sun Apr 26 14:34:34 UTC 2026] Launching radiusd...
main {
 log {
 	destination = "stdout"
 	syslog_facility = "daemon"
 	localstatedir = "/usr/var"
 	logdir = "/usr/var/log"
 	file = "/app/data/radius.log"
 }
	name = "radiusd"
	prefix = "/usr"
}
[Sun Apr 26 14:34:34 UTC 2026] radiusd exited with code 0. Restarting in 2s...
[Sun Apr 26 14:34:36 UTC 2026] Launching radiusd...
main {
 log {
 	destination = "stdout"
 	syslog_facility = "daemon"
 	localstatedir = "/usr/var"
 	logdir = "/usr/var/log"
 	file = "/app/data/radius.log"
 }
	name = "radiusd"
	prefix = "/usr"
}
[Sun Apr 26 14:34:37 UTC 2026] radiusd exited with code 0. Restarting in 2s...
[Sun Apr 26 14:34:39 UTC 2026] Launching radiusd...
main {
 log {
 	destination = "stdout"
 	syslog_facility = "daemon"
 	localstatedir = "/usr/var"
 	logdir = "/usr/var/log"
 	file = "/app/data/radius.log"
 }
	name = "radiusd"
	prefix = "/usr"
}
[Sun Apr 26 14:34:39 UTC 2026] radiusd exited with code 0. Restarting in 2s...
[Sun Apr 26 14:34:41 UTC 2026] Launching radiusd...
main {
 log {
 	destination = "stdout"
 	syslog_facility = "daemon"
 	localstatedir = "/usr/var"
 	logdir = "/usr/var/log"
 	file = "/app/data/radius.log"
 }
	name = "radiusd"
	prefix = "/usr"
}
[Sun Apr 26 14:34:41 UTC 2026] radiusd exited with code 0. Restarting in 2s...
[Sun Apr 26 14:34:43 UTC 2026] Launching radiusd...
main {
 log {
 	destination = "stdout"
 	syslog_facility = "daemon"
 	localstatedir = "/usr/var"
 	logdir = "/usr/var/log"
 	file = "/app/data/radius.log"
 }
	name = "radiusd"
	prefix = "/usr"
}
[Sun Apr 26 14:34:44 UTC 2026] radiusd exited with code 0. Restarting in 2s...
[Sun Apr 26 14:34:46 UTC 2026] Launching radiusd...
main {
 log {
 	destination = "stdout"
 	syslog_facility = "daemon"
 	localstatedir = "/usr/var"
 	logdir = "/usr/var/log"
 	file = "/app/data/radius.log"
 }
	name = "radiusd"
	prefix = "/usr"
}
[Sun Apr 26 14:34:46 UTC 2026] radiusd exited with code 0. Restarting in 2s...
[Sun Apr 26 14:34:48 UTC 2026] Launching radiusd...
main {
 log {
 	destination = "stdout"
 	syslog_facility = "daemon"
 	localstatedir = "/usr/var"
 	logdir = "/usr/var/log"
 	file = "/app/data/radius.log"
 }
	name = "radiusd"
	prefix = "/usr"
}
[Sun Apr 26 14:34:49 UTC 2026] radiusd exited with code 0. Restarting in 2s...
[Sun Apr 26 14:34:51 UTC 2026] Launching radiusd...
main {
 log {
 	destination = "stdout"
 	syslog_facility = "daemon"
 	localstatedir = "/usr/var"
 	logdir = "/usr/var/log"
 	file = "/app/data/radius.log"
 }
	name = "radiusd"
	prefix = "/usr"
}
[Sun Apr 26 14:34:51 UTC 2026] radiusd exited with code 0. Restarting in 2s...
[Sun Apr 26 14:34:53 UTC 2026] Launching radiusd...
main {
 log {
 	destination = "stdout"
 	syslog_facility = "daemon"
 	localstatedir = "/usr/var"
 	logdir = "/usr/var/log"
 	file = "/app/data/radius.log"
 }
	name = "radiusd"
	prefix = "/usr"
}
[Sun Apr 26 14:34:53 UTC 2026] radiusd exited with code 0. Restarting in 2s...
[Sun Apr 26 14:34:55 UTC 2026] Launching radiusd...
main {
 log {
 	destination = "stdout"
 	syslog_facility = "daemon"
 	localstatedir = "/usr/var"
 	logdir = "/usr/var/log"
 	file = "/app/data/radius.log"
 }
	name = "radiusd"
	prefix = "/usr"
}
[Sun Apr 26 14:34:55 UTC 2026] radiusd exited with code 0. Restarting in 2s...
[Sun Apr 26 14:34:58 UTC 2026] Launching radiusd...
main {
 log {
 	destination = "stdout"
 	syslog_facility = "daemon"
 	localstatedir = "/usr/var"
 	logdir = "/usr/var/log"
 	file = "/app/data/radius.log"
 }
	name = "radiusd"
	prefix = "/usr"
}
[Sun Apr 26 14:34:58 UTC 2026] radiusd exited with code 0. Restarting in 2s...
[Sun Apr 26 14:35:00 UTC 2026] Launching radiusd...
main {
 log {
 	destination = "stdout"
 	syslog_facility = "daemon"
 	localstatedir = "/usr/var"
 	logdir = "/usr/var/log"
 	file = "/app/data/radius.log"
 }
	name = "radiusd"
	prefix = "/usr"
}
[Sun Apr 26 14:35:00 UTC 2026] radiusd exited with code 0. Restarting in 2s...
[Sun Apr 26 14:35:02 UTC 2026] Launching radiusd...
main {
 log {
 	destination = "stdout"
 	syslog_facility = "daemon"
 	localstatedir = "/usr/var"
 	logdir = "/usr/var/log"
 	file = "/app/data/radius.log"
 }
	name = "radiusd"
	prefix = "/usr"
}
[Sun Apr 26 14:35:02 UTC 2026] radiusd exited with code 0. Restarting in 2s...
[Sun Apr 26 14:35:04 UTC 2026] Launching radiusd...
main {
 log {
 	destination = "stdout"
 	syslog_facility = "daemon"
 	localstatedir = "/usr/var"
 	logdir = "/usr/var/log"
 	file = "/app/data/radius.log"
 }
	name = "radiusd"
	prefix = "/usr"
}
[Sun Apr 26 14:35:05 UTC 2026] radiusd exited with code 0. Restarting in 2s...
[Sun Apr 26 14:35:07 UTC 2026] Launching radiusd...
main {
 log {
 	destination = "stdout"
 	syslog_facility = "daemon"
 	localstatedir = "/usr/var"
 	logdir = "/usr/var/log"
 	file = "/app/data/radius.log"
 }
	name = "radiusd"
	prefix = "/usr"
}
[Sun Apr 26 14:35:07 UTC 2026] radiusd exited with code 0. Restarting in 2s...
[Sun Apr 26 14:35:09 UTC 2026] Launching radiusd...
main {
 log {
 	destination = "stdout"
 	syslog_facility = "daemon"
 	localstatedir = "/usr/var"
 	logdir = "/usr/var/log"
 	file = "/app/data/radius.log"
 }
	name = "radiusd"
	prefix = "/usr"
}
[Sun Apr 26 14:35:10 UTC 2026] radiusd exited with code 0. Restarting in 2s...
[Sun Apr 26 14:35:12 UTC 2026] Launching radiusd...
main {
 log {
 	destination = "stdout"
 	syslog_facility = "daemon"
 	localstatedir = "/usr/var"
 	logdir = "/usr/var/log"
 	file = "/app/data/radius.log"
 }
	name = "radiusd"
	prefix = "/usr"
}
[Sun Apr 26 14:35:12 UTC 2026] radiusd exited with code 0. Restarting in 2s...
[Sun Apr 26 14:35:14 UTC 2026] Launching radiusd...
main {
 log {
 	destination = "stdout"
 	syslog_facility = "daemon"
 	localstatedir = "/usr/var"
 	logdir = "/usr/var/log"
 	file = "/app/data/radius.log"
 }
	name = "radiusd"
	prefix = "/usr"
}
[Sun Apr 26 14:35:14 UTC 2026] radiusd exited with code 0. Restarting in 2s...
[Sun Apr 26 14:35:16 UTC 2026] Launching radiusd...
main {
 log {
 	destination = "stdout"
 	syslog_facility = "daemon"
 	localstatedir = "/usr/var"
 	logdir = "/usr/var/log"
 	file = "/app/data/radius.log"
 }
	name = "radiusd"
	prefix = "/usr"
}
[Sun Apr 26 14:35:17 UTC 2026] radiusd exited with code 0. Restarting in 2s...
[Sun Apr 26 14:35:19 UTC 2026] Launching radiusd...
main {
 log {
 	destination = "stdout"
 	syslog_facility = "daemon"
 	localstatedir = "/usr/var"
 	logdir = "/usr/var/log"
 	file = "/app/data/radius.log"
 }
	name = "radiusd"
	prefix = "/usr"
}
[Sun Apr 26 14:35:19 UTC 2026] radiusd exited with code 0. Restarting in 2s...
[Sun Apr 26 14:35:21 UTC 2026] Launching radiusd...
main {
 log {
 	destination = "stdout"
 	syslog_facility = "daemon"
 	localstatedir = "/usr/var"
 	logdir = "/usr/var/log"
 	file = "/app/data/radius.log"
 }
	name = "radiusd"
	prefix = "/usr"
}
[Sun Apr 26 14:35:22 UTC 2026] radiusd exited with code 0. Restarting in 2s...
[Sun Apr 26 14:35:24 UTC 2026] Launching radiusd...
main {
 log {
 	destination = "stdout"
 	syslog_facility = "daemon"
 	localstatedir = "/usr/var"
 	logdir = "/usr/var/log"
 	file = "/app/data/radius.log"
 }
	name = "radiusd"
	prefix = "/usr"
}
[Sun Apr 26 14:35:24 UTC 2026] radiusd exited with code 0. Restarting in 2s...
[Sun Apr 26 14:35:26 UTC 2026] Launching radiusd...
main {
 log {
 	destination = "stdout"
 	syslog_facility = "daemon"
 	localstatedir = "/usr/var"
 	logdir = "/usr/var/log"
 	file = "/app/data/radius.log"
 }
	name = "radiusd"
	prefix = "/usr"
}
[Sun Apr 26 14:35:26 UTC 2026] radiusd exited with code 0. Restarting in 2s...
[Sun Apr 26 14:35:28 UTC 2026] Launching radiusd...
main {
 log {
 	destination = "stdout"
 	syslog_facility = "daemon"
 	localstatedir = "/usr/var"
 	logdir = "/usr/var/log"
 	file = "/app/data/radius.log"
 }
	name = "radiusd"
	prefix = "/usr"
}
[Sun Apr 26 14:35:29 UTC 2026] radiusd exited with code 0. Restarting in 2s...
[Sun Apr 26 14:35:31 UTC 2026] Launching radiusd...
main {
 log {
 	destination = "stdout"
 	syslog_facility = "daemon"
 	localstatedir = "/usr/var"
 	logdir = "/usr/var/log"
 	file = "/app/data/radius.log"
 }
	name = "radiusd"
	prefix = "/usr"
}
[Sun Apr 26 14:35:31 UTC 2026] radiusd exited with code 0. Restarting in 2s...
[Sun Apr 26 14:35:33 UTC 2026] Launching radiusd...
main {
 log {
 	destination = "stdout"
 	syslog_facility = "daemon"
 	localstatedir = "/usr/var"
 	logdir = "/usr/var/log"
 	file = "/app/data/radius.log"
 }
	name = "radiusd"
	prefix = "/usr"
}
[Sun Apr 26 14:35:33 UTC 2026] radiusd exited with code 0. Restarting in 2s...
[Sun Apr 26 14:35:35 UTC 2026] Launching radiusd...
main {
 log {
 	destination = "stdout"
 	syslog_facility = "daemon"
 	localstatedir = "/usr/var"
 	logdir = "/usr/var/log"
 	file = "/app/data/radius.log"
 }
	name = "radiusd"
	prefix = "/usr"
}
[Sun Apr 26 14:35:36 UTC 2026] radiusd exited with code 0. Restarting in 2s...
[Sun Apr 26 14:35:38 UTC 2026] Launching radiusd...
main {
 log {
 	destination = "stdout"
 	syslog_facility = "daemon"
 	localstatedir = "/usr/var"
 	logdir = "/usr/var/log"
 	file = "/app/data/radius.log"
 }
	name = "radiusd"
	prefix = "/usr"
}
[Sun Apr 26 14:35:38 UTC 2026] radiusd exited with code 0. Restarting in 2s...
[Sun Apr 26 14:35:40 UTC 2026] Launching radiusd...
main {
 log {
 	destination = "stdout"
 	syslog_facility = "daemon"
 	localstatedir = "/usr/var"
 	logdir = "/usr/var/log"
 	file = "/app/data/radius.log"
 }
	name = "radiusd"
	prefix = "/usr"
}
[Sun Apr 26 14:35:44 UTC 2026] radiusd exited with code 0. Restarting in 2s...
[Sun Apr 26 14:35:46 UTC 2026] Launching radiusd...
main {
 log {
 	destination = "stdout"
 	syslog_facility = "daemon"
 	localstatedir = "/usr/var"
 	logdir = "/usr/var/log"
 	file = "/app/data/radius.log"
 }
	name = "radiusd"
	prefix = "/usr"
}
[Sun Apr 26 14:35:52 UTC 2026] radiusd exited with code 0. Restarting in 2s...
[Sun Apr 26 14:35:54 UTC 2026] Launching radiusd...
main {
 log {
 	destination = "stdout"
 	syslog_facility = "daemon"
 	localstatedir = "/usr/var"
 	logdir = "/usr/var/log"
 	file = "/app/data/radius.log"
 }
	name = "radiusd"
	prefix = "/usr"
}
[Sun Apr 26 14:35:55 UTC 2026] radiusd exited with code 0. Restarting in 2s...
[Sun Apr 26 14:35:57 UTC 2026] Launching radiusd...
main {
 log {
 	destination = "stdout"
 	syslog_facility = "daemon"
 	localstatedir = "/usr/var"
 	logdir = "/usr/var/log"
 	file = "/app/data/radius.log"
 }
	name = "radiusd"
	prefix = "/usr"
}
[Sun Apr 26 14:35:57 UTC 2026] radiusd exited with code 0. Restarting in 2s...
[Sun Apr 26 14:35:59 UTC 2026] Launching radiusd...
main {
 log {
 	destination = "stdout"
 	syslog_facility = "daemon"
 	localstatedir = "/usr/var"
 	logdir = "/usr/var/log"
 	file = "/app/data/radius.log"
 }
	name = "radiusd"
	prefix = "/usr"
}
[Sun Apr 26 14:35:59 UTC 2026] radiusd exited with code 0. Restarting in 2s...
[Sun Apr 26 14:36:01 UTC 2026] Launching radiusd...
main {
 log {
 	destination = "stdout"
 	syslog_facility = "daemon"
 	localstatedir = "/usr/var"
 	logdir = "/usr/var/log"
 	file = "/app/data/radius.log"
 }
	name = "radiusd"
	prefix = "/usr"
}
[Sun Apr 26 14:36:02 UTC 2026] radiusd exited with code 0. Restarting in 2s...
[Sun Apr 26 14:36:04 UTC 2026] Launching radiusd...
main {
 log {
 	destination = "stdout"
 	syslog_facility = "daemon"
 	localstatedir = "/usr/var"
 	logdir = "/usr/var/log"
 	file = "/app/data/radius.log"
 }
	name = "radiusd"
	prefix = "/usr"
}
[Sun Apr 26 14:36:04 UTC 2026] radiusd exited with code 0. Restarting in 2s...
[Sun Apr 26 14:36:06 UTC 2026] Launching radiusd...
main {
 log {
 	destination = "stdout"
 	syslog_facility = "daemon"
 	localstatedir = "/usr/var"
 	logdir = "/usr/var/log"
 	file = "/app/data/radius.log"
 }
	name = "radiusd"
	prefix = "/usr"
}
[Sun Apr 26 14:36:14 UTC 2026] radiusd exited with code 0. Restarting in 2s...
[Sun Apr 26 14:36:16 UTC 2026] Launching radiusd...
main {
 log {
 	destination = "stdout"
 	syslog_facility = "daemon"
 	localstatedir = "/usr/var"
 	logdir = "/usr/var/log"
 	file = "/app/data/radius.log"
 }
	name = "radiusd"
	prefix = "/usr"
}
[Sun Apr 26 14:36:19 UTC 2026] radiusd exited with code 0. Restarting in 2s...
[Sun Apr 26 14:36:21 UTC 2026] Launching radiusd...
main {
 log {
 	destination = "stdout"
 	syslog_facility = "daemon"
 	localstatedir = "/usr/var"
 	logdir = "/usr/var/log"
 	file = "/app/data/radius.log"
 }
	name = "radiusd"
	prefix = "/usr"
}
[Sun Apr 26 14:36:22 UTC 2026] radiusd exited with code 0. Restarting in 2s...
[Sun Apr 26 14:36:24 UTC 2026] Launching radiusd...
main {
 log {
 	destination = "stdout"
 	syslog_facility = "daemon"
 	localstatedir = "/usr/var"
 	logdir = "/usr/var/log"
 	file = "/app/data/radius.log"
 }
	name = "radiusd"
	prefix = "/usr"
}
[Sun Apr 26 14:36:24 UTC 2026] radiusd exited with code 0. Restarting in 2s...
[Sun Apr 26 14:36:26 UTC 2026] Launching radiusd...
main {
 log {
 	destination = "stdout"
 	syslog_facility = "daemon"
 	localstatedir = "/usr/var"
 	logdir = "/usr/var/log"
 	file = "/app/data/radius.log"
 }
	name = "radiusd"
	prefix = "/usr"
}
[Sun Apr 26 14:36:26 UTC 2026] radiusd exited with code 0. Restarting in 2s...
[Sun Apr 26 14:36:28 UTC 2026] Launching radiusd...
main {
 log {
 	destination = "stdout"
 	syslog_facility = "daemon"
 	localstatedir = "/usr/var"
 	logdir = "/usr/var/log"
 	file = "/app/data/radius.log"
 }
	name = "radiusd"
	prefix = "/usr"
}
[Sun Apr 26 14:36:29 UTC 2026] radiusd exited with code 0. Restarting in 2s...
[Sun Apr 26 14:36:31 UTC 2026] Launching radiusd...
main {
 log {
 	destination = "stdout"
 	syslog_facility = "daemon"
 	localstatedir = "/usr/var"
 	logdir = "/usr/var/log"
 	file = "/app/data/radius.log"
 }
	name = "radiusd"
	prefix = "/usr"
}
[Sun Apr 26 14:36:31 UTC 2026] radiusd exited with code 0. Restarting in 2s...
[Sun Apr 26 14:36:33 UTC 2026] Launching radiusd...
main {
 log {
 	destination = "stdout"
 	syslog_facility = "daemon"
 	localstatedir = "/usr/var"
 	logdir = "/usr/var/log"
 	file = "/app/data/radius.log"
 }
	name = "radiusd"
	prefix = "/usr"
}
[Sun Apr 26 14:36:34 UTC 2026] radiusd exited with code 0. Restarting in 2s...
[Sun Apr 26 14:36:36 UTC 2026] Launching radiusd...
main {
 log {
 	destination = "stdout"
 	syslog_facility = "daemon"
 	localstatedir = "/usr/var"
 	logdir = "/usr/var/log"
 	file = "/app/data/radius.log"
 }
	name = "radiusd"
	prefix = "/usr"
}
[Sun Apr 26 14:36:36 UTC 2026] radiusd exited with code 0. Restarting in 2s...
[Sun Apr 26 14:36:38 UTC 2026] Launching radiusd...
main {
 log {
 	destination = "stdout"
 	syslog_facility = "daemon"
 	localstatedir = "/usr/var"
 	logdir = "/usr/var/log"
 	file = "/app/data/radius.log"
 }
	name = "radiusd"
	prefix = "/usr"
}
[Sun Apr 26 14:36:38 UTC 2026] radiusd exited with code 0. Restarting in 2s...
[Sun Apr 26 14:36:40 UTC 2026] Launching radiusd...
main {
 log {
 	destination = "stdout"
 	syslog_facility = "daemon"
 	localstatedir = "/usr/var"
 	logdir = "/usr/var/log"
 	file = "/app/data/radius.log"
 }
	name = "radiusd"
	prefix = "/usr"
}
[Sun Apr 26 14:36:41 UTC 2026] radiusd exited with code 0. Restarting in 2s...
[Sun Apr 26 14:36:43 UTC 2026] Launching radiusd...
main {
 log {
 	destination = "stdout"
 	syslog_facility = "daemon"
 	localstatedir = "/usr/var"
 	logdir = "/usr/var/log"
 	file = "/app/data/radius.log"
 }
	name = "radiusd"
	prefix = "/usr"
}
[Sun Apr 26 14:36:43 UTC 2026] radiusd exited with code 0. Restarting in 2s...
[Sun Apr 26 14:36:45 UTC 2026] Launching radiusd...
main {
 log {
 	destination = "stdout"
 	syslog_facility = "daemon"
 	localstatedir = "/usr/var"
 	logdir = "/usr/var/log"
 	file = "/app/data/radius.log"
 }
	name = "radiusd"
	prefix = "/usr"
}
[Sun Apr 26 14:36:46 UTC 2026] radiusd exited with code 0. Restarting in 2s...
[Sun Apr 26 14:36:48 UTC 2026] Launching radiusd...
main {
 log {
 	destination = "stdout"
 	syslog_facility = "daemon"
 	localstatedir = "/usr/var"
 	logdir = "/usr/var/log"
 	file = "/app/data/radius.log"
 }
	name = "radiusd"
	prefix = "/usr"
}
[Sun Apr 26 14:36:48 UTC 2026] radiusd exited with code 0. Restarting in 2s...
[Sun Apr 26 14:36:50 UTC 2026] Launching radiusd...
main {
 log {
 	destination = "stdout"
 	syslog_facility = "daemon"
 	localstatedir = "/usr/var"
 	logdir = "/usr/var/log"
 	file = "/app/data/radius.log"
 }
	name = "radiusd"
	prefix = "/usr"
}
[Sun Apr 26 14:36:51 UTC 2026] radiusd exited with code 0. Restarting in 2s...
[Sun Apr 26 14:36:53 UTC 2026] Launching radiusd...
main {
 log {
 	destination = "stdout"
 	syslog_facility = "daemon"
 	localstatedir = "/usr/var"
 	logdir = "/usr/var/log"
 	file = "/app/data/radius.log"
 }
	name = "radiusd"
	prefix = "/usr"
}
[Sun Apr 26 14:36:53 UTC 2026] radiusd exited with code 0. Restarting in 2s...
[Sun Apr 26 14:36:55 UTC 2026] Launching radiusd...
main {
 log {
 	destination = "stdout"
 	syslog_facility = "daemon"
 	localstatedir = "/usr/var"
 	logdir = "/usr/var/log"
 	file = "/app/data/radius.log"
 }
	name = "radiusd"
	prefix = "/usr"
}
[Sun Apr 26 14:36:55 UTC 2026] radiusd exited with code 0. Restarting in 2s...
[Sun Apr 26 14:36:58 UTC 2026] Launching radiusd...
main {
 log {
 	destination = "stdout"
 	syslog_facility = "daemon"
 	localstatedir = "/usr/var"
 	logdir = "/usr/var/log"
 	file = "/app/data/radius.log"
 }
	name = "radiusd"
	prefix = "/usr"
}
[Sun Apr 26 14:36:58 UTC 2026] radiusd exited with code 0. Restarting in 2s...
[Sun Apr 26 14:37:00 UTC 2026] Launching radiusd...
main {
 log {
 	destination = "stdout"
 	syslog_facility = "daemon"
 	localstatedir = "/usr/var"
 	logdir = "/usr/var/log"
 	file = "/app/data/radius.log"
 }
	name = "radiusd"
	prefix = "/usr"
}
[Sun Apr 26 14:37:00 UTC 2026] radiusd exited with code 0. Restarting in 2s...
[Sun Apr 26 14:37:02 UTC 2026] Launching radiusd...
main {
 log {
 	destination = "stdout"
 	syslog_facility = "daemon"
 	localstatedir = "/usr/var"
 	logdir = "/usr/var/log"
 	file = "/app/data/radius.log"
 }
	name = "radiusd"
	prefix = "/usr"
}
[Sun Apr 26 14:37:02 UTC 2026] radiusd exited with code 0. Restarting in 2s...
[Sun Apr 26 14:37:04 UTC 2026] Launching radiusd...
main {
 log {
 	destination = "stdout"
 	syslog_facility = "daemon"
 	localstatedir = "/usr/var"
 	logdir = "/usr/var/log"
 	file = "/app/data/radius.log"
 }
	name = "radiusd"
	prefix = "/usr"
}
[Sun Apr 26 14:37:05 UTC 2026] radiusd exited with code 0. Restarting in 2s...
[Sun Apr 26 14:37:07 UTC 2026] Launching radiusd...
main {
 log {
 	destination = "stdout"
 	syslog_facility = "daemon"
 	localstatedir = "/usr/var"
 	logdir = "/usr/var/log"
 	file = "/app/data/radius.log"
 }
	name = "radiusd"
	prefix = "/usr"
}
[Sun Apr 26 14:37:07 UTC 2026] radiusd exited with code 0. Restarting in 2s...
[Sun Apr 26 14:37:09 UTC 2026] Launching radiusd...
main {
 log {
 	destination = "stdout"
 	syslog_facility = "daemon"
 	localstatedir = "/usr/var"
 	logdir = "/usr/var/log"
 	file = "/app/data/radius.log"
 }
	name = "radiusd"
	prefix = "/usr"
}
[Sun Apr 26 14:37:09 UTC 2026] radiusd exited with code 0. Restarting in 2s...
[Sun Apr 26 14:37:11 UTC 2026] Launching radiusd...
main {
 log {
 	destination = "stdout"
 	syslog_facility = "daemon"
 	localstatedir = "/usr/var"
 	logdir = "/usr/var/log"
 	file = "/app/data/radius.log"
 }
	name = "radiusd"
	prefix = "/usr"
}
[Sun Apr 26 14:37:12 UTC 2026] radiusd exited with code 0. Restarting in 2s...
[Sun Apr 26 14:37:14 UTC 2026] Launching radiusd...
main {
 log {
 	destination = "stdout"
 	syslog_facility = "daemon"
 	localstatedir = "/usr/var"
 	logdir = "/usr/var/log"
 	file = "/app/data/radius.log"
 }
	name = "radiusd"
	prefix = "/usr"
}
[Sun Apr 26 14:37:14 UTC 2026] radiusd exited with code 0. Restarting in 2s...
[Sun Apr 26 14:37:16 UTC 2026] Launching radiusd...
main {
 log {
 	destination = "stdout"
 	syslog_facility = "daemon"
 	localstatedir = "/usr/var"
 	logdir = "/usr/var/log"
 	file = "/app/data/radius.log"
 }
	name = "radiusd"
	prefix = "/usr"
}
[Sun Apr 26 14:37:17 UTC 2026] radiusd exited with code 0. Restarting in 2s...
[Sun Apr 26 14:37:19 UTC 2026] Launching radiusd...
main {
 log {
 	destination = "stdout"
 	syslog_facility = "daemon"
 	localstatedir = "/usr/var"
 	logdir = "/usr/var/log"
 	file = "/app/data/radius.log"
 }
	name = "radiusd"
	prefix = "/usr"
}
[Sun Apr 26 14:37:19 UTC 2026] radiusd exited with code 0. Restarting in 2s...
[Sun Apr 26 14:37:21 UTC 2026] Launching radiusd...
main {
 log {
 	destination = "stdout"
 	syslog_facility = "daemon"
 	localstatedir = "/usr/var"
 	logdir = "/usr/var/log"
 	file = "/app/data/radius.log"
 }
	name = "radiusd"
	prefix = "/usr"
}
[Sun Apr 26 14:37:22 UTC 2026] radiusd exited with code 0. Restarting in 2s...
[Sun Apr 26 14:37:24 UTC 2026] Launching radiusd...
main {
 log {
 	destination = "stdout"
 	syslog_facility = "daemon"
 	localstatedir = "/usr/var"
 	logdir = "/usr/var/log"
 	file = "/app/data/radius.log"
 }
	name = "radiusd"
	prefix = "/usr"
}
[Sun Apr 26 14:37:24 UTC 2026] radiusd exited with code 0. Restarting in 2s...
[Sun Apr 26 14:37:26 UTC 2026] Launching radiusd...
main {
 log {
 	destination = "stdout"
 	syslog_facility = "daemon"
 	localstatedir = "/usr/var"
 	logdir = "/usr/var/log"
 	file = "/app/data/radius.log"
 }
	name = "radiusd"
	prefix = "/usr"
}
[Sun Apr 26 14:37:26 UTC 2026] radiusd exited with code 0. Restarting in 2s...
[Sun Apr 26 14:37:28 UTC 2026] Launching radiusd...
main {
 log {
 	destination = "stdout"
 	syslog_facility = "daemon"
 	localstatedir = "/usr/var"
 	logdir = "/usr/var/log"
 	file = "/app/data/radius.log"
 }
	name = "radiusd"
	prefix = "/usr"
}
[Sun Apr 26 14:37:29 UTC 2026] radiusd exited with code 0. Restarting in 2s...
[Sun Apr 26 14:37:31 UTC 2026] Launching radiusd...
main {
 log {
 	destination = "stdout"
 	syslog_facility = "daemon"
 	localstatedir = "/usr/var"
 	logdir = "/usr/var/log"
 	file = "/app/data/radius.log"
 }
	name = "radiusd"
	prefix = "/usr"
}
[Sun Apr 26 14:37:31 UTC 2026] radiusd exited with code 0. Restarting in 2s...
[Sun Apr 26 14:37:33 UTC 2026] Launching radiusd...
main {
 log {
 	destination = "stdout"
 	syslog_facility = "daemon"
 	localstatedir = "/usr/var"
 	logdir = "/usr/var/log"
 	file = "/app/data/radius.log"
 }
	name = "radiusd"
	prefix = "/usr"
}
[Sun Apr 26 14:37:33 UTC 2026] radiusd exited with code 0. Restarting in 2s...
[Sun Apr 26 14:37:35 UTC 2026] Launching radiusd...
main {
 log {
 	destination = "stdout"
 	syslog_facility = "daemon"
 	localstatedir = "/usr/var"
 	logdir = "/usr/var/log"
 	file = "/app/data/radius.log"
 }
	name = "radiusd"
	prefix = "/usr"
}
[Sun Apr 26 14:37:36 UTC 2026] radiusd exited with code 0. Restarting in 2s...
[Sun Apr 26 14:37:38 UTC 2026] Launching radiusd...
main {
 log {
 	destination = "stdout"
 	syslog_facility = "daemon"
 	localstatedir = "/usr/var"
 	logdir = "/usr/var/log"
 	file = "/app/data/radius.log"
 }
	name = "radiusd"
	prefix = "/usr"
}
[Sun Apr 26 14:37:38 UTC 2026] radiusd exited with code 0. Restarting in 2s...
[Sun Apr 26 14:37:40 UTC 2026] Launching radiusd...
main {
 log {
 	destination = "stdout"
 	syslog_facility = "daemon"
 	localstatedir = "/usr/var"
 	logdir = "/usr/var/log"
 	file = "/app/data/radius.log"
 }
	name = "radiusd"
	prefix = "/usr"
}
[Sun Apr 26 14:37:41 UTC 2026] radiusd exited with code 0. Restarting in 2s...
[Sun Apr 26 14:37:43 UTC 2026] Launching radiusd...
main {
 log {
 	destination = "stdout"
 	syslog_facility = "daemon"
 	localstatedir = "/usr/var"
 	logdir = "/usr/var/log"
 	file = "/app/data/radius.log"
 }
	name = "radiusd"
	prefix = "/usr"
}
[Sun Apr 26 14:37:44 UTC 2026] radiusd exited with code 0. Restarting in 2s...
[Sun Apr 26 14:37:46 UTC 2026] Launching radiusd...
main {
 log {
 	destination = "stdout"
 	syslog_facility = "daemon"
 	localstatedir = "/usr/var"
 	logdir = "/usr/var/log"
 	file = "/app/data/radius.log"
 }
	name = "radiusd"
	prefix = "/usr"
}
[Sun Apr 26 14:37:46 UTC 2026] radiusd exited with code 0. Restarting in 2s...
[Sun Apr 26 14:37:48 UTC 2026] Launching radiusd...
main {
 log {
 	destination = "stdout"
 	syslog_facility = "daemon"
 	localstatedir = "/usr/var"
 	logdir = "/usr/var/log"
 	file = "/app/data/radius.log"
 }
	name = "radiusd"
	prefix = "/usr"
}
[Sun Apr 26 14:37:49 UTC 2026] radiusd exited with code 0. Restarting in 2s...
[Sun Apr 26 14:37:51 UTC 2026] Launching radiusd...
main {
 log {
 	destination = "stdout"
 	syslog_facility = "daemon"
 	localstatedir = "/usr/var"
 	logdir = "/usr/var/log"
 	file = "/app/data/radius.log"
 }
	name = "radiusd"
	prefix = "/usr"
}
[Sun Apr 26 14:37:51 UTC 2026] radiusd exited with code 0. Restarting in 2s...
[Sun Apr 26 14:37:53 UTC 2026] Launching radiusd...
main {
 log {
 	destination = "stdout"
 	syslog_facility = "daemon"
 	localstatedir = "/usr/var"
 	logdir = "/usr/var/log"
 	file = "/app/data/radius.log"
 }
	name = "radiusd"
	prefix = "/usr"
}
[Sun Apr 26 14:37:53 UTC 2026] radiusd exited with code 0. Restarting in 2s...
[Sun Apr 26 14:37:55 UTC 2026] Launching radiusd...
main {
 log {
 	destination = "stdout"
 	syslog_facility = "daemon"
 	localstatedir = "/usr/var"
 	logdir = "/usr/var/log"
 	file = "/app/data/radius.log"
 }
	name = "radiusd"
	prefix = "/usr"
}
[Sun Apr 26 14:37:56 UTC 2026] radiusd exited with code 0. Restarting in 2s...
[Sun Apr 26 14:37:58 UTC 2026] Launching radiusd...
main {
 log {
 	destination = "stdout"
 	syslog_facility = "daemon"
 	localstatedir = "/usr/var"
 	logdir = "/usr/var/log"
 	file = "/app/data/radius.log"
 }
	name = "radiusd"
	prefix = "/usr"
}
[Sun Apr 26 14:37:58 UTC 2026] radiusd exited with code 0. Restarting in 2s...
[Sun Apr 26 14:38:00 UTC 2026] Launching radiusd...
main {
 log {
 	destination = "stdout"
 	syslog_facility = "daemon"
 	localstatedir = "/usr/var"
 	logdir = "/usr/var/log"
 	file = "/app/data/radius.log"
 }
	name = "radiusd"
	prefix = "/usr"
}
[Sun Apr 26 14:38:01 UTC 2026] radiusd exited with code 0. Restarting in 2s...
[Sun Apr 26 14:38:03 UTC 2026] Launching radiusd...
main {
 log {
 	destination = "stdout"
 	syslog_facility = "daemon"
 	localstatedir = "/usr/var"
 	logdir = "/usr/var/log"
 	file = "/app/data/radius.log"
 }
	name = "radiusd"
	prefix = "/usr"
}
[Sun Apr 26 14:38:03 UTC 2026] radiusd exited with code 0. Restarting in 2s...
[Sun Apr 26 14:38:05 UTC 2026] Launching radiusd...
main {
 log {
 	destination = "stdout"
 	syslog_facility = "daemon"
 	localstatedir = "/usr/var"
 	logdir = "/usr/var/log"
 	file = "/app/data/radius.log"
 }
	name = "radiusd"
	prefix = "/usr"
}
[Sun Apr 26 14:38:06 UTC 2026] radiusd exited with code 0. Restarting in 2s...
[Sun Apr 26 14:38:08 UTC 2026] Launching radiusd...
main {
 log {
 	destination = "stdout"
 	syslog_facility = "daemon"
 	localstatedir = "/usr/var"
 	logdir = "/usr/var/log"
 	file = "/app/data/radius.log"
 }
	name = "radiusd"
	prefix = "/usr"
}
[Sun Apr 26 14:38:08 UTC 2026] radiusd exited with code 0. Restarting in 2s...
[Sun Apr 26 14:38:10 UTC 2026] Launching radiusd...
main {
 log {
 	destination = "stdout"
 	syslog_facility = "daemon"
 	localstatedir = "/usr/var"
 	logdir = "/usr/var/log"
 	file = "/app/data/radius.log"
 }
	name = "radiusd"
	prefix = "/usr"
}
[Sun Apr 26 14:38:10 UTC 2026] radiusd exited with code 0. Restarting in 2s...
[Sun Apr 26 14:38:12 UTC 2026] Launching radiusd...
main {
 log {
 	destination = "stdout"
 	syslog_facility = "daemon"
 	localstatedir = "/usr/var"
 	logdir = "/usr/var/log"
 	file = "/app/data/radius.log"
 }
	name = "radiusd"
	prefix = "/usr"
}
[Sun Apr 26 14:38:13 UTC 2026] radiusd exited with code 0. Restarting in 2s...
[Sun Apr 26 14:38:15 UTC 2026] Launching radiusd...
main {
 log {
 	destination = "stdout"
 	syslog_facility = "daemon"
 	localstatedir = "/usr/var"
 	logdir = "/usr/var/log"
 	file = "/app/data/radius.log"
 }
	name = "radiusd"
	prefix = "/usr"
}
[Sun Apr 26 14:38:15 UTC 2026] radiusd exited with code 0. Restarting in 2s...
[Sun Apr 26 14:38:17 UTC 2026] Launching radiusd...
main {
 log {
 	destination = "stdout"
 	syslog_facility = "daemon"
 	localstatedir = "/usr/var"
 	logdir = "/usr/var/log"
 	file = "/app/data/radius.log"
 }
	name = "radiusd"
	prefix = "/usr"
}
[Sun Apr 26 14:38:17 UTC 2026] radiusd exited with code 0. Restarting in 2s...
[Sun Apr 26 14:38:19 UTC 2026] Launching radiusd...
main {
 log {
 	destination = "stdout"
 	syslog_facility = "daemon"
 	localstatedir = "/usr/var"
 	logdir = "/usr/var/log"
 	file = "/app/data/radius.log"
 }
	name = "radiusd"
	prefix = "/usr"
}
[Sun Apr 26 14:38:20 UTC 2026] radiusd exited with code 0. Restarting in 2s...
[Sun Apr 26 14:38:22 UTC 2026] Launching radiusd...
main {
 log {
 	destination = "stdout"
 	syslog_facility = "daemon"
 	localstatedir = "/usr/var"
 	logdir = "/usr/var/log"
 	file = "/app/data/radius.log"
 }
	name = "radiusd"
	prefix = "/usr"
}
[Sun Apr 26 14:38:22 UTC 2026] radiusd exited with code 0. Restarting in 2s...
[Sun Apr 26 14:38:24 UTC 2026] Launching radiusd...
main {
 log {
 	destination = "stdout"
 	syslog_facility = "daemon"
 	localstatedir = "/usr/var"
 	logdir = "/usr/var/log"
 	file = "/app/data/radius.log"
 }
	name = "radiusd"
	prefix = "/usr"
}
[Sun Apr 26 14:38:25 UTC 2026] radiusd exited with code 0. Restarting in 2s...
[Sun Apr 26 14:38:27 UTC 2026] Launching radiusd...
main {
 log {
 	destination = "stdout"
 	syslog_facility = "daemon"
 	localstatedir = "/usr/var"
 	logdir = "/usr/var/log"
 	file = "/app/data/radius.log"
 }
	name = "radiusd"
	prefix = "/usr"
}
[Sun Apr 26 14:38:27 UTC 2026] radiusd exited with code 0. Restarting in 2s...
[Sun Apr 26 14:38:29 UTC 2026] Launching radiusd...
main {
 log {
 	destination = "stdout"
 	syslog_facility = "daemon"
 	localstatedir = "/usr/var"
 	logdir = "/usr/var/log"
 	file = "/app/data/radius.log"
 }
	name = "radiusd"
	prefix = "/usr"
}
[Sun Apr 26 14:38:30 UTC 2026] radiusd exited with code 0. Restarting in 2s...
[Sun Apr 26 14:38:32 UTC 2026] Launching radiusd...
main {
 log {
 	destination = "stdout"
 	syslog_facility = "daemon"
 	localstatedir = "/usr/var"
 	logdir = "/usr/var/log"
 	file = "/app/data/radius.log"
 }
	name = "radiusd"
	prefix = "/usr"
}
[Sun Apr 26 14:38:32 UTC 2026] radiusd exited with code 0. Restarting in 2s...
[Sun Apr 26 14:38:35 UTC 2026] Launching radiusd...
main {
 log {
 	destination = "stdout"
 	syslog_facility = "daemon"
 	localstatedir = "/usr/var"
 	logdir = "/usr/var/log"
 	file = "/app/data/radius.log"
 }
	name = "radiusd"
	prefix = "/usr"
}
[Sun Apr 26 14:38:35 UTC 2026] radiusd exited with code 0. Restarting in 2s...
[Sun Apr 26 14:38:37 UTC 2026] Launching radiusd...
main {
 log {
 	destination = "stdout"
 	syslog_facility = "daemon"
 	localstatedir = "/usr/var"
 	logdir = "/usr/var/log"
 	file = "/app/data/radius.log"
 }
	name = "radiusd"
	prefix = "/usr"
}
[Sun Apr 26 14:38:37 UTC 2026] radiusd exited with code 0. Restarting in 2s...
[Sun Apr 26 14:38:39 UTC 2026] Launching radiusd...
main {
 log {
 	destination = "stdout"
 	syslog_facility = "daemon"
 	localstatedir = "/usr/var"
 	logdir = "/usr/var/log"
 	file = "/app/data/radius.log"
 }
	name = "radiusd"
	prefix = "/usr"
}
[Sun Apr 26 14:38:39 UTC 2026] radiusd exited with code 0. Restarting in 2s...
[Sun Apr 26 14:38:41 UTC 2026] Launching radiusd...
main {
 log {
 	destination = "stdout"
 	syslog_facility = "daemon"
 	localstatedir = "/usr/var"
 	logdir = "/usr/var/log"
 	file = "/app/data/radius.log"
 }
	name = "radiusd"
	prefix = "/usr"
}
[Sun Apr 26 14:38:42 UTC 2026] radiusd exited with code 0. Restarting in 2s...
[Sun Apr 26 14:38:44 UTC 2026] Launching radiusd...
main {
 log {
 	destination = "stdout"
 	syslog_facility = "daemon"
 	localstatedir = "/usr/var"
 	logdir = "/usr/var/log"
 	file = "/app/data/radius.log"
 }
	name = "radiusd"
	prefix = "/usr"
}
[Sun Apr 26 14:38:44 UTC 2026] radiusd exited with code 0. Restarting in 2s...
[Sun Apr 26 14:38:46 UTC 2026] Launching radiusd...
main {
 log {
 	destination = "stdout"
 	syslog_facility = "daemon"
 	localstatedir = "/usr/var"
 	logdir = "/usr/var/log"
 	file = "/app/data/radius.log"
 }
	name = "radiusd"
	prefix = "/usr"
}
[Sun Apr 26 14:38:47 UTC 2026] radiusd exited with code 0. Restarting in 2s...
[Sun Apr 26 14:38:49 UTC 2026] Launching radiusd...
main {
 log {
 	destination = "stdout"
 	syslog_facility = "daemon"
 	localstatedir = "/usr/var"
 	logdir = "/usr/var/log"
 	file = "/app/data/radius.log"
 }
	name = "radiusd"
	prefix = "/usr"
}
[Sun Apr 26 14:38:49 UTC 2026] radiusd exited with code 0. Restarting in 2s...
[Sun Apr 26 14:38:51 UTC 2026] Launching radiusd...
main {
 log {
 	destination = "stdout"
 	syslog_facility = "daemon"
 	localstatedir = "/usr/var"
 	logdir = "/usr/var/log"
 	file = "/app/data/radius.log"
 }
	name = "radiusd"
	prefix = "/usr"
}
[Sun Apr 26 14:38:51 UTC 2026] radiusd exited with code 0. Restarting in 2s...
[Sun Apr 26 14:38:53 UTC 2026] Launching radiusd...
main {
 log {
 	destination = "stdout"
 	syslog_facility = "daemon"
 	localstatedir = "/usr/var"
 	logdir = "/usr/var/log"
 	file = "/app/data/radius.log"
 }
	name = "radiusd"
	prefix = "/usr"
}
[Sun Apr 26 14:38:54 UTC 2026] radiusd exited with code 0. Restarting in 2s...
[Sun Apr 26 14:38:56 UTC 2026] Launching radiusd...
main {
 log {
 	destination = "stdout"
 	syslog_facility = "daemon"
 	localstatedir = "/usr/var"
 	logdir = "/usr/var/log"
 	file = "/app/data/radius.log"
 }
	name = "radiusd"
	prefix = "/usr"
}
[Sun Apr 26 14:38:56 UTC 2026] radiusd exited with code 0. Restarting in 2s...
[Sun Apr 26 14:38:58 UTC 2026] Launching radiusd...
main {
 log {
 	destination = "stdout"
 	syslog_facility = "daemon"
 	localstatedir = "/usr/var"
 	logdir = "/usr/var/log"
 	file = "/app/data/radius.log"
 }
	name = "radiusd"
	prefix = "/usr"
}
[Sun Apr 26 14:38:58 UTC 2026] radiusd exited with code 0. Restarting in 2s...
[Sun Apr 26 14:39:00 UTC 2026] Launching radiusd...
main {
 log {
 	destination = "stdout"
 	syslog_facility = "daemon"
 	localstatedir = "/usr/var"
 	logdir = "/usr/var/log"
 	file = "/app/data/radius.log"
 }
	name = "radiusd"
	prefix = "/usr"
}
[Sun Apr 26 14:39:01 UTC 2026] radiusd exited with code 0. Restarting in 2s...
[Sun Apr 26 14:39:03 UTC 2026] Launching radiusd...
main {
 log {
 	destination = "stdout"
 	syslog_facility = "daemon"
 	localstatedir = "/usr/var"
 	logdir = "/usr/var/log"
 	file = "/app/data/radius.log"
 }
	name = "radiusd"
	prefix = "/usr"
}
[Sun Apr 26 14:39:03 UTC 2026] radiusd exited with code 0. Restarting in 2s...
[Sun Apr 26 14:39:05 UTC 2026] Launching radiusd...
main {
 log {
 	destination = "stdout"
 	syslog_facility = "daemon"
 	localstatedir = "/usr/var"
 	logdir = "/usr/var/log"
 	file = "/app/data/radius.log"
 }
	name = "radiusd"
	prefix = "/usr"
}
[Sun Apr 26 14:39:05 UTC 2026] radiusd exited with code 0. Restarting in 2s...
[Sun Apr 26 14:39:08 UTC 2026] Launching radiusd...
main {
 log {
 	destination = "stdout"
 	syslog_facility = "daemon"
 	localstatedir = "/usr/var"
 	logdir = "/usr/var/log"
 	file = "/app/data/radius.log"
 }
	name = "radiusd"
	prefix = "/usr"
}
[Sun Apr 26 14:39:08 UTC 2026] radiusd exited with code 0. Restarting in 2s...
[Sun Apr 26 14:39:10 UTC 2026] Launching radiusd...
main {
 log {
 	destination = "stdout"
 	syslog_facility = "daemon"
 	localstatedir = "/usr/var"
 	logdir = "/usr/var/log"
 	file = "/app/data/radius.log"
 }
	name = "radiusd"
	prefix = "/usr"
}
[Sun Apr 26 14:39:10 UTC 2026] radiusd exited with code 0. Restarting in 2s...
[Sun Apr 26 14:39:12 UTC 2026] Launching radiusd...
main {
 log {
 	destination = "stdout"
 	syslog_facility = "daemon"
 	localstatedir = "/usr/var"
 	logdir = "/usr/var/log"
 	file = "/app/data/radius.log"
 }
	name = "radiusd"
	prefix = "/usr"
}
[Sun Apr 26 14:39:12 UTC 2026] radiusd exited with code 0. Restarting in 2s...
[Sun Apr 26 14:39:14 UTC 2026] Launching radiusd...
main {
 log {
 	destination = "stdout"
 	syslog_facility = "daemon"
 	localstatedir = "/usr/var"
 	logdir = "/usr/var/log"
 	file = "/app/data/radius.log"
 }
	name = "radiusd"
	prefix = "/usr"
}
[Sun Apr 26 14:39:15 UTC 2026] radiusd exited with code 0. Restarting in 2s...
[Sun Apr 26 14:39:17 UTC 2026] Launching radiusd...
main {
 log {
 	destination = "stdout"
 	syslog_facility = "daemon"
 	localstatedir = "/usr/var"
 	logdir = "/usr/var/log"
 	file = "/app/data/radius.log"
 }
	name = "radiusd"
	prefix = "/usr"
}
[Sun Apr 26 14:39:17 UTC 2026] radiusd exited with code 0. Restarting in 2s...
[Sun Apr 26 14:39:19 UTC 2026] Launching radiusd...
main {
 log {
 	destination = "stdout"
 	syslog_facility = "daemon"
 	localstatedir = "/usr/var"
 	logdir = "/usr/var/log"
 	file = "/app/data/radius.log"
 }
	name = "radiusd"
	prefix = "/usr"
}
[Sun Apr 26 14:39:19 UTC 2026] radiusd exited with code 0. Restarting in 2s...
[Sun Apr 26 14:39:21 UTC 2026] Launching radiusd...
main {
 log {
 	destination = "stdout"
 	syslog_facility = "daemon"
 	localstatedir = "/usr/var"
 	logdir = "/usr/var/log"
 	file = "/app/data/radius.log"
 }
	name = "radiusd"
	prefix = "/usr"
}
[Sun Apr 26 14:39:22 UTC 2026] radiusd exited with code 0. Restarting in 2s...
[Sun Apr 26 14:39:24 UTC 2026] Launching radiusd...
main {
 log {
 	destination = "stdout"
 	syslog_facility = "daemon"
 	localstatedir = "/usr/var"
 	logdir = "/usr/var/log"
 	file = "/app/data/radius.log"
 }
	name = "radiusd"
	prefix = "/usr"
}
[Sun Apr 26 14:39:24 UTC 2026] radiusd exited with code 0. Restarting in 2s...
[Sun Apr 26 14:39:26 UTC 2026] Launching radiusd...
main {
 log {
 	destination = "stdout"
 	syslog_facility = "daemon"
 	localstatedir = "/usr/var"
 	logdir = "/usr/var/log"
 	file = "/app/data/radius.log"
 }
	name = "radiusd"
	prefix = "/usr"
}
[Sun Apr 26 14:39:26 UTC 2026] radiusd exited with code 0. Restarting in 2s...
[Sun Apr 26 14:39:29 UTC 2026] Launching radiusd...
main {
 log {
 	destination = "stdout"
 	syslog_facility = "daemon"
 	localstatedir = "/usr/var"
 	logdir = "/usr/var/log"
 	file = "/app/data/radius.log"
 }
	name = "radiusd"
	prefix = "/usr"
}
[Sun Apr 26 14:39:29 UTC 2026] radiusd exited with code 0. Restarting in 2s...
[Sun Apr 26 14:39:31 UTC 2026] Launching radiusd...
main {
 log {
 	destination = "stdout"
 	syslog_facility = "daemon"
 	localstatedir = "/usr/var"
 	logdir = "/usr/var/log"
 	file = "/app/data/radius.log"
 }
	name = "radiusd"
	prefix = "/usr"
}
[Sun Apr 26 14:39:31 UTC 2026] radiusd exited with code 0. Restarting in 2s...
[Sun Apr 26 14:39:33 UTC 2026] Launching radiusd...
main {
 log {
 	destination = "stdout"
 	syslog_facility = "daemon"
 	localstatedir = "/usr/var"
 	logdir = "/usr/var/log"
 	file = "/app/data/radius.log"
 }
	name = "radiusd"
	prefix = "/usr"
}
[Sun Apr 26 14:39:34 UTC 2026] radiusd exited with code 0. Restarting in 2s...
[Sun Apr 26 14:39:36 UTC 2026] Launching radiusd...
main {
 log {
 	destination = "stdout"
 	syslog_facility = "daemon"
 	localstatedir = "/usr/var"
 	logdir = "/usr/var/log"
 	file = "/app/data/radius.log"
 }
	name = "radiusd"
	prefix = "/usr"
}
[Sun Apr 26 14:39:36 UTC 2026] radiusd exited with code 0. Restarting in 2s...
[Sun Apr 26 14:39:38 UTC 2026] Launching radiusd...
main {
 log {
 	destination = "stdout"
 	syslog_facility = "daemon"
 	localstatedir = "/usr/var"
 	logdir = "/usr/var/log"
 	file = "/app/data/radius.log"
 }
	name = "radiusd"
	prefix = "/usr"
}
[Sun Apr 26 14:39:39 UTC 2026] radiusd exited with code 0. Restarting in 2s...
[Sun Apr 26 14:39:41 UTC 2026] Launching radiusd...
main {
 log {
 	destination = "stdout"
 	syslog_facility = "daemon"
 	localstatedir = "/usr/var"
 	logdir = "/usr/var/log"
 	file = "/app/data/radius.log"
 }
	name = "radiusd"
	prefix = "/usr"
}
[Sun Apr 26 14:39:41 UTC 2026] radiusd exited with code 0. Restarting in 2s...
[Sun Apr 26 14:39:43 UTC 2026] Launching radiusd...
main {
 log {
 	destination = "stdout"
 	syslog_facility = "daemon"
 	localstatedir = "/usr/var"
 	logdir = "/usr/var/log"
 	file = "/app/data/radius.log"
 }
	name = "radiusd"
	prefix = "/usr"
}
[Sun Apr 26 14:39:43 UTC 2026] radiusd exited with code 0. Restarting in 2s...
[Sun Apr 26 14:39:46 UTC 2026] Launching radiusd...
main {
 log {
 	destination = "stdout"
 	syslog_facility = "daemon"
 	localstatedir = "/usr/var"
 	logdir = "/usr/var/log"
 	file = "/app/data/radius.log"
 }
	name = "radiusd"
	prefix = "/usr"
}
[Sun Apr 26 14:39:46 UTC 2026] radiusd exited with code 0. Restarting in 2s...
[Sun Apr 26 14:39:48 UTC 2026] Launching radiusd...
main {
 log {
 	destination = "stdout"
 	syslog_facility = "daemon"
 	localstatedir = "/usr/var"
 	logdir = "/usr/var/log"
 	file = "/app/data/radius.log"
 }
	name = "radiusd"
	prefix = "/usr"
}
[Sun Apr 26 14:39:48 UTC 2026] radiusd exited with code 0. Restarting in 2s...
[Sun Apr 26 14:39:50 UTC 2026] Launching radiusd...
main {
 log {
 	destination = "stdout"
 	syslog_facility = "daemon"
 	localstatedir = "/usr/var"
 	logdir = "/usr/var/log"
 	file = "/app/data/radius.log"
 }
	name = "radiusd"
	prefix = "/usr"
}
[Sun Apr 26 14:39:51 UTC 2026] radiusd exited with code 0. Restarting in 2s...
[Sun Apr 26 14:39:53 UTC 2026] Launching radiusd...
main {
 log {
 	destination = "stdout"
 	syslog_facility = "daemon"
 	localstatedir = "/usr/var"
 	logdir = "/usr/var/log"
 	file = "/app/data/radius.log"
 }
	name = "radiusd"
	prefix = "/usr"
}
[Sun Apr 26 14:39:53 UTC 2026] radiusd exited with code 0. Restarting in 2s...
[Sun Apr 26 14:39:55 UTC 2026] Launching radiusd...
main {
 log {
 	destination = "stdout"
 	syslog_facility = "daemon"
 	localstatedir = "/usr/var"
 	logdir = "/usr/var/log"
 	file = "/app/data/radius.log"
 }
	name = "radiusd"
	prefix = "/usr"
}
[Sun Apr 26 14:39:56 UTC 2026] radiusd exited with code 0. Restarting in 2s...
[Sun Apr 26 14:39:58 UTC 2026] Launching radiusd...
main {
 log {
 	destination = "stdout"
 	syslog_facility = "daemon"
 	localstatedir = "/usr/var"
 	logdir = "/usr/var/log"
 	file = "/app/data/radius.log"
 }
	name = "radiusd"
	prefix = "/usr"
}
[Sun Apr 26 14:39:58 UTC 2026] radiusd exited with code 0. Restarting in 2s...
[Sun Apr 26 14:40:00 UTC 2026] Launching radiusd...
main {
 log {
 	destination = "stdout"
 	syslog_facility = "daemon"
 	localstatedir = "/usr/var"
 	logdir = "/usr/var/log"
 	file = "/app/data/radius.log"
 }
	name = "radiusd"
	prefix = "/usr"
}
[Sun Apr 26 14:40:00 UTC 2026] radiusd exited with code 0. Restarting in 2s...
[Sun Apr 26 14:40:03 UTC 2026] Launching radiusd...
main {
 log {
 	destination = "stdout"
 	syslog_facility = "daemon"
 	localstatedir = "/usr/var"
 	logdir = "/usr/var/log"
 	file = "/app/data/radius.log"
 }
	name = "radiusd"
	prefix = "/usr"
}
[Sun Apr 26 14:40:03 UTC 2026] radiusd exited with code 0. Restarting in 2s...
[Sun Apr 26 14:40:05 UTC 2026] Launching radiusd...
main {
 log {
 	destination = "stdout"
 	syslog_facility = "daemon"
 	localstatedir = "/usr/var"
 	logdir = "/usr/var/log"
 	file = "/app/data/radius.log"
 }
	name = "radiusd"
	prefix = "/usr"
}
[Sun Apr 26 14:40:05 UTC 2026] radiusd exited with code 0. Restarting in 2s...
[Sun Apr 26 14:40:07 UTC 2026] Launching radiusd...
main {
 log {
 	destination = "stdout"
 	syslog_facility = "daemon"
 	localstatedir = "/usr/var"
 	logdir = "/usr/var/log"
 	file = "/app/data/radius.log"
 }
	name = "radiusd"
	prefix = "/usr"
}
[Sun Apr 26 14:40:08 UTC 2026] radiusd exited with code 0. Restarting in 2s...
[Sun Apr 26 14:40:10 UTC 2026] Launching radiusd...
main {
 log {
 	destination = "stdout"
 	syslog_facility = "daemon"
 	localstatedir = "/usr/var"
 	logdir = "/usr/var/log"
 	file = "/app/data/radius.log"
 }
	name = "radiusd"
	prefix = "/usr"
}
[Sun Apr 26 14:40:10 UTC 2026] radiusd exited with code 0. Restarting in 2s...
[Sun Apr 26 14:40:12 UTC 2026] Launching radiusd...
main {
 log {
 	destination = "stdout"
 	syslog_facility = "daemon"
 	localstatedir = "/usr/var"
 	logdir = "/usr/var/log"
 	file = "/app/data/radius.log"
 }
	name = "radiusd"
	prefix = "/usr"
}
[Sun Apr 26 14:40:13 UTC 2026] radiusd exited with code 0. Restarting in 2s...
[Sun Apr 26 14:40:15 UTC 2026] Launching radiusd...
main {
 log {
 	destination = "stdout"
 	syslog_facility = "daemon"
 	localstatedir = "/usr/var"
 	logdir = "/usr/var/log"
 	file = "/app/data/radius.log"
 }
	name = "radiusd"
	prefix = "/usr"
}
[Sun Apr 26 14:40:15 UTC 2026] radiusd exited with code 0. Restarting in 2s...
[Sun Apr 26 14:40:17 UTC 2026] Launching radiusd...
main {
 log {
 	destination = "stdout"
 	syslog_facility = "daemon"
 	localstatedir = "/usr/var"
 	logdir = "/usr/var/log"
 	file = "/app/data/radius.log"
 }
	name = "radiusd"
	prefix = "/usr"
}
[Sun Apr 26 14:40:17 UTC 2026] radiusd exited with code 0. Restarting in 2s...
[Sun Apr 26 14:40:20 UTC 2026] Launching radiusd...
main {
 log {
 	destination = "stdout"
 	syslog_facility = "daemon"
 	localstatedir = "/usr/var"
 	logdir = "/usr/var/log"
 	file = "/app/data/radius.log"
 }
	name = "radiusd"
	prefix = "/usr"
}
[Sun Apr 26 14:40:20 UTC 2026] radiusd exited with code 0. Restarting in 2s...
[Sun Apr 26 14:40:22 UTC 2026] Launching radiusd...
main {
 log {
 	destination = "stdout"
 	syslog_facility = "daemon"
 	localstatedir = "/usr/var"
 	logdir = "/usr/var/log"
 	file = "/app/data/radius.log"
 }
	name = "radiusd"
	prefix = "/usr"
}
[Sun Apr 26 14:40:22 UTC 2026] radiusd exited with code 0. Restarting in 2s...
[Sun Apr 26 14:40:25 UTC 2026] Launching radiusd...
main {
 log {
 	destination = "stdout"
 	syslog_facility = "daemon"
 	localstatedir = "/usr/var"
 	logdir = "/usr/var/log"
 	file = "/app/data/radius.log"
 }
	name = "radiusd"
	prefix = "/usr"
}
[Sun Apr 26 14:40:25 UTC 2026] radiusd exited with code 0. Restarting in 2s...
[Sun Apr 26 14:40:27 UTC 2026] Launching radiusd...
main {
 log {
 	destination = "stdout"
 	syslog_facility = "daemon"
 	localstatedir = "/usr/var"
 	logdir = "/usr/var/log"
 	file = "/app/data/radius.log"
 }
	name = "radiusd"
	prefix = "/usr"
}
[Sun Apr 26 14:40:27 UTC 2026] radiusd exited with code 0. Restarting in 2s...
[Sun Apr 26 14:40:29 UTC 2026] Launching radiusd...
main {
 log {
 	destination = "stdout"
 	syslog_facility = "daemon"
 	localstatedir = "/usr/var"
 	logdir = "/usr/var/log"
 	file = "/app/data/radius.log"
 }
	name = "radiusd"
	prefix = "/usr"
}
[Sun Apr 26 14:40:30 UTC 2026] radiusd exited with code 0. Restarting in 2s...
[Sun Apr 26 14:40:32 UTC 2026] Launching radiusd...
main {
 log {
 	destination = "stdout"
 	syslog_facility = "daemon"
 	localstatedir = "/usr/var"
 	logdir = "/usr/var/log"
 	file = "/app/data/radius.log"
 }
	name = "radiusd"
	prefix = "/usr"
}
[Sun Apr 26 14:40:32 UTC 2026] radiusd exited with code 0. Restarting in 2s...
[Sun Apr 26 14:40:34 UTC 2026] Launching radiusd...
main {
 log {
 	destination = "stdout"
 	syslog_facility = "daemon"
 	localstatedir = "/usr/var"
 	logdir = "/usr/var/log"
 	file = "/app/data/radius.log"
 }
	name = "radiusd"
	prefix = "/usr"
}
[Sun Apr 26 14:40:35 UTC 2026] radiusd exited with code 0. Restarting in 2s...
[Sun Apr 26 14:40:37 UTC 2026] Launching radiusd...
main {
 log {
 	destination = "stdout"
 	syslog_facility = "daemon"
 	localstatedir = "/usr/var"
 	logdir = "/usr/var/log"
 	file = "/app/data/radius.log"
 }
	name = "radiusd"
	prefix = "/usr"
}
[Sun Apr 26 14:40:37 UTC 2026] radiusd exited with code 0. Restarting in 2s...
[Sun Apr 26 14:40:39 UTC 2026] Launching radiusd...
main {
 log {
 	destination = "stdout"
 	syslog_facility = "daemon"
 	localstatedir = "/usr/var"
 	logdir = "/usr/var/log"
 	file = "/app/data/radius.log"
 }
	name = "radiusd"
	prefix = "/usr"
}
[Sun Apr 26 14:40:39 UTC 2026] radiusd exited with code 0. Restarting in 2s...
[Sun Apr 26 14:40:41 UTC 2026] Launching radiusd...
main {
 log {
 	destination = "stdout"
 	syslog_facility = "daemon"
 	localstatedir = "/usr/var"
 	logdir = "/usr/var/log"
 	file = "/app/data/radius.log"
 }
	name = "radiusd"
	prefix = "/usr"
}
[Sun Apr 26 14:40:42 UTC 2026] radiusd exited with code 0. Restarting in 2s...
[Sun Apr 26 14:40:44 UTC 2026] Launching radiusd...
main {
 log {
 	destination = "stdout"
 	syslog_facility = "daemon"
 	localstatedir = "/usr/var"
 	logdir = "/usr/var/log"
 	file = "/app/data/radius.log"
 }
	name = "radiusd"
	prefix = "/usr"
}
[Sun Apr 26 14:40:44 UTC 2026] radiusd exited with code 0. Restarting in 2s...
[Sun Apr 26 14:40:46 UTC 2026] Launching radiusd...
main {
 log {
 	destination = "stdout"
 	syslog_facility = "daemon"
 	localstatedir = "/usr/var"
 	logdir = "/usr/var/log"
 	file = "/app/data/radius.log"
 }
	name = "radiusd"
	prefix = "/usr"
}
[Sun Apr 26 14:40:47 UTC 2026] radiusd exited with code 0. Restarting in 2s...
[Sun Apr 26 14:40:49 UTC 2026] Launching radiusd...
main {
 log {
 	destination = "stdout"
 	syslog_facility = "daemon"
 	localstatedir = "/usr/var"
 	logdir = "/usr/var/log"
 	file = "/app/data/radius.log"
 }
	name = "radiusd"
	prefix = "/usr"
}
[Sun Apr 26 14:40:49 UTC 2026] radiusd exited with code 0. Restarting in 2s...
[Sun Apr 26 14:40:51 UTC 2026] Launching radiusd...
main {
 log {
 	destination = "stdout"
 	syslog_facility = "daemon"
 	localstatedir = "/usr/var"
 	logdir = "/usr/var/log"
 	file = "/app/data/radius.log"
 }
	name = "radiusd"
	prefix = "/usr"
}
[Sun Apr 26 14:40:52 UTC 2026] radiusd exited with code 0. Restarting in 2s...
[Sun Apr 26 14:40:54 UTC 2026] Launching radiusd...
main {
 log {
 	destination = "stdout"
 	syslog_facility = "daemon"
 	localstatedir = "/usr/var"
 	logdir = "/usr/var/log"
 	file = "/app/data/radius.log"
 }
	name = "radiusd"
	prefix = "/usr"
}
[Sun Apr 26 14:40:54 UTC 2026] radiusd exited with code 0. Restarting in 2s...
[Sun Apr 26 14:40:56 UTC 2026] Launching radiusd...
main {
 log {
 	destination = "stdout"
 	syslog_facility = "daemon"
 	localstatedir = "/usr/var"
 	logdir = "/usr/var/log"
 	file = "/app/data/radius.log"
 }
	name = "radiusd"
	prefix = "/usr"
}
[Sun Apr 26 14:40:56 UTC 2026] radiusd exited with code 0. Restarting in 2s...
[Sun Apr 26 14:40:58 UTC 2026] Launching radiusd...
main {
 log {
 	destination = "stdout"
 	syslog_facility = "daemon"
 	localstatedir = "/usr/var"
 	logdir = "/usr/var/log"
 	file = "/app/data/radius.log"
 }
	name = "radiusd"
	prefix = "/usr"
}
[Sun Apr 26 14:40:59 UTC 2026] radiusd exited with code 0. Restarting in 2s...
[Sun Apr 26 14:41:01 UTC 2026] Launching radiusd...
main {
 log {
 	destination = "stdout"
 	syslog_facility = "daemon"
 	localstatedir = "/usr/var"
 	logdir = "/usr/var/log"
 	file = "/app/data/radius.log"
 }
	name = "radiusd"
	prefix = "/usr"
}
[Sun Apr 26 14:41:01 UTC 2026] radiusd exited with code 0. Restarting in 2s...
[Sun Apr 26 14:41:03 UTC 2026] Launching radiusd...
main {
 log {
 	destination = "stdout"
 	syslog_facility = "daemon"
 	localstatedir = "/usr/var"
 	logdir = "/usr/var/log"
 	file = "/app/data/radius.log"
 }
	name = "radiusd"
	prefix = "/usr"
}
[Sun Apr 26 14:41:03 UTC 2026] radiusd exited with code 0. Restarting in 2s...
[Sun Apr 26 14:41:05 UTC 2026] Launching radiusd...
main {
 log {
 	destination = "stdout"
 	syslog_facility = "daemon"
 	localstatedir = "/usr/var"
 	logdir = "/usr/var/log"
 	file = "/app/data/radius.log"
 }
	name = "radiusd"
	prefix = "/usr"
}
[Sun Apr 26 14:41:06 UTC 2026] radiusd exited with code 0. Restarting in 2s...
[Sun Apr 26 14:41:08 UTC 2026] Launching radiusd...
main {
 log {
 	destination = "stdout"
 	syslog_facility = "daemon"
 	localstatedir = "/usr/var"
 	logdir = "/usr/var/log"
 	file = "/app/data/radius.log"
 }
	name = "radiusd"
	prefix = "/usr"
}
[Sun Apr 26 14:41:08 UTC 2026] radiusd exited with code 0. Restarting in 2s...
[Sun Apr 26 14:41:10 UTC 2026] Launching radiusd...
main {
 log {
 	destination = "stdout"
 	syslog_facility = "daemon"
 	localstatedir = "/usr/var"
 	logdir = "/usr/var/log"
 	file = "/app/data/radius.log"
 }
	name = "radiusd"
	prefix = "/usr"
}
[Sun Apr 26 14:41:10 UTC 2026] radiusd exited with code 0. Restarting in 2s...
[Sun Apr 26 14:41:12 UTC 2026] Launching radiusd...
main {
 log {
 	destination = "stdout"
 	syslog_facility = "daemon"
 	localstatedir = "/usr/var"
 	logdir = "/usr/var/log"
 	file = "/app/data/radius.log"
 }
	name = "radiusd"
	prefix = "/usr"
}
[Sun Apr 26 14:41:13 UTC 2026] radiusd exited with code 0. Restarting in 2s...
[Sun Apr 26 14:41:15 UTC 2026] Launching radiusd...
main {
 log {
 	destination = "stdout"
 	syslog_facility = "daemon"
 	localstatedir = "/usr/var"
 	logdir = "/usr/var/log"
 	file = "/app/data/radius.log"
 }
	name = "radiusd"
	prefix = "/usr"
}
[Sun Apr 26 14:41:15 UTC 2026] radiusd exited with code 0. Restarting in 2s...
[Sun Apr 26 14:41:17 UTC 2026] Launching radiusd...
main {
 log {
 	destination = "stdout"
 	syslog_facility = "daemon"
 	localstatedir = "/usr/var"
 	logdir = "/usr/var/log"
 	file = "/app/data/radius.log"
 }
	name = "radiusd"
	prefix = "/usr"
}
[Sun Apr 26 14:41:17 UTC 2026] radiusd exited with code 0. Restarting in 2s...
[Sun Apr 26 14:41:19 UTC 2026] Launching radiusd...
main {
 log {
 	destination = "stdout"
 	syslog_facility = "daemon"
 	localstatedir = "/usr/var"
 	logdir = "/usr/var/log"
 	file = "/app/data/radius.log"
 }
	name = "radiusd"
	prefix = "/usr"
}
[Sun Apr 26 14:41:20 UTC 2026] radiusd exited with code 0. Restarting in 2s...
[Sun Apr 26 14:41:22 UTC 2026] Launching radiusd...
main {
 log {
 	destination = "stdout"
 	syslog_facility = "daemon"
 	localstatedir = "/usr/var"
 	logdir = "/usr/var/log"
 	file = "/app/data/radius.log"
 }
	name = "radiusd"
	prefix = "/usr"
}
[Sun Apr 26 14:41:22 UTC 2026] radiusd exited with code 0. Restarting in 2s...
[Sun Apr 26 14:41:24 UTC 2026] Launching radiusd...
main {
 log {
 	destination = "stdout"
 	syslog_facility = "daemon"
 	localstatedir = "/usr/var"
 	logdir = "/usr/var/log"
 	file = "/app/data/radius.log"
 }
	name = "radiusd"
	prefix = "/usr"
}
[Sun Apr 26 14:41:24 UTC 2026] radiusd exited with code 0. Restarting in 2s...
[Sun Apr 26 14:41:26 UTC 2026] Launching radiusd...
main {
 log {
 	destination = "stdout"
 	syslog_facility = "daemon"
 	localstatedir = "/usr/var"
 	logdir = "/usr/var/log"
 	file = "/app/data/radius.log"
 }
	name = "radiusd"
	prefix = "/usr"
}
[Sun Apr 26 14:41:26 UTC 2026] radiusd exited with code 0. Restarting in 2s...
[Sun Apr 26 14:41:28 UTC 2026] Launching radiusd...
main {
 log {
 	destination = "stdout"
 	syslog_facility = "daemon"
 	localstatedir = "/usr/var"
 	logdir = "/usr/var/log"
 	file = "/app/data/radius.log"
 }
	name = "radiusd"
	prefix = "/usr"
}
[Sun Apr 26 14:41:29 UTC 2026] radiusd exited with code 0. Restarting in 2s...
[Sun Apr 26 14:41:31 UTC 2026] Launching radiusd...
main {
 log {
 	destination = "stdout"
 	syslog_facility = "daemon"
 	localstatedir = "/usr/var"
 	logdir = "/usr/var/log"
 	file = "/app/data/radius.log"
 }
	name = "radiusd"
	prefix = "/usr"
}
[Sun Apr 26 14:41:31 UTC 2026] radiusd exited with code 0. Restarting in 2s...
[Sun Apr 26 14:41:33 UTC 2026] Launching radiusd...
main {
 log {
 	destination = "stdout"
 	syslog_facility = "daemon"
 	localstatedir = "/usr/var"
 	logdir = "/usr/var/log"
 	file = "/app/data/radius.log"
 }
	name = "radiusd"
	prefix = "/usr"
}
[Sun Apr 26 14:41:33 UTC 2026] radiusd exited with code 0. Restarting in 2s...
[Sun Apr 26 14:41:35 UTC 2026] Launching radiusd...
main {
 log {
 	destination = "stdout"
 	syslog_facility = "daemon"
 	localstatedir = "/usr/var"
 	logdir = "/usr/var/log"
 	file = "/app/data/radius.log"
 }
	name = "radiusd"
	prefix = "/usr"
}
[Sun Apr 26 14:41:36 UTC 2026] radiusd exited with code 0. Restarting in 2s...
[Sun Apr 26 14:41:38 UTC 2026] Launching radiusd...
main {
 log {
 	destination = "stdout"
 	syslog_facility = "daemon"
 	localstatedir = "/usr/var"
 	logdir = "/usr/var/log"
 	file = "/app/data/radius.log"
 }
	name = "radiusd"
	prefix = "/usr"
}
[Sun Apr 26 14:41:38 UTC 2026] radiusd exited with code 0. Restarting in 2s...
[Sun Apr 26 14:41:40 UTC 2026] Launching radiusd...
main {
 log {
 	destination = "stdout"
 	syslog_facility = "daemon"
 	localstatedir = "/usr/var"
 	logdir = "/usr/var/log"
 	file = "/app/data/radius.log"
 }
	name = "radiusd"
	prefix = "/usr"
}
[Sun Apr 26 14:41:40 UTC 2026] radiusd exited with code 0. Restarting in 2s...
[Sun Apr 26 14:41:42 UTC 2026] Launching radiusd...
main {
 log {
 	destination = "stdout"
 	syslog_facility = "daemon"
 	localstatedir = "/usr/var"
 	logdir = "/usr/var/log"
 	file = "/app/data/radius.log"
 }
	name = "radiusd"
	prefix = "/usr"
}
[Sun Apr 26 14:41:43 UTC 2026] radiusd exited with code 0. Restarting in 2s...
[Sun Apr 26 14:41:45 UTC 2026] Launching radiusd...
main {
 log {
 	destination = "stdout"
 	syslog_facility = "daemon"
 	localstatedir = "/usr/var"
 	logdir = "/usr/var/log"
 	file = "/app/data/radius.log"
 }
	name = "radiusd"
	prefix = "/usr"
}
[Sun Apr 26 14:41:45 UTC 2026] radiusd exited with code 0. Restarting in 2s...
[Sun Apr 26 14:41:47 UTC 2026] Launching radiusd...
main {
 log {
 	destination = "stdout"
 	syslog_facility = "daemon"
 	localstatedir = "/usr/var"
 	logdir = "/usr/var/log"
 	file = "/app/data/radius.log"
 }
	name = "radiusd"
	prefix = "/usr"
}
[Sun Apr 26 14:41:47 UTC 2026] radiusd exited with code 0. Restarting in 2s...
[Sun Apr 26 14:41:50 UTC 2026] Launching radiusd...
main {
 log {
 	destination = "stdout"
 	syslog_facility = "daemon"
 	localstatedir = "/usr/var"
 	logdir = "/usr/var/log"
 	file = "/app/data/radius.log"
 }
	name = "radiusd"
	prefix = "/usr"
}
[Sun Apr 26 14:41:50 UTC 2026] radiusd exited with code 0. Restarting in 2s...
[Sun Apr 26 14:41:52 UTC 2026] Launching radiusd...
main {
 log {
 	destination = "stdout"
 	syslog_facility = "daemon"
 	localstatedir = "/usr/var"
 	logdir = "/usr/var/log"
 	file = "/app/data/radius.log"
 }
	name = "radiusd"
	prefix = "/usr"
}
[Sun Apr 26 14:41:52 UTC 2026] radiusd exited with code 0. Restarting in 2s...
[Sun Apr 26 14:41:55 UTC 2026] Launching radiusd...
main {
 log {
 	destination = "stdout"
 	syslog_facility = "daemon"
 	localstatedir = "/usr/var"
 	logdir = "/usr/var/log"
 	file = "/app/data/radius.log"
 }
	name = "radiusd"
	prefix = "/usr"
}
[Sun Apr 26 14:41:55 UTC 2026] radiusd exited with code 0. Restarting in 2s...
[Sun Apr 26 14:41:57 UTC 2026] Launching radiusd...
main {
 log {
 	destination = "stdout"
 	syslog_facility = "daemon"
 	localstatedir = "/usr/var"
 	logdir = "/usr/var/log"
 	file = "/app/data/radius.log"
 }
	name = "radiusd"
	prefix = "/usr"
}
[Sun Apr 26 14:41:57 UTC 2026] radiusd exited with code 0. Restarting in 2s...
[Sun Apr 26 14:42:00 UTC 2026] Launching radiusd...
main {
 log {
 	destination = "stdout"
 	syslog_facility = "daemon"
 	localstatedir = "/usr/var"
 	logdir = "/usr/var/log"
 	file = "/app/data/radius.log"
 }
	name = "radiusd"
	prefix = "/usr"
}
[Sun Apr 26 14:42:00 UTC 2026] radiusd exited with code 0. Restarting in 2s...
[Sun Apr 26 14:42:02 UTC 2026] Launching radiusd...
main {
 log {
 	destination = "stdout"
 	syslog_facility = "daemon"
 	localstatedir = "/usr/var"
 	logdir = "/usr/var/log"
 	file = "/app/data/radius.log"
 }
	name = "radiusd"
	prefix = "/usr"
}
[Sun Apr 26 14:42:02 UTC 2026] radiusd exited with code 0. Restarting in 2s...
[Sun Apr 26 14:42:04 UTC 2026] Launching radiusd...
main {
 log {
 	destination = "stdout"
 	syslog_facility = "daemon"
 	localstatedir = "/usr/var"
 	logdir = "/usr/var/log"
 	file = "/app/data/radius.log"
 }
	name = "radiusd"
	prefix = "/usr"
}
[Sun Apr 26 14:42:05 UTC 2026] radiusd exited with code 0. Restarting in 2s...
[Sun Apr 26 14:42:07 UTC 2026] Launching radiusd...
main {
 log {
 	destination = "stdout"
 	syslog_facility = "daemon"
 	localstatedir = "/usr/var"
 	logdir = "/usr/var/log"
 	file = "/app/data/radius.log"
 }
	name = "radiusd"
	prefix = "/usr"
}
[Sun Apr 26 14:42:07 UTC 2026] radiusd exited with code 0. Restarting in 2s...
[Sun Apr 26 14:42:09 UTC 2026] Launching radiusd...
main {
 log {
 	destination = "stdout"
 	syslog_facility = "daemon"
 	localstatedir = "/usr/var"
 	logdir = "/usr/var/log"
 	file = "/app/data/radius.log"
 }
	name = "radiusd"
	prefix = "/usr"
}
[Sun Apr 26 14:42:09 UTC 2026] radiusd exited with code 0. Restarting in 2s...
[Sun Apr 26 14:42:11 UTC 2026] Launching radiusd...
main {
 log {
 	destination = "stdout"
 	syslog_facility = "daemon"
 	localstatedir = "/usr/var"
 	logdir = "/usr/var/log"
 	file = "/app/data/radius.log"
 }
	name = "radiusd"
	prefix = "/usr"
}
[Sun Apr 26 14:42:12 UTC 2026] radiusd exited with code 0. Restarting in 2s...
[Sun Apr 26 14:42:14 UTC 2026] Launching radiusd...
main {
 log {
 	destination = "stdout"
 	syslog_facility = "daemon"
 	localstatedir = "/usr/var"
 	logdir = "/usr/var/log"
 	file = "/app/data/radius.log"
 }
	name = "radiusd"
	prefix = "/usr"
}
[Sun Apr 26 14:42:14 UTC 2026] radiusd exited with code 0. Restarting in 2s...
[Sun Apr 26 14:42:16 UTC 2026] Launching radiusd...
main {
 log {
 	destination = "stdout"
 	syslog_facility = "daemon"
 	localstatedir = "/usr/var"
 	logdir = "/usr/var/log"
 	file = "/app/data/radius.log"
 }
	name = "radiusd"
	prefix = "/usr"
}
[Sun Apr 26 14:42:16 UTC 2026] radiusd exited with code 0. Restarting in 2s...
[Sun Apr 26 14:42:18 UTC 2026] Launching radiusd...
main {
 log {
 	destination = "stdout"
 	syslog_facility = "daemon"
 	localstatedir = "/usr/var"
 	logdir = "/usr/var/log"
 	file = "/app/data/radius.log"
 }
	name = "radiusd"
	prefix = "/usr"
}
[Sun Apr 26 14:42:19 UTC 2026] radiusd exited with code 0. Restarting in 2s...
[Sun Apr 26 14:42:21 UTC 2026] Launching radiusd...
main {
 log {
 	destination = "stdout"
 	syslog_facility = "daemon"
 	localstatedir = "/usr/var"
 	logdir = "/usr/var/log"
 	file = "/app/data/radius.log"
 }
	name = "radiusd"
	prefix = "/usr"
}
[Sun Apr 26 14:42:21 UTC 2026] radiusd exited with code 0. Restarting in 2s...
[Sun Apr 26 14:42:23 UTC 2026] Launching radiusd...
main {
 log {
 	destination = "stdout"
 	syslog_facility = "daemon"
 	localstatedir = "/usr/var"
 	logdir = "/usr/var/log"
 	file = "/app/data/radius.log"
 }
	name = "radiusd"
	prefix = "/usr"
}
[Sun Apr 26 14:42:24 UTC 2026] radiusd exited with code 0. Restarting in 2s...
[Sun Apr 26 14:42:26 UTC 2026] Launching radiusd...
main {
 log {
 	destination = "stdout"
 	syslog_facility = "daemon"
 	localstatedir = "/usr/var"
 	logdir = "/usr/var/log"
 	file = "/app/data/radius.log"
 }
	name = "radiusd"
	prefix = "/usr"
}
[Sun Apr 26 14:42:26 UTC 2026] radiusd exited with code 0. Restarting in 2s...
[Sun Apr 26 14:42:28 UTC 2026] Launching radiusd...
main {
 log {
 	destination = "stdout"
 	syslog_facility = "daemon"
 	localstatedir = "/usr/var"
 	logdir = "/usr/var/log"
 	file = "/app/data/radius.log"
 }
	name = "radiusd"
	prefix = "/usr"
}
[Sun Apr 26 14:42:29 UTC 2026] radiusd exited with code 0. Restarting in 2s...
[Sun Apr 26 14:42:31 UTC 2026] Launching radiusd...
main {
 log {
 	destination = "stdout"
 	syslog_facility = "daemon"
 	localstatedir = "/usr/var"
 	logdir = "/usr/var/log"
 	file = "/app/data/radius.log"
 }
	name = "radiusd"
	prefix = "/usr"
}
[Sun Apr 26 14:42:31 UTC 2026] radiusd exited with code 0. Restarting in 2s...
[Sun Apr 26 14:42:33 UTC 2026] Launching radiusd...
main {
 log {
 	destination = "stdout"
 	syslog_facility = "daemon"
 	localstatedir = "/usr/var"
 	logdir = "/usr/var/log"
 	file = "/app/data/radius.log"
 }
	name = "radiusd"
	prefix = "/usr"
}
[Sun Apr 26 14:42:33 UTC 2026] radiusd exited with code 0. Restarting in 2s...
[Sun Apr 26 14:42:35 UTC 2026] Launching radiusd...
main {
 log {
 	destination = "stdout"
 	syslog_facility = "daemon"
 	localstatedir = "/usr/var"
 	logdir = "/usr/var/log"
 	file = "/app/data/radius.log"
 }
	name = "radiusd"
	prefix = "/usr"
}
[Sun Apr 26 14:42:36 UTC 2026] radiusd exited with code 0. Restarting in 2s...
[Sun Apr 26 14:42:38 UTC 2026] Launching radiusd...
main {
 log {
 	destination = "stdout"
 	syslog_facility = "daemon"
 	localstatedir = "/usr/var"
 	logdir = "/usr/var/log"
 	file = "/app/data/radius.log"
 }
	name = "radiusd"
	prefix = "/usr"
}
[Sun Apr 26 14:42:38 UTC 2026] radiusd exited with code 0. Restarting in 2s...
[Sun Apr 26 14:42:40 UTC 2026] Launching radiusd...
main {
 log {
 	destination = "stdout"
 	syslog_facility = "daemon"
 	localstatedir = "/usr/var"
 	logdir = "/usr/var/log"
 	file = "/app/data/radius.log"
 }
	name = "radiusd"
	prefix = "/usr"
}
[Sun Apr 26 14:42:40 UTC 2026] radiusd exited with code 0. Restarting in 2s...
[Sun Apr 26 14:42:43 UTC 2026] Launching radiusd...
main {
 log {
 	destination = "stdout"
 	syslog_facility = "daemon"
 	localstatedir = "/usr/var"
 	logdir = "/usr/var/log"
 	file = "/app/data/radius.log"
 }
	name = "radiusd"
	prefix = "/usr"
}
[Sun Apr 26 14:42:43 UTC 2026] radiusd exited with code 0. Restarting in 2s...
[Sun Apr 26 14:42:45 UTC 2026] Launching radiusd...
main {
 log {
 	destination = "stdout"
 	syslog_facility = "daemon"
 	localstatedir = "/usr/var"
 	logdir = "/usr/var/log"
 	file = "/app/data/radius.log"
 }
	name = "radiusd"
	prefix = "/usr"
}
[Sun Apr 26 14:42:45 UTC 2026] radiusd exited with code 0. Restarting in 2s...
[Sun Apr 26 14:42:47 UTC 2026] Launching radiusd...
main {
 log {
 	destination = "stdout"
 	syslog_facility = "daemon"
 	localstatedir = "/usr/var"
 	logdir = "/usr/var/log"
 	file = "/app/data/radius.log"
 }
	name = "radiusd"
	prefix = "/usr"
}
[Sun Apr 26 14:42:48 UTC 2026] radiusd exited with code 0. Restarting in 2s...
[Sun Apr 26 14:42:50 UTC 2026] Launching radiusd...
main {
 log {
 	destination = "stdout"
 	syslog_facility = "daemon"
 	localstatedir = "/usr/var"
 	logdir = "/usr/var/log"
 	file = "/app/data/radius.log"
 }
	name = "radiusd"
	prefix = "/usr"
}
[Sun Apr 26 14:42:50 UTC 2026] radiusd exited with code 0. Restarting in 2s...
[Sun Apr 26 14:42:52 UTC 2026] Launching radiusd...
main {
 log {
 	destination = "stdout"
 	syslog_facility = "daemon"
 	localstatedir = "/usr/var"
 	logdir = "/usr/var/log"
 	file = "/app/data/radius.log"
 }
	name = "radiusd"
	prefix = "/usr"
}
[Sun Apr 26 14:42:52 UTC 2026] radiusd exited with code 0. Restarting in 2s...
[Sun Apr 26 14:42:54 UTC 2026] Launching radiusd...
main {
 log {
 	destination = "stdout"
 	syslog_facility = "daemon"
 	localstatedir = "/usr/var"
 	logdir = "/usr/var/log"
 	file = "/app/data/radius.log"
 }
	name = "radiusd"
	prefix = "/usr"
}
[Sun Apr 26 14:42:55 UTC 2026] radiusd exited with code 0. Restarting in 2s...
[Sun Apr 26 14:42:57 UTC 2026] Launching radiusd...
main {
 log {
 	destination = "stdout"
 	syslog_facility = "daemon"
 	localstatedir = "/usr/var"
 	logdir = "/usr/var/log"
 	file = "/app/data/radius.log"
 }
	name = "radiusd"
	prefix = "/usr"
}
[Sun Apr 26 14:42:57 UTC 2026] radiusd exited with code 0. Restarting in 2s...
[Sun Apr 26 14:42:59 UTC 2026] Launching radiusd...
main {
 log {
 	destination = "stdout"
 	syslog_facility = "daemon"
 	localstatedir = "/usr/var"
 	logdir = "/usr/var/log"
 	file = "/app/data/radius.log"
 }
	name = "radiusd"
	prefix = "/usr"
}
[Sun Apr 26 14:42:59 UTC 2026] radiusd exited with code 0. Restarting in 2s...
[Sun Apr 26 14:43:01 UTC 2026] Launching radiusd...
main {
 log {
 	destination = "stdout"
 	syslog_facility = "daemon"
 	localstatedir = "/usr/var"
 	logdir = "/usr/var/log"
 	file = "/app/data/radius.log"
 }
	name = "radiusd"
	prefix = "/usr"
}
[Sun Apr 26 14:43:02 UTC 2026] radiusd exited with code 0. Restarting in 2s...
[Sun Apr 26 14:43:04 UTC 2026] Launching radiusd...
main {
 log {
 	destination = "stdout"
 	syslog_facility = "daemon"
 	localstatedir = "/usr/var"
 	logdir = "/usr/var/log"
 	file = "/app/data/radius.log"
 }
	name = "radiusd"
	prefix = "/usr"
}
[Sun Apr 26 14:43:04 UTC 2026] radiusd exited with code 0. Restarting in 2s...
[Sun Apr 26 14:43:06 UTC 2026] Launching radiusd...
main {
 log {
 	destination = "stdout"
 	syslog_facility = "daemon"
 	localstatedir = "/usr/var"
 	logdir = "/usr/var/log"
 	file = "/app/data/radius.log"
 }
	name = "radiusd"
	prefix = "/usr"
}
[Sun Apr 26 14:43:07 UTC 2026] radiusd exited with code 0. Restarting in 2s...
[Sun Apr 26 14:43:09 UTC 2026] Launching radiusd...
main {
 log {
 	destination = "stdout"
 	syslog_facility = "daemon"
 	localstatedir = "/usr/var"
 	logdir = "/usr/var/log"
 	file = "/app/data/radius.log"
 }
	name = "radiusd"
	prefix = "/usr"
}
[Sun Apr 26 14:43:09 UTC 2026] radiusd exited with code 0. Restarting in 2s...
[Sun Apr 26 14:43:11 UTC 2026] Launching radiusd...
main {
 log {
 	destination = "stdout"
 	syslog_facility = "daemon"
 	localstatedir = "/usr/var"
 	logdir = "/usr/var/log"
 	file = "/app/data/radius.log"
 }
	name = "radiusd"
	prefix = "/usr"
}
[Sun Apr 26 14:43:11 UTC 2026] radiusd exited with code 0. Restarting in 2s...
[Sun Apr 26 14:43:14 UTC 2026] Launching radiusd...
main {
 log {
 	destination = "stdout"
 	syslog_facility = "daemon"
 	localstatedir = "/usr/var"
 	logdir = "/usr/var/log"
 	file = "/app/data/radius.log"
 }
	name = "radiusd"
	prefix = "/usr"
}
[Sun Apr 26 14:43:14 UTC 2026] radiusd exited with code 0. Restarting in 2s...
[Sun Apr 26 14:43:16 UTC 2026] Launching radiusd...
main {
 log {
 	destination = "stdout"
 	syslog_facility = "daemon"
 	localstatedir = "/usr/var"
 	logdir = "/usr/var/log"
 	file = "/app/data/radius.log"
 }
	name = "radiusd"
	prefix = "/usr"
}
[Sun Apr 26 14:43:16 UTC 2026] radiusd exited with code 0. Restarting in 2s...
[Sun Apr 26 14:43:18 UTC 2026] Launching radiusd...
main {
 log {
 	destination = "stdout"
 	syslog_facility = "daemon"
 	localstatedir = "/usr/var"
 	logdir = "/usr/var/log"
 	file = "/app/data/radius.log"
 }
	name = "radiusd"
	prefix = "/usr"
}
[Sun Apr 26 14:43:19 UTC 2026] radiusd exited with code 0. Restarting in 2s...
[Sun Apr 26 14:43:21 UTC 2026] Launching radiusd...
main {
 log {
 	destination = "stdout"
 	syslog_facility = "daemon"
 	localstatedir = "/usr/var"
 	logdir = "/usr/var/log"
 	file = "/app/data/radius.log"
 }
	name = "radiusd"
	prefix = "/usr"
}
[Sun Apr 26 14:43:21 UTC 2026] radiusd exited with code 0. Restarting in 2s...
[Sun Apr 26 14:43:23 UTC 2026] Launching radiusd...
main {
 log {
 	destination = "stdout"
 	syslog_facility = "daemon"
 	localstatedir = "/usr/var"
 	logdir = "/usr/var/log"
 	file = "/app/data/radius.log"
 }
	name = "radiusd"
	prefix = "/usr"
}
[Sun Apr 26 14:43:24 UTC 2026] radiusd exited with code 0. Restarting in 2s...
[Sun Apr 26 14:43:26 UTC 2026] Launching radiusd...
main {
 log {
 	destination = "stdout"
 	syslog_facility = "daemon"
 	localstatedir = "/usr/var"
 	logdir = "/usr/var/log"
 	file = "/app/data/radius.log"
 }
	name = "radiusd"
	prefix = "/usr"
}
[Sun Apr 26 14:43:26 UTC 2026] radiusd exited with code 0. Restarting in 2s...
[Sun Apr 26 14:43:28 UTC 2026] Launching radiusd...
main {
 log {
 	destination = "stdout"
 	syslog_facility = "daemon"
 	localstatedir = "/usr/var"
 	logdir = "/usr/var/log"
 	file = "/app/data/radius.log"
 }
	name = "radiusd"
	prefix = "/usr"
}
[Sun Apr 26 14:43:29 UTC 2026] radiusd exited with code 0. Restarting in 2s...
[Sun Apr 26 14:43:31 UTC 2026] Launching radiusd...
main {
 log {
 	destination = "stdout"
 	syslog_facility = "daemon"
 	localstatedir = "/usr/var"
 	logdir = "/usr/var/log"
 	file = "/app/data/radius.log"
 }
	name = "radiusd"
	prefix = "/usr"
}
[Sun Apr 26 14:43:31 UTC 2026] radiusd exited with code 0. Restarting in 2s...
[Sun Apr 26 14:43:33 UTC 2026] Launching radiusd...
main {
 log {
 	destination = "stdout"
 	syslog_facility = "daemon"
 	localstatedir = "/usr/var"
 	logdir = "/usr/var/log"
 	file = "/app/data/radius.log"
 }
	name = "radiusd"
	prefix = "/usr"
}
[Sun Apr 26 14:43:34 UTC 2026] radiusd exited with code 0. Restarting in 2s...
[Sun Apr 26 14:43:36 UTC 2026] Launching radiusd...
main {
 log {
 	destination = "stdout"
 	syslog_facility = "daemon"
 	localstatedir = "/usr/var"
 	logdir = "/usr/var/log"
 	file = "/app/data/radius.log"
 }
	name = "radiusd"
	prefix = "/usr"
}
[Sun Apr 26 14:43:36 UTC 2026] radiusd exited with code 0. Restarting in 2s...
[Sun Apr 26 14:43:38 UTC 2026] Launching radiusd...
main {
 log {
 	destination = "stdout"
 	syslog_facility = "daemon"
 	localstatedir = "/usr/var"
 	logdir = "/usr/var/log"
 	file = "/app/data/radius.log"
 }
	name = "radiusd"
	prefix = "/usr"
}
[Sun Apr 26 14:43:39 UTC 2026] radiusd exited with code 0. Restarting in 2s...
[Sun Apr 26 14:43:41 UTC 2026] Launching radiusd...
main {
 log {
 	destination = "stdout"
 	syslog_facility = "daemon"
 	localstatedir = "/usr/var"
 	logdir = "/usr/var/log"
 	file = "/app/data/radius.log"
 }
	name = "radiusd"
	prefix = "/usr"
}
[Sun Apr 26 14:43:41 UTC 2026] radiusd exited with code 0. Restarting in 2s...
[Sun Apr 26 14:43:43 UTC 2026] Launching radiusd...
main {
 log {
 	destination = "stdout"
 	syslog_facility = "daemon"
 	localstatedir = "/usr/var"
 	logdir = "/usr/var/log"
 	file = "/app/data/radius.log"
 }
	name = "radiusd"
	prefix = "/usr"
}
[Sun Apr 26 14:43:43 UTC 2026] radiusd exited with code 0. Restarting in 2s...
[Sun Apr 26 14:43:45 UTC 2026] Launching radiusd...
main {
 log {
 	destination = "stdout"
 	syslog_facility = "daemon"
 	localstatedir = "/usr/var"
 	logdir = "/usr/var/log"
 	file = "/app/data/radius.log"
 }
	name = "radiusd"
	prefix = "/usr"
}
[Sun Apr 26 14:43:46 UTC 2026] radiusd exited with code 0. Restarting in 2s...
[Sun Apr 26 14:43:48 UTC 2026] Launching radiusd...
main {
 log {
 	destination = "stdout"
 	syslog_facility = "daemon"
 	localstatedir = "/usr/var"
 	logdir = "/usr/var/log"
 	file = "/app/data/radius.log"
 }
	name = "radiusd"
	prefix = "/usr"
}
[Sun Apr 26 14:43:48 UTC 2026] radiusd exited with code 0. Restarting in 2s...
[Sun Apr 26 14:43:50 UTC 2026] Launching radiusd...
main {
 log {
 	destination = "stdout"
 	syslog_facility = "daemon"
 	localstatedir = "/usr/var"
 	logdir = "/usr/var/log"
 	file = "/app/data/radius.log"
 }
	name = "radiusd"
	prefix = "/usr"
}
[Sun Apr 26 14:43:51 UTC 2026] radiusd exited with code 0. Restarting in 2s...
[Sun Apr 26 14:43:53 UTC 2026] Launching radiusd...
main {
 log {
 	destination = "stdout"
 	syslog_facility = "daemon"
 	localstatedir = "/usr/var"
 	logdir = "/usr/var/log"
 	file = "/app/data/radius.log"
 }
	name = "radiusd"
	prefix = "/usr"
}
[Sun Apr 26 14:43:53 UTC 2026] radiusd exited with code 0. Restarting in 2s...
[Sun Apr 26 14:43:55 UTC 2026] Launching radiusd...
main {
 log {
 	destination = "stdout"
 	syslog_facility = "daemon"
 	localstatedir = "/usr/var"
 	logdir = "/usr/var/log"
 	file = "/app/data/radius.log"
 }
	name = "radiusd"
	prefix = "/usr"
}
[Sun Apr 26 14:43:56 UTC 2026] radiusd exited with code 0. Restarting in 2s...
[Sun Apr 26 14:43:58 UTC 2026] Launching radiusd...
main {
 log {
 	destination = "stdout"
 	syslog_facility = "daemon"
 	localstatedir = "/usr/var"
 	logdir = "/usr/var/log"
 	file = "/app/data/radius.log"
 }
	name = "radiusd"
	prefix = "/usr"
}
[Sun Apr 26 14:43:58 UTC 2026] radiusd exited with code 0. Restarting in 2s...
[Sun Apr 26 14:44:00 UTC 2026] Launching radiusd...
main {
 log {
 	destination = "stdout"
 	syslog_facility = "daemon"
 	localstatedir = "/usr/var"
 	logdir = "/usr/var/log"
 	file = "/app/data/radius.log"
 }
	name = "radiusd"
	prefix = "/usr"
}
[Sun Apr 26 14:44:00 UTC 2026] radiusd exited with code 0. Restarting in 2s...
[Sun Apr 26 14:44:02 UTC 2026] Launching radiusd...
main {
 log {
 	destination = "stdout"
 	syslog_facility = "daemon"
 	localstatedir = "/usr/var"
 	logdir = "/usr/var/log"
 	file = "/app/data/radius.log"
 }
	name = "radiusd"
	prefix = "/usr"
}
[Sun Apr 26 14:44:04 UTC 2026] radiusd exited with code 0. Restarting in 2s...
[Sun Apr 26 14:44:06 UTC 2026] Launching radiusd...
main {
 log {
 	destination = "stdout"
 	syslog_facility = "daemon"
 	localstatedir = "/usr/var"
 	logdir = "/usr/var/log"
 	file = "/app/data/radius.log"
 }
	name = "radiusd"
	prefix = "/usr"
}
[Sun Apr 26 14:44:06 UTC 2026] radiusd exited with code 0. Restarting in 2s...
[Sun Apr 26 14:44:08 UTC 2026] Launching radiusd...
main {
 log {
 	destination = "stdout"
 	syslog_facility = "daemon"
 	localstatedir = "/usr/var"
 	logdir = "/usr/var/log"
 	file = "/app/data/radius.log"
 }
	name = "radiusd"
	prefix = "/usr"
}
[Sun Apr 26 14:44:08 UTC 2026] radiusd exited with code 0. Restarting in 2s...
[Sun Apr 26 14:44:10 UTC 2026] Launching radiusd...
main {
 log {
 	destination = "stdout"
 	syslog_facility = "daemon"
 	localstatedir = "/usr/var"
 	logdir = "/usr/var/log"
 	file = "/app/data/radius.log"
 }
	name = "radiusd"
	prefix = "/usr"
}
[Sun Apr 26 14:44:11 UTC 2026] radiusd exited with code 0. Restarting in 2s...
[Sun Apr 26 14:44:13 UTC 2026] Launching radiusd...
main {
 log {
 	destination = "stdout"
 	syslog_facility = "daemon"
 	localstatedir = "/usr/var"
 	logdir = "/usr/var/log"
 	file = "/app/data/radius.log"
 }
	name = "radiusd"
	prefix = "/usr"
}
[Sun Apr 26 14:44:13 UTC 2026] radiusd exited with code 0. Restarting in 2s...
[Sun Apr 26 14:44:15 UTC 2026] Launching radiusd...
main {
 log {
 	destination = "stdout"
 	syslog_facility = "daemon"
 	localstatedir = "/usr/var"
 	logdir = "/usr/var/log"
 	file = "/app/data/radius.log"
 }
	name = "radiusd"
	prefix = "/usr"
}
[Sun Apr 26 14:44:16 UTC 2026] radiusd exited with code 0. Restarting in 2s...
[Sun Apr 26 14:44:18 UTC 2026] Launching radiusd...
main {
 log {
 	destination = "stdout"
 	syslog_facility = "daemon"
 	localstatedir = "/usr/var"
 	logdir = "/usr/var/log"
 	file = "/app/data/radius.log"
 }
	name = "radiusd"
	prefix = "/usr"
}
[Sun Apr 26 14:44:18 UTC 2026] radiusd exited with code 0. Restarting in 2s...
[Sun Apr 26 14:44:20 UTC 2026] Launching radiusd...
main {
 log {
 	destination = "stdout"
 	syslog_facility = "daemon"
 	localstatedir = "/usr/var"
 	logdir = "/usr/var/log"
 	file = "/app/data/radius.log"
 }
	name = "radiusd"
	prefix = "/usr"
}
[Sun Apr 26 14:44:20 UTC 2026] radiusd exited with code 0. Restarting in 2s...
[Sun Apr 26 14:44:22 UTC 2026] Launching radiusd...
main {
 log {
 	destination = "stdout"
 	syslog_facility = "daemon"
 	localstatedir = "/usr/var"
 	logdir = "/usr/var/log"
 	file = "/app/data/radius.log"
 }
	name = "radiusd"
	prefix = "/usr"
}
[Sun Apr 26 14:44:23 UTC 2026] radiusd exited with code 0. Restarting in 2s...
[Sun Apr 26 14:44:25 UTC 2026] Launching radiusd...
main {
 log {
 	destination = "stdout"
 	syslog_facility = "daemon"
 	localstatedir = "/usr/var"
 	logdir = "/usr/var/log"
 	file = "/app/data/radius.log"
 }
	name = "radiusd"
	prefix = "/usr"
}
[Sun Apr 26 14:44:25 UTC 2026] radiusd exited with code 0. Restarting in 2s...
[Sun Apr 26 14:44:27 UTC 2026] Launching radiusd...
main {
 log {
 	destination = "stdout"
 	syslog_facility = "daemon"
 	localstatedir = "/usr/var"
 	logdir = "/usr/var/log"
 	file = "/app/data/radius.log"
 }
	name = "radiusd"
	prefix = "/usr"
}
[Sun Apr 26 14:44:27 UTC 2026] radiusd exited with code 0. Restarting in 2s...
[Sun Apr 26 14:44:30 UTC 2026] Launching radiusd...
main {
 log {
 	destination = "stdout"
 	syslog_facility = "daemon"
 	localstatedir = "/usr/var"
 	logdir = "/usr/var/log"
 	file = "/app/data/radius.log"
 }
	name = "radiusd"
	prefix = "/usr"
}
[Sun Apr 26 14:44:30 UTC 2026] radiusd exited with code 0. Restarting in 2s...
[Sun Apr 26 14:44:32 UTC 2026] Launching radiusd...
main {
 log {
 	destination = "stdout"
 	syslog_facility = "daemon"
 	localstatedir = "/usr/var"
 	logdir = "/usr/var/log"
 	file = "/app/data/radius.log"
 }
	name = "radiusd"
	prefix = "/usr"
}
[Sun Apr 26 14:44:32 UTC 2026] radiusd exited with code 0. Restarting in 2s...
[Sun Apr 26 14:44:34 UTC 2026] Launching radiusd...
main {
 log {
 	destination = "stdout"
 	syslog_facility = "daemon"
 	localstatedir = "/usr/var"
 	logdir = "/usr/var/log"
 	file = "/app/data/radius.log"
 }
	name = "radiusd"
	prefix = "/usr"
}
[Sun Apr 26 14:44:35 UTC 2026] radiusd exited with code 0. Restarting in 2s...
[Sun Apr 26 14:44:37 UTC 2026] Launching radiusd...
main {
 log {
 	destination = "stdout"
 	syslog_facility = "daemon"
 	localstatedir = "/usr/var"
 	logdir = "/usr/var/log"
 	file = "/app/data/radius.log"
 }
	name = "radiusd"
	prefix = "/usr"
}
[Sun Apr 26 14:44:37 UTC 2026] radiusd exited with code 0. Restarting in 2s...
[Sun Apr 26 14:44:39 UTC 2026] Launching radiusd...
main {
 log {
 	destination = "stdout"
 	syslog_facility = "daemon"
 	localstatedir = "/usr/var"
 	logdir = "/usr/var/log"
 	file = "/app/data/radius.log"
 }
	name = "radiusd"
	prefix = "/usr"
}
[Sun Apr 26 14:44:39 UTC 2026] radiusd exited with code 0. Restarting in 2s...
[Sun Apr 26 14:44:41 UTC 2026] Launching radiusd...
main {
 log {
 	destination = "stdout"
 	syslog_facility = "daemon"
 	localstatedir = "/usr/var"
 	logdir = "/usr/var/log"
 	file = "/app/data/radius.log"
 }
	name = "radiusd"
	prefix = "/usr"
}
[Sun Apr 26 14:44:41 UTC 2026] radiusd exited with code 0. Restarting in 2s...
[Sun Apr 26 14:44:44 UTC 2026] Launching radiusd...
main {
 log {
 	destination = "stdout"
 	syslog_facility = "daemon"
 	localstatedir = "/usr/var"
 	logdir = "/usr/var/log"
 	file = "/app/data/radius.log"
 }
	name = "radiusd"
	prefix = "/usr"
}
[Sun Apr 26 14:44:44 UTC 2026] radiusd exited with code 0. Restarting in 2s...
[Sun Apr 26 14:44:46 UTC 2026] Launching radiusd...
main {
 log {
 	destination = "stdout"
 	syslog_facility = "daemon"
 	localstatedir = "/usr/var"
 	logdir = "/usr/var/log"
 	file = "/app/data/radius.log"
 }
	name = "radiusd"
	prefix = "/usr"
}
[Sun Apr 26 14:44:46 UTC 2026] radiusd exited with code 0. Restarting in 2s...
[Sun Apr 26 14:44:48 UTC 2026] Launching radiusd...
main {
 log {
 	destination = "stdout"
 	syslog_facility = "daemon"
 	localstatedir = "/usr/var"
 	logdir = "/usr/var/log"
 	file = "/app/data/radius.log"
 }
	name = "radiusd"
	prefix = "/usr"
}
[Sun Apr 26 14:44:49 UTC 2026] radiusd exited with code 0. Restarting in 2s...
[Sun Apr 26 14:44:51 UTC 2026] Launching radiusd...
main {
 log {
 	destination = "stdout"
 	syslog_facility = "daemon"
 	localstatedir = "/usr/var"
 	logdir = "/usr/var/log"
 	file = "/app/data/radius.log"
 }
	name = "radiusd"
	prefix = "/usr"
}
[Sun Apr 26 14:44:51 UTC 2026] radiusd exited with code 0. Restarting in 2s...
[Sun Apr 26 14:44:53 UTC 2026] Launching radiusd...
main {
 log {
 	destination = "stdout"
 	syslog_facility = "daemon"
 	localstatedir = "/usr/var"
 	logdir = "/usr/var/log"
 	file = "/app/data/radius.log"
 }
	name = "radiusd"
	prefix = "/usr"
}
[Sun Apr 26 14:44:53 UTC 2026] radiusd exited with code 0. Restarting in 2s...
[Sun Apr 26 14:44:55 UTC 2026] Launching radiusd...
main {
 log {
 	destination = "stdout"
 	syslog_facility = "daemon"
 	localstatedir = "/usr/var"
 	logdir = "/usr/var/log"
 	file = "/app/data/radius.log"
 }
	name = "radiusd"
	prefix = "/usr"
}
[Sun Apr 26 14:44:56 UTC 2026] radiusd exited with code 0. Restarting in 2s...
[Sun Apr 26 14:44:58 UTC 2026] Launching radiusd...
main {
 log {
 	destination = "stdout"
 	syslog_facility = "daemon"
 	localstatedir = "/usr/var"
 	logdir = "/usr/var/log"
 	file = "/app/data/radius.log"
 }
	name = "radiusd"
	prefix = "/usr"
}
[Sun Apr 26 14:44:59 UTC 2026] radiusd exited with code 0. Restarting in 2s...
[Sun Apr 26 14:45:01 UTC 2026] Launching radiusd...
main {
 log {
 	destination = "stdout"
 	syslog_facility = "daemon"
 	localstatedir = "/usr/var"
 	logdir = "/usr/var/log"
 	file = "/app/data/radius.log"
 }
	name = "radiusd"
	prefix = "/usr"
}
[Sun Apr 26 14:45:01 UTC 2026] radiusd exited with code 0. Restarting in 2s...
[Sun Apr 26 14:45:03 UTC 2026] Launching radiusd...
main {
 log {
 	destination = "stdout"
 	syslog_facility = "daemon"
 	localstatedir = "/usr/var"
 	logdir = "/usr/var/log"
 	file = "/app/data/radius.log"
 }
	name = "radiusd"
	prefix = "/usr"
}
[Sun Apr 26 14:45:03 UTC 2026] radiusd exited with code 0. Restarting in 2s...
[Sun Apr 26 14:45:05 UTC 2026] Launching radiusd...
main {
 log {
 	destination = "stdout"
 	syslog_facility = "daemon"
 	localstatedir = "/usr/var"
 	logdir = "/usr/var/log"
 	file = "/app/data/radius.log"
 }
	name = "radiusd"
	prefix = "/usr"
}
[Sun Apr 26 14:45:06 UTC 2026] radiusd exited with code 0. Restarting in 2s...
[Sun Apr 26 14:45:08 UTC 2026] Launching radiusd...
main {
 log {
 	destination = "stdout"
 	syslog_facility = "daemon"
 	localstatedir = "/usr/var"
 	logdir = "/usr/var/log"
 	file = "/app/data/radius.log"
 }
	name = "radiusd"
	prefix = "/usr"
}
[Sun Apr 26 14:45:08 UTC 2026] radiusd exited with code 0. Restarting in 2s...
[Sun Apr 26 14:45:10 UTC 2026] Launching radiusd...
main {
 log {
 	destination = "stdout"
 	syslog_facility = "daemon"
 	localstatedir = "/usr/var"
 	logdir = "/usr/var/log"
 	file = "/app/data/radius.log"
 }
	name = "radiusd"
	prefix = "/usr"
}
[Sun Apr 26 14:45:11 UTC 2026] radiusd exited with code 0. Restarting in 2s...
[Sun Apr 26 14:45:13 UTC 2026] Launching radiusd...
main {
 log {
 	destination = "stdout"
 	syslog_facility = "daemon"
 	localstatedir = "/usr/var"
 	logdir = "/usr/var/log"
 	file = "/app/data/radius.log"
 }
	name = "radiusd"
	prefix = "/usr"
}
[Sun Apr 26 14:45:13 UTC 2026] radiusd exited with code 0. Restarting in 2s...
[Sun Apr 26 14:45:15 UTC 2026] Launching radiusd...
main {
 log {
 	destination = "stdout"
 	syslog_facility = "daemon"
 	localstatedir = "/usr/var"
 	logdir = "/usr/var/log"
 	file = "/app/data/radius.log"
 }
	name = "radiusd"
	prefix = "/usr"
}
[Sun Apr 26 14:45:16 UTC 2026] radiusd exited with code 0. Restarting in 2s...
[Sun Apr 26 14:45:18 UTC 2026] Launching radiusd...
main {
 log {
 	destination = "stdout"
 	syslog_facility = "daemon"
 	localstatedir = "/usr/var"
 	logdir = "/usr/var/log"
 	file = "/app/data/radius.log"
 }
	name = "radiusd"
	prefix = "/usr"
}
[Sun Apr 26 14:45:18 UTC 2026] radiusd exited with code 0. Restarting in 2s...
[Sun Apr 26 14:45:20 UTC 2026] Launching radiusd...
main {
 log {
 	destination = "stdout"
 	syslog_facility = "daemon"
 	localstatedir = "/usr/var"
 	logdir = "/usr/var/log"
 	file = "/app/data/radius.log"
 }
	name = "radiusd"
	prefix = "/usr"
}
[Sun Apr 26 14:45:21 UTC 2026] radiusd exited with code 0. Restarting in 2s...
[Sun Apr 26 14:45:23 UTC 2026] Launching radiusd...
main {
 log {
 	destination = "stdout"
 	syslog_facility = "daemon"
 	localstatedir = "/usr/var"
 	logdir = "/usr/var/log"
 	file = "/app/data/radius.log"
 }
	name = "radiusd"
	prefix = "/usr"
}
[Sun Apr 26 14:45:23 UTC 2026] radiusd exited with code 0. Restarting in 2s...
[Sun Apr 26 14:45:25 UTC 2026] Launching radiusd...
main {
 log {
 	destination = "stdout"
 	syslog_facility = "daemon"
 	localstatedir = "/usr/var"
 	logdir = "/usr/var/log"
 	file = "/app/data/radius.log"
 }
	name = "radiusd"
	prefix = "/usr"
}
[Sun Apr 26 14:45:26 UTC 2026] radiusd exited with code 0. Restarting in 2s...
[Sun Apr 26 14:45:28 UTC 2026] Launching radiusd...
main {
 log {
 	destination = "stdout"
 	syslog_facility = "daemon"
 	localstatedir = "/usr/var"
 	logdir = "/usr/var/log"
 	file = "/app/data/radius.log"
 }
	name = "radiusd"
	prefix = "/usr"
}
[Sun Apr 26 14:45:28 UTC 2026] radiusd exited with code 0. Restarting in 2s...
[Sun Apr 26 14:45:31 UTC 2026] Launching radiusd...
main {
 log {
 	destination = "stdout"
 	syslog_facility = "daemon"
 	localstatedir = "/usr/var"
 	logdir = "/usr/var/log"
 	file = "/app/data/radius.log"
 }
	name = "radiusd"
	prefix = "/usr"
}
[Sun Apr 26 14:45:31 UTC 2026] radiusd exited with code 0. Restarting in 2s...
[Sun Apr 26 14:45:33 UTC 2026] Launching radiusd...
main {
 log {
 	destination = "stdout"
 	syslog_facility = "daemon"
 	localstatedir = "/usr/var"
 	logdir = "/usr/var/log"
 	file = "/app/data/radius.log"
 }
	name = "radiusd"
	prefix = "/usr"
}
[Sun Apr 26 14:45:33 UTC 2026] radiusd exited with code 0. Restarting in 2s...
[Sun Apr 26 14:45:35 UTC 2026] Launching radiusd...
main {
 log {
 	destination = "stdout"
 	syslog_facility = "daemon"
 	localstatedir = "/usr/var"
 	logdir = "/usr/var/log"
 	file = "/app/data/radius.log"
 }
	name = "radiusd"
	prefix = "/usr"
}
[Sun Apr 26 14:45:36 UTC 2026] radiusd exited with code 0. Restarting in 2s...
[Sun Apr 26 14:45:38 UTC 2026] Launching radiusd...
main {
 log {
 	destination = "stdout"
 	syslog_facility = "daemon"
 	localstatedir = "/usr/var"
 	logdir = "/usr/var/log"
 	file = "/app/data/radius.log"
 }
	name = "radiusd"
	prefix = "/usr"
}
[Sun Apr 26 14:45:38 UTC 2026] radiusd exited with code 0. Restarting in 2s...
[Sun Apr 26 14:45:40 UTC 2026] Launching radiusd...
main {
 log {
 	destination = "stdout"
 	syslog_facility = "daemon"
 	localstatedir = "/usr/var"
 	logdir = "/usr/var/log"
 	file = "/app/data/radius.log"
 }
	name = "radiusd"
	prefix = "/usr"
}
[Sun Apr 26 14:45:40 UTC 2026] radiusd exited with code 0. Restarting in 2s...
[Sun Apr 26 14:45:42 UTC 2026] Launching radiusd...
main {
 log {
 	destination = "stdout"
 	syslog_facility = "daemon"
 	localstatedir = "/usr/var"
 	logdir = "/usr/var/log"
 	file = "/app/data/radius.log"
 }
	name = "radiusd"
	prefix = "/usr"
}
[Sun Apr 26 14:45:43 UTC 2026] radiusd exited with code 0. Restarting in 2s...
[Sun Apr 26 14:45:45 UTC 2026] Launching radiusd...
main {
 log {
 	destination = "stdout"
 	syslog_facility = "daemon"
 	localstatedir = "/usr/var"
 	logdir = "/usr/var/log"
 	file = "/app/data/radius.log"
 }
	name = "radiusd"
	prefix = "/usr"
}
[Sun Apr 26 14:45:46 UTC 2026] radiusd exited with code 0. Restarting in 2s...
[Sun Apr 26 14:45:48 UTC 2026] Launching radiusd...
main {
 log {
 	destination = "stdout"
 	syslog_facility = "daemon"
 	localstatedir = "/usr/var"
 	logdir = "/usr/var/log"
 	file = "/app/data/radius.log"
 }
	name = "radiusd"
	prefix = "/usr"
}
[Sun Apr 26 14:45:48 UTC 2026] radiusd exited with code 0. Restarting in 2s...
[Sun Apr 26 14:45:50 UTC 2026] Launching radiusd...
main {
 log {
 	destination = "stdout"
 	syslog_facility = "daemon"
 	localstatedir = "/usr/var"
 	logdir = "/usr/var/log"
 	file = "/app/data/radius.log"
 }
	name = "radiusd"
	prefix = "/usr"
}
[Sun Apr 26 14:45:51 UTC 2026] radiusd exited with code 0. Restarting in 2s...
[Sun Apr 26 14:45:53 UTC 2026] Launching radiusd...
main {
 log {
 	destination = "stdout"
 	syslog_facility = "daemon"
 	localstatedir = "/usr/var"
 	logdir = "/usr/var/log"
 	file = "/app/data/radius.log"
 }
	name = "radiusd"
	prefix = "/usr"
}
[Sun Apr 26 14:45:53 UTC 2026] radiusd exited with code 0. Restarting in 2s...
[Sun Apr 26 14:45:55 UTC 2026] Launching radiusd...
main {
 log {
 	destination = "stdout"
 	syslog_facility = "daemon"
 	localstatedir = "/usr/var"
 	logdir = "/usr/var/log"
 	file = "/app/data/radius.log"
 }
	name = "radiusd"
	prefix = "/usr"
}
[Sun Apr 26 14:45:56 UTC 2026] radiusd exited with code 0. Restarting in 2s...
[Sun Apr 26 14:45:58 UTC 2026] Launching radiusd...
main {
 log {
 	destination = "stdout"
 	syslog_facility = "daemon"
 	localstatedir = "/usr/var"
 	logdir = "/usr/var/log"
 	file = "/app/data/radius.log"
 }
	name = "radiusd"
	prefix = "/usr"
}
[Sun Apr 26 14:45:58 UTC 2026] radiusd exited with code 0. Restarting in 2s...
[Sun Apr 26 14:46:00 UTC 2026] Launching radiusd...
main {
 log {
 	destination = "stdout"
 	syslog_facility = "daemon"
 	localstatedir = "/usr/var"
 	logdir = "/usr/var/log"
 	file = "/app/data/radius.log"
 }
	name = "radiusd"
	prefix = "/usr"
}
[Sun Apr 26 14:46:01 UTC 2026] radiusd exited with code 0. Restarting in 2s...
[Sun Apr 26 14:46:03 UTC 2026] Launching radiusd...
main {
 log {
 	destination = "stdout"
 	syslog_facility = "daemon"
 	localstatedir = "/usr/var"
 	logdir = "/usr/var/log"
 	file = "/app/data/radius.log"
 }
	name = "radiusd"
	prefix = "/usr"
}
[Sun Apr 26 14:46:04 UTC 2026] radiusd exited with code 0. Restarting in 2s...
[Sun Apr 26 14:46:06 UTC 2026] Launching radiusd...
main {
 log {
 	destination = "stdout"
 	syslog_facility = "daemon"
 	localstatedir = "/usr/var"
 	logdir = "/usr/var/log"
 	file = "/app/data/radius.log"
 }
	name = "radiusd"
	prefix = "/usr"
}
[Sun Apr 26 14:46:07 UTC 2026] radiusd exited with code 0. Restarting in 2s...
[Sun Apr 26 14:46:09 UTC 2026] Launching radiusd...
main {
 log {
 	destination = "stdout"
 	syslog_facility = "daemon"
 	localstatedir = "/usr/var"
 	logdir = "/usr/var/log"
 	file = "/app/data/radius.log"
 }
	name = "radiusd"
	prefix = "/usr"
}
[Sun Apr 26 14:46:09 UTC 2026] radiusd exited with code 0. Restarting in 2s...
[Sun Apr 26 14:46:11 UTC 2026] Launching radiusd...
main {
 log {
 	destination = "stdout"
 	syslog_facility = "daemon"
 	localstatedir = "/usr/var"
 	logdir = "/usr/var/log"
 	file = "/app/data/radius.log"
 }
	name = "radiusd"
	prefix = "/usr"
}
[Sun Apr 26 14:46:11 UTC 2026] radiusd exited with code 0. Restarting in 2s...
[Sun Apr 26 14:46:13 UTC 2026] Launching radiusd...
main {
 log {
 	destination = "stdout"
 	syslog_facility = "daemon"
 	localstatedir = "/usr/var"
 	logdir = "/usr/var/log"
 	file = "/app/data/radius.log"
 }
	name = "radiusd"
	prefix = "/usr"
}
[Sun Apr 26 14:46:14 UTC 2026] radiusd exited with code 0. Restarting in 2s...
[Sun Apr 26 14:46:16 UTC 2026] Launching radiusd...
main {
 log {
 	destination = "stdout"
 	syslog_facility = "daemon"
 	localstatedir = "/usr/var"
 	logdir = "/usr/var/log"
 	file = "/app/data/radius.log"
 }
	name = "radiusd"
	prefix = "/usr"
}
[Sun Apr 26 14:46:16 UTC 2026] radiusd exited with code 0. Restarting in 2s...
[Sun Apr 26 14:46:18 UTC 2026] Launching radiusd...
main {
 log {
 	destination = "stdout"
 	syslog_facility = "daemon"
 	localstatedir = "/usr/var"
 	logdir = "/usr/var/log"
 	file = "/app/data/radius.log"
 }
	name = "radiusd"
	prefix = "/usr"
}
[Sun Apr 26 14:46:18 UTC 2026] radiusd exited with code 0. Restarting in 2s...
[Sun Apr 26 14:46:20 UTC 2026] Launching radiusd...
main {
 log {
 	destination = "stdout"
 	syslog_facility = "daemon"
 	localstatedir = "/usr/var"
 	logdir = "/usr/var/log"
 	file = "/app/data/radius.log"
 }
	name = "radiusd"
	prefix = "/usr"
}
[Sun Apr 26 14:46:21 UTC 2026] radiusd exited with code 0. Restarting in 2s...
[Sun Apr 26 14:46:23 UTC 2026] Launching radiusd...
main {
 log {
 	destination = "stdout"
 	syslog_facility = "daemon"
 	localstatedir = "/usr/var"
 	logdir = "/usr/var/log"
 	file = "/app/data/radius.log"
 }
	name = "radiusd"
	prefix = "/usr"
}
[Sun Apr 26 14:46:23 UTC 2026] radiusd exited with code 0. Restarting in 2s...
[Sun Apr 26 14:46:25 UTC 2026] Launching radiusd...
main {
 log {
 	destination = "stdout"
 	syslog_facility = "daemon"
 	localstatedir = "/usr/var"
 	logdir = "/usr/var/log"
 	file = "/app/data/radius.log"
 }
	name = "radiusd"
	prefix = "/usr"
}
[Sun Apr 26 14:46:26 UTC 2026] radiusd exited with code 0. Restarting in 2s...
[Sun Apr 26 14:46:28 UTC 2026] Launching radiusd...
main {
 log {
 	destination = "stdout"
 	syslog_facility = "daemon"
 	localstatedir = "/usr/var"
 	logdir = "/usr/var/log"
 	file = "/app/data/radius.log"
 }
	name = "radiusd"
	prefix = "/usr"
}
[Sun Apr 26 14:46:28 UTC 2026] radiusd exited with code 0. Restarting in 2s...
[Sun Apr 26 14:46:31 UTC 2026] Launching radiusd...
main {
 log {
 	destination = "stdout"
 	syslog_facility = "daemon"
 	localstatedir = "/usr/var"
 	logdir = "/usr/var/log"
 	file = "/app/data/radius.log"
 }
	name = "radiusd"
	prefix = "/usr"
}
[Sun Apr 26 14:46:31 UTC 2026] radiusd exited with code 0. Restarting in 2s...
[Sun Apr 26 14:46:33 UTC 2026] Launching radiusd...
main {
 log {
 	destination = "stdout"
 	syslog_facility = "daemon"
 	localstatedir = "/usr/var"
 	logdir = "/usr/var/log"
 	file = "/app/data/radius.log"
 }
	name = "radiusd"
	prefix = "/usr"
}
[Sun Apr 26 14:46:33 UTC 2026] radiusd exited with code 0. Restarting in 2s...
[Sun Apr 26 14:46:35 UTC 2026] Launching radiusd...
main {
 log {
 	destination = "stdout"
 	syslog_facility = "daemon"
 	localstatedir = "/usr/var"
 	logdir = "/usr/var/log"
 	file = "/app/data/radius.log"
 }
	name = "radiusd"
	prefix = "/usr"
}
[Sun Apr 26 14:46:36 UTC 2026] radiusd exited with code 0. Restarting in 2s...
[Sun Apr 26 14:46:38 UTC 2026] Launching radiusd...
main {
 log {
 	destination = "stdout"
 	syslog_facility = "daemon"
 	localstatedir = "/usr/var"
 	logdir = "/usr/var/log"
 	file = "/app/data/radius.log"
 }
	name = "radiusd"
	prefix = "/usr"
}
[Sun Apr 26 14:46:38 UTC 2026] radiusd exited with code 0. Restarting in 2s...
[Sun Apr 26 14:46:40 UTC 2026] Launching radiusd...
main {
 log {
 	destination = "stdout"
 	syslog_facility = "daemon"
 	localstatedir = "/usr/var"
 	logdir = "/usr/var/log"
 	file = "/app/data/radius.log"
 }
	name = "radiusd"
	prefix = "/usr"
}
[Sun Apr 26 14:46:41 UTC 2026] radiusd exited with code 0. Restarting in 2s...
[Sun Apr 26 14:46:43 UTC 2026] Launching radiusd...
main {
 log {
 	destination = "stdout"
 	syslog_facility = "daemon"
 	localstatedir = "/usr/var"
 	logdir = "/usr/var/log"
 	file = "/app/data/radius.log"
 }
	name = "radiusd"
	prefix = "/usr"
}
[Sun Apr 26 14:46:43 UTC 2026] radiusd exited with code 0. Restarting in 2s...
[Sun Apr 26 14:46:45 UTC 2026] Launching radiusd...
main {
 log {
 	destination = "stdout"
 	syslog_facility = "daemon"
 	localstatedir = "/usr/var"
 	logdir = "/usr/var/log"
 	file = "/app/data/radius.log"
 }
	name = "radiusd"
	prefix = "/usr"
}
[Sun Apr 26 14:46:46 UTC 2026] radiusd exited with code 0. Restarting in 2s...
[Sun Apr 26 14:46:48 UTC 2026] Launching radiusd...
main {
 log {
 	destination = "stdout"
 	syslog_facility = "daemon"
 	localstatedir = "/usr/var"
 	logdir = "/usr/var/log"
 	file = "/app/data/radius.log"
 }
	name = "radiusd"
	prefix = "/usr"
}
[Sun Apr 26 14:46:48 UTC 2026] radiusd exited with code 0. Restarting in 2s...
[Sun Apr 26 14:46:50 UTC 2026] Launching radiusd...
main {
 log {
 	destination = "stdout"
 	syslog_facility = "daemon"
 	localstatedir = "/usr/var"
 	logdir = "/usr/var/log"
 	file = "/app/data/radius.log"
 }
	name = "radiusd"
	prefix = "/usr"
}
[Sun Apr 26 14:46:51 UTC 2026] radiusd exited with code 0. Restarting in 2s...
[Sun Apr 26 14:46:53 UTC 2026] Launching radiusd...
main {
 log {
 	destination = "stdout"
 	syslog_facility = "daemon"
 	localstatedir = "/usr/var"
 	logdir = "/usr/var/log"
 	file = "/app/data/radius.log"
 }
	name = "radiusd"
	prefix = "/usr"
}
[Sun Apr 26 14:46:53 UTC 2026] radiusd exited with code 0. Restarting in 2s...
[Sun Apr 26 14:46:55 UTC 2026] Launching radiusd...
main {
 log {
 	destination = "stdout"
 	syslog_facility = "daemon"
 	localstatedir = "/usr/var"
 	logdir = "/usr/var/log"
 	file = "/app/data/radius.log"
 }
	name = "radiusd"
	prefix = "/usr"
}
[Sun Apr 26 14:46:55 UTC 2026] radiusd exited with code 0. Restarting in 2s...
[Sun Apr 26 14:46:58 UTC 2026] Launching radiusd...
main {
 log {
 	destination = "stdout"
 	syslog_facility = "daemon"
 	localstatedir = "/usr/var"
 	logdir = "/usr/var/log"
 	file = "/app/data/radius.log"
 }
	name = "radiusd"
	prefix = "/usr"
}
[Sun Apr 26 14:46:58 UTC 2026] radiusd exited with code 0. Restarting in 2s...
[Sun Apr 26 14:47:00 UTC 2026] Launching radiusd...
main {
 log {
 	destination = "stdout"
 	syslog_facility = "daemon"
 	localstatedir = "/usr/var"
 	logdir = "/usr/var/log"
 	file = "/app/data/radius.log"
 }
	name = "radiusd"
	prefix = "/usr"
}
[Sun Apr 26 14:47:00 UTC 2026] radiusd exited with code 0. Restarting in 2s...
[Sun Apr 26 14:47:02 UTC 2026] Launching radiusd...
main {
 log {
 	destination = "stdout"
 	syslog_facility = "daemon"
 	localstatedir = "/usr/var"
 	logdir = "/usr/var/log"
 	file = "/app/data/radius.log"
 }
	name = "radiusd"
	prefix = "/usr"
}
[Sun Apr 26 14:47:03 UTC 2026] radiusd exited with code 0. Restarting in 2s...
[Sun Apr 26 14:47:05 UTC 2026] Launching radiusd...
main {
 log {
 	destination = "stdout"
 	syslog_facility = "daemon"
 	localstatedir = "/usr/var"
 	logdir = "/usr/var/log"
 	file = "/app/data/radius.log"
 }
	name = "radiusd"
	prefix = "/usr"
}
[Sun Apr 26 14:47:05 UTC 2026] radiusd exited with code 0. Restarting in 2s...
[Sun Apr 26 14:47:07 UTC 2026] Launching radiusd...
main {
 log {
 	destination = "stdout"
 	syslog_facility = "daemon"
 	localstatedir = "/usr/var"
 	logdir = "/usr/var/log"
 	file = "/app/data/radius.log"
 }
	name = "radiusd"
	prefix = "/usr"
}
[Sun Apr 26 14:47:07 UTC 2026] radiusd exited with code 0. Restarting in 2s...
[Sun Apr 26 14:47:10 UTC 2026] Launching radiusd...
main {
 log {
 	destination = "stdout"
 	syslog_facility = "daemon"
 	localstatedir = "/usr/var"
 	logdir = "/usr/var/log"
 	file = "/app/data/radius.log"
 }
	name = "radiusd"
	prefix = "/usr"
}
[Sun Apr 26 14:47:10 UTC 2026] radiusd exited with code 0. Restarting in 2s...
[Sun Apr 26 14:47:12 UTC 2026] Launching radiusd...
main {
 log {
 	destination = "stdout"
 	syslog_facility = "daemon"
 	localstatedir = "/usr/var"
 	logdir = "/usr/var/log"
 	file = "/app/data/radius.log"
 }
	name = "radiusd"
	prefix = "/usr"
}
[Sun Apr 26 14:47:12 UTC 2026] radiusd exited with code 0. Restarting in 2s...
[Sun Apr 26 14:47:14 UTC 2026] Launching radiusd...
main {
 log {
 	destination = "stdout"
 	syslog_facility = "daemon"
 	localstatedir = "/usr/var"
 	logdir = "/usr/var/log"
 	file = "/app/data/radius.log"
 }
	name = "radiusd"
	prefix = "/usr"
}
[Sun Apr 26 14:47:14 UTC 2026] radiusd exited with code 0. Restarting in 2s...
[Sun Apr 26 14:47:16 UTC 2026] Launching radiusd...
main {
 log {
 	destination = "stdout"
 	syslog_facility = "daemon"
 	localstatedir = "/usr/var"
 	logdir = "/usr/var/log"
 	file = "/app/data/radius.log"
 }
	name = "radiusd"
	prefix = "/usr"
}
[Sun Apr 26 14:47:17 UTC 2026] radiusd exited with code 0. Restarting in 2s...
[Sun Apr 26 14:47:19 UTC 2026] Launching radiusd...
main {
 log {
 	destination = "stdout"
 	syslog_facility = "daemon"
 	localstatedir = "/usr/var"
 	logdir = "/usr/var/log"
 	file = "/app/data/radius.log"
 }
	name = "radiusd"
	prefix = "/usr"
}
[Sun Apr 26 14:47:19 UTC 2026] radiusd exited with code 0. Restarting in 2s...
[Sun Apr 26 14:47:21 UTC 2026] Launching radiusd...
main {
 log {
 	destination = "stdout"
 	syslog_facility = "daemon"
 	localstatedir = "/usr/var"
 	logdir = "/usr/var/log"
 	file = "/app/data/radius.log"
 }
	name = "radiusd"
	prefix = "/usr"
}
[Sun Apr 26 14:47:21 UTC 2026] radiusd exited with code 0. Restarting in 2s...
[Sun Apr 26 14:47:23 UTC 2026] Launching radiusd...
main {
 log {
 	destination = "stdout"
 	syslog_facility = "daemon"
 	localstatedir = "/usr/var"
 	logdir = "/usr/var/log"
 	file = "/app/data/radius.log"
 }
	name = "radiusd"
	prefix = "/usr"
}
[Sun Apr 26 14:47:24 UTC 2026] radiusd exited with code 0. Restarting in 2s...
[Sun Apr 26 14:47:26 UTC 2026] Launching radiusd...
main {
 log {
 	destination = "stdout"
 	syslog_facility = "daemon"
 	localstatedir = "/usr/var"
 	logdir = "/usr/var/log"
 	file = "/app/data/radius.log"
 }
	name = "radiusd"
	prefix = "/usr"
}
[Sun Apr 26 14:47:26 UTC 2026] radiusd exited with code 0. Restarting in 2s...
[Sun Apr 26 14:47:28 UTC 2026] Launching radiusd...
main {
 log {
 	destination = "stdout"
 	syslog_facility = "daemon"
 	localstatedir = "/usr/var"
 	logdir = "/usr/var/log"
 	file = "/app/data/radius.log"
 }
	name = "radiusd"
	prefix = "/usr"
}
[Sun Apr 26 14:47:28 UTC 2026] radiusd exited with code 0. Restarting in 2s...
[Sun Apr 26 14:47:30 UTC 2026] Launching radiusd...
main {
 log {
 	destination = "stdout"
 	syslog_facility = "daemon"
 	localstatedir = "/usr/var"
 	logdir = "/usr/var/log"
 	file = "/app/data/radius.log"
 }
	name = "radiusd"
	prefix = "/usr"
}
[Sun Apr 26 14:47:31 UTC 2026] radiusd exited with code 0. Restarting in 2s...
[Sun Apr 26 14:47:33 UTC 2026] Launching radiusd...
main {
 log {
 	destination = "stdout"
 	syslog_facility = "daemon"
 	localstatedir = "/usr/var"
 	logdir = "/usr/var/log"
 	file = "/app/data/radius.log"
 }
	name = "radiusd"
	prefix = "/usr"
}
[Sun Apr 26 14:47:34 UTC 2026] radiusd exited with code 0. Restarting in 2s...
[Sun Apr 26 14:47:36 UTC 2026] Launching radiusd...
main {
 log {
 	destination = "stdout"
 	syslog_facility = "daemon"
 	localstatedir = "/usr/var"
 	logdir = "/usr/var/log"
 	file = "/app/data/radius.log"
 }
	name = "radiusd"
	prefix = "/usr"
}
[Sun Apr 26 14:47:36 UTC 2026] radiusd exited with code 0. Restarting in 2s...
[Sun Apr 26 14:47:38 UTC 2026] Launching radiusd...
main {
 log {
 	destination = "stdout"
 	syslog_facility = "daemon"
 	localstatedir = "/usr/var"
 	logdir = "/usr/var/log"
 	file = "/app/data/radius.log"
 }
	name = "radiusd"
	prefix = "/usr"
}
[Sun Apr 26 14:47:38 UTC 2026] radiusd exited with code 0. Restarting in 2s...
[Sun Apr 26 14:47:40 UTC 2026] Launching radiusd...
main {
 log {
 	destination = "stdout"
 	syslog_facility = "daemon"
 	localstatedir = "/usr/var"
 	logdir = "/usr/var/log"
 	file = "/app/data/radius.log"
 }
	name = "radiusd"
	prefix = "/usr"
}
[Sun Apr 26 14:47:41 UTC 2026] radiusd exited with code 0. Restarting in 2s...
[Sun Apr 26 14:47:43 UTC 2026] Launching radiusd...
main {
 log {
 	destination = "stdout"
 	syslog_facility = "daemon"
 	localstatedir = "/usr/var"
 	logdir = "/usr/var/log"
 	file = "/app/data/radius.log"
 }
	name = "radiusd"
	prefix = "/usr"
}
[Sun Apr 26 14:47:43 UTC 2026] radiusd exited with code 0. Restarting in 2s...
[Sun Apr 26 14:47:45 UTC 2026] Launching radiusd...
main {
 log {
 	destination = "stdout"
 	syslog_facility = "daemon"
 	localstatedir = "/usr/var"
 	logdir = "/usr/var/log"
 	file = "/app/data/radius.log"
 }
	name = "radiusd"
	prefix = "/usr"
}
[Sun Apr 26 14:47:46 UTC 2026] radiusd exited with code 0. Restarting in 2s...
[Sun Apr 26 14:47:48 UTC 2026] Launching radiusd...
main {
 log {
 	destination = "stdout"
 	syslog_facility = "daemon"
 	localstatedir = "/usr/var"
 	logdir = "/usr/var/log"
 	file = "/app/data/radius.log"
 }
	name = "radiusd"
	prefix = "/usr"
}
[Sun Apr 26 14:47:48 UTC 2026] radiusd exited with code 0. Restarting in 2s...
[Sun Apr 26 14:47:50 UTC 2026] Launching radiusd...
main {
 log {
 	destination = "stdout"
 	syslog_facility = "daemon"
 	localstatedir = "/usr/var"
 	logdir = "/usr/var/log"
 	file = "/app/data/radius.log"
 }
	name = "radiusd"
	prefix = "/usr"
}
[Sun Apr 26 14:47:51 UTC 2026] radiusd exited with code 0. Restarting in 2s...
[Sun Apr 26 14:47:53 UTC 2026] Launching radiusd...
main {
 log {
 	destination = "stdout"
 	syslog_facility = "daemon"
 	localstatedir = "/usr/var"
 	logdir = "/usr/var/log"
 	file = "/app/data/radius.log"
 }
	name = "radiusd"
	prefix = "/usr"
}
[Sun Apr 26 14:47:53 UTC 2026] radiusd exited with code 0. Restarting in 2s...
[Sun Apr 26 14:47:55 UTC 2026] Launching radiusd...
main {
 log {
 	destination = "stdout"
 	syslog_facility = "daemon"
 	localstatedir = "/usr/var"
 	logdir = "/usr/var/log"
 	file = "/app/data/radius.log"
 }
	name = "radiusd"
	prefix = "/usr"
}
[Sun Apr 26 14:47:56 UTC 2026] radiusd exited with code 0. Restarting in 2s...
[Sun Apr 26 14:47:58 UTC 2026] Launching radiusd...
main {
 log {
 	destination = "stdout"
 	syslog_facility = "daemon"
 	localstatedir = "/usr/var"
 	logdir = "/usr/var/log"
 	file = "/app/data/radius.log"
 }
	name = "radiusd"
	prefix = "/usr"
}
[Sun Apr 26 14:47:58 UTC 2026] radiusd exited with code 0. Restarting in 2s...
[Sun Apr 26 14:48:00 UTC 2026] Launching radiusd...
main {
 log {
 	destination = "stdout"
 	syslog_facility = "daemon"
 	localstatedir = "/usr/var"
 	logdir = "/usr/var/log"
 	file = "/app/data/radius.log"
 }
	name = "radiusd"
	prefix = "/usr"
}
[Sun Apr 26 14:48:01 UTC 2026] radiusd exited with code 0. Restarting in 2s...
[Sun Apr 26 14:48:03 UTC 2026] Launching radiusd...
main {
 log {
 	destination = "stdout"
 	syslog_facility = "daemon"
 	localstatedir = "/usr/var"
 	logdir = "/usr/var/log"
 	file = "/app/data/radius.log"
 }
	name = "radiusd"
	prefix = "/usr"
}
[Sun Apr 26 14:48:03 UTC 2026] radiusd exited with code 0. Restarting in 2s...
[Sun Apr 26 14:48:05 UTC 2026] Launching radiusd...
main {
 log {
 	destination = "stdout"
 	syslog_facility = "daemon"
 	localstatedir = "/usr/var"
 	logdir = "/usr/var/log"
 	file = "/app/data/radius.log"
 }
	name = "radiusd"
	prefix = "/usr"
}
[Sun Apr 26 14:48:05 UTC 2026] radiusd exited with code 0. Restarting in 2s...
[Sun Apr 26 14:48:07 UTC 2026] Launching radiusd...
main {
 log {
 	destination = "stdout"
 	syslog_facility = "daemon"
 	localstatedir = "/usr/var"
 	logdir = "/usr/var/log"
 	file = "/app/data/radius.log"
 }
	name = "radiusd"
	prefix = "/usr"
}
[Sun Apr 26 14:48:08 UTC 2026] radiusd exited with code 0. Restarting in 2s...
[Sun Apr 26 14:48:10 UTC 2026] Launching radiusd...
main {
 log {
 	destination = "stdout"
 	syslog_facility = "daemon"
 	localstatedir = "/usr/var"
 	logdir = "/usr/var/log"
 	file = "/app/data/radius.log"
 }
	name = "radiusd"
	prefix = "/usr"
}
[Sun Apr 26 14:48:10 UTC 2026] radiusd exited with code 0. Restarting in 2s...
[Sun Apr 26 14:48:12 UTC 2026] Launching radiusd...
main {
 log {
 	destination = "stdout"
 	syslog_facility = "daemon"
 	localstatedir = "/usr/var"
 	logdir = "/usr/var/log"
 	file = "/app/data/radius.log"
 }
	name = "radiusd"
	prefix = "/usr"
}
[Sun Apr 26 14:48:13 UTC 2026] radiusd exited with code 0. Restarting in 2s...
[Sun Apr 26 14:48:15 UTC 2026] Launching radiusd...
main {
 log {
 	destination = "stdout"
 	syslog_facility = "daemon"
 	localstatedir = "/usr/var"
 	logdir = "/usr/var/log"
 	file = "/app/data/radius.log"
 }
	name = "radiusd"
	prefix = "/usr"
}
[Sun Apr 26 14:48:15 UTC 2026] radiusd exited with code 0. Restarting in 2s...
[Sun Apr 26 14:48:17 UTC 2026] Launching radiusd...
main {
 log {
 	destination = "stdout"
 	syslog_facility = "daemon"
 	localstatedir = "/usr/var"
 	logdir = "/usr/var/log"
 	file = "/app/data/radius.log"
 }
	name = "radiusd"
	prefix = "/usr"
}
[Sun Apr 26 14:48:17 UTC 2026] radiusd exited with code 0. Restarting in 2s...
[Sun Apr 26 14:48:19 UTC 2026] Launching radiusd...
main {
 log {
 	destination = "stdout"
 	syslog_facility = "daemon"
 	localstatedir = "/usr/var"
 	logdir = "/usr/var/log"
 	file = "/app/data/radius.log"
 }
	name = "radiusd"
	prefix = "/usr"
}
[Sun Apr 26 14:48:19 UTC 2026] radiusd exited with code 0. Restarting in 2s...
[Sun Apr 26 14:48:21 UTC 2026] Launching radiusd...
main {
 log {
 	destination = "stdout"
 	syslog_facility = "daemon"
 	localstatedir = "/usr/var"
 	logdir = "/usr/var/log"
 	file = "/app/data/radius.log"
 }
	name = "radiusd"
	prefix = "/usr"
}
[Sun Apr 26 14:48:22 UTC 2026] radiusd exited with code 0. Restarting in 2s...
[Sun Apr 26 14:48:24 UTC 2026] Launching radiusd...
main {
 log {
 	destination = "stdout"
 	syslog_facility = "daemon"
 	localstatedir = "/usr/var"
 	logdir = "/usr/var/log"
 	file = "/app/data/radius.log"
 }
	name = "radiusd"
	prefix = "/usr"
}
[Sun Apr 26 14:48:24 UTC 2026] radiusd exited with code 0. Restarting in 2s...
[Sun Apr 26 14:48:26 UTC 2026] Launching radiusd...
main {
 log {
 	destination = "stdout"
 	syslog_facility = "daemon"
 	localstatedir = "/usr/var"
 	logdir = "/usr/var/log"
 	file = "/app/data/radius.log"
 }
	name = "radiusd"
	prefix = "/usr"
}
[Sun Apr 26 14:48:26 UTC 2026] radiusd exited with code 0. Restarting in 2s...
[Sun Apr 26 14:48:28 UTC 2026] Launching radiusd...
main {
 log {
 	destination = "stdout"
 	syslog_facility = "daemon"
 	localstatedir = "/usr/var"
 	logdir = "/usr/var/log"
 	file = "/app/data/radius.log"
 }
	name = "radiusd"
	prefix = "/usr"
}
[Sun Apr 26 14:48:29 UTC 2026] radiusd exited with code 0. Restarting in 2s...
[Sun Apr 26 14:48:31 UTC 2026] Launching radiusd...
main {
 log {
 	destination = "stdout"
 	syslog_facility = "daemon"
 	localstatedir = "/usr/var"
 	logdir = "/usr/var/log"
 	file = "/app/data/radius.log"
 }
	name = "radiusd"
	prefix = "/usr"
}
[Sun Apr 26 14:48:31 UTC 2026] radiusd exited with code 0. Restarting in 2s...
[Sun Apr 26 14:48:33 UTC 2026] Launching radiusd...
main {
 log {
 	destination = "stdout"
 	syslog_facility = "daemon"
 	localstatedir = "/usr/var"
 	logdir = "/usr/var/log"
 	file = "/app/data/radius.log"
 }
	name = "radiusd"
	prefix = "/usr"
}
[Sun Apr 26 14:48:33 UTC 2026] radiusd exited with code 0. Restarting in 2s...
[Sun Apr 26 14:48:35 UTC 2026] Launching radiusd...
main {
 log {
 	destination = "stdout"
 	syslog_facility = "daemon"
 	localstatedir = "/usr/var"
 	logdir = "/usr/var/log"
 	file = "/app/data/radius.log"
 }
	name = "radiusd"
	prefix = "/usr"
}
[Sun Apr 26 14:48:36 UTC 2026] radiusd exited with code 0. Restarting in 2s...
[Sun Apr 26 14:48:38 UTC 2026] Launching radiusd...
main {
 log {
 	destination = "stdout"
 	syslog_facility = "daemon"
 	localstatedir = "/usr/var"
 	logdir = "/usr/var/log"
 	file = "/app/data/radius.log"
 }
	name = "radiusd"
	prefix = "/usr"
}
[Sun Apr 26 14:48:38 UTC 2026] radiusd exited with code 0. Restarting in 2s...
[Sun Apr 26 14:48:40 UTC 2026] Launching radiusd...
main {
 log {
 	destination = "stdout"
 	syslog_facility = "daemon"
 	localstatedir = "/usr/var"
 	logdir = "/usr/var/log"
 	file = "/app/data/radius.log"
 }
	name = "radiusd"
	prefix = "/usr"
}
[Sun Apr 26 14:48:41 UTC 2026] radiusd exited with code 0. Restarting in 2s...
[Sun Apr 26 14:48:43 UTC 2026] Launching radiusd...
main {
 log {
 	destination = "stdout"
 	syslog_facility = "daemon"
 	localstatedir = "/usr/var"
 	logdir = "/usr/var/log"
 	file = "/app/data/radius.log"
 }
	name = "radiusd"
	prefix = "/usr"
}
[Sun Apr 26 14:48:43 UTC 2026] radiusd exited with code 0. Restarting in 2s...
[Sun Apr 26 14:48:45 UTC 2026] Launching radiusd...
main {
 log {
 	destination = "stdout"
 	syslog_facility = "daemon"
 	localstatedir = "/usr/var"
 	logdir = "/usr/var/log"
 	file = "/app/data/radius.log"
 }
	name = "radiusd"
	prefix = "/usr"
}
[Sun Apr 26 14:48:45 UTC 2026] radiusd exited with code 0. Restarting in 2s...
[Sun Apr 26 14:48:47 UTC 2026] Launching radiusd...
main {
 log {
 	destination = "stdout"
 	syslog_facility = "daemon"
 	localstatedir = "/usr/var"
 	logdir = "/usr/var/log"
 	file = "/app/data/radius.log"
 }
	name = "radiusd"
	prefix = "/usr"
}
[Sun Apr 26 14:48:48 UTC 2026] radiusd exited with code 0. Restarting in 2s...
[Sun Apr 26 14:48:50 UTC 2026] Launching radiusd...
main {
 log {
 	destination = "stdout"
 	syslog_facility = "daemon"
 	localstatedir = "/usr/var"
 	logdir = "/usr/var/log"
 	file = "/app/data/radius.log"
 }
	name = "radiusd"
	prefix = "/usr"
}
[Sun Apr 26 14:48:50 UTC 2026] radiusd exited with code 0. Restarting in 2s...
[Sun Apr 26 14:48:52 UTC 2026] Launching radiusd...
main {
 log {
 	destination = "stdout"
 	syslog_facility = "daemon"
 	localstatedir = "/usr/var"
 	logdir = "/usr/var/log"
 	file = "/app/data/radius.log"
 }
	name = "radiusd"
	prefix = "/usr"
}
[Sun Apr 26 14:48:52 UTC 2026] radiusd exited with code 0. Restarting in 2s...
[Sun Apr 26 14:48:54 UTC 2026] Launching radiusd...
main {
 log {
 	destination = "stdout"
 	syslog_facility = "daemon"
 	localstatedir = "/usr/var"
 	logdir = "/usr/var/log"
 	file = "/app/data/radius.log"
 }
	name = "radiusd"
	prefix = "/usr"
}
[Sun Apr 26 14:48:55 UTC 2026] radiusd exited with code 0. Restarting in 2s...
[Sun Apr 26 14:48:57 UTC 2026] Launching radiusd...
main {
 log {
 	destination = "stdout"
 	syslog_facility = "daemon"
 	localstatedir = "/usr/var"
 	logdir = "/usr/var/log"
 	file = "/app/data/radius.log"
 }
	name = "radiusd"
	prefix = "/usr"
}
[Sun Apr 26 14:48:57 UTC 2026] radiusd exited with code 0. Restarting in 2s...
[Sun Apr 26 14:48:59 UTC 2026] Launching radiusd...
main {
 log {
 	destination = "stdout"
 	syslog_facility = "daemon"
 	localstatedir = "/usr/var"
 	logdir = "/usr/var/log"
 	file = "/app/data/radius.log"
 }
	name = "radiusd"
	prefix = "/usr"
}
[Sun Apr 26 14:48:59 UTC 2026] radiusd exited with code 0. Restarting in 2s...
[Sun Apr 26 14:49:01 UTC 2026] Launching radiusd...
main {
 log {
 	destination = "stdout"
 	syslog_facility = "daemon"
 	localstatedir = "/usr/var"
 	logdir = "/usr/var/log"
 	file = "/app/data/radius.log"
 }
	name = "radiusd"
	prefix = "/usr"
}
[Sun Apr 26 14:49:02 UTC 2026] radiusd exited with code 0. Restarting in 2s...
[Sun Apr 26 14:49:04 UTC 2026] Launching radiusd...
main {
 log {
 	destination = "stdout"
 	syslog_facility = "daemon"
 	localstatedir = "/usr/var"
 	logdir = "/usr/var/log"
 	file = "/app/data/radius.log"
 }
	name = "radiusd"
	prefix = "/usr"
}
[Sun Apr 26 14:49:04 UTC 2026] radiusd exited with code 0. Restarting in 2s...
[Sun Apr 26 14:49:06 UTC 2026] Launching radiusd...
main {
 log {
 	destination = "stdout"
 	syslog_facility = "daemon"
 	localstatedir = "/usr/var"
 	logdir = "/usr/var/log"
 	file = "/app/data/radius.log"
 }
	name = "radiusd"
	prefix = "/usr"
}
[Sun Apr 26 14:49:07 UTC 2026] radiusd exited with code 0. Restarting in 2s...
[Sun Apr 26 14:49:09 UTC 2026] Launching radiusd...
main {
 log {
 	destination = "stdout"
 	syslog_facility = "daemon"
 	localstatedir = "/usr/var"
 	logdir = "/usr/var/log"
 	file = "/app/data/radius.log"
 }
	name = "radiusd"
	prefix = "/usr"
}
[Sun Apr 26 14:49:09 UTC 2026] radiusd exited with code 0. Restarting in 2s...
[Sun Apr 26 14:49:11 UTC 2026] Launching radiusd...
main {
 log {
 	destination = "stdout"
 	syslog_facility = "daemon"
 	localstatedir = "/usr/var"
 	logdir = "/usr/var/log"
 	file = "/app/data/radius.log"
 }
	name = "radiusd"
	prefix = "/usr"
}
[Sun Apr 26 14:49:11 UTC 2026] radiusd exited with code 0. Restarting in 2s...
[Sun Apr 26 14:49:13 UTC 2026] Launching radiusd...
main {
 log {
 	destination = "stdout"
 	syslog_facility = "daemon"
 	localstatedir = "/usr/var"
 	logdir = "/usr/var/log"
 	file = "/app/data/radius.log"
 }
	name = "radiusd"
	prefix = "/usr"
}
[Sun Apr 26 14:49:13 UTC 2026] radiusd exited with code 0. Restarting in 2s...
[Sun Apr 26 14:49:16 UTC 2026] Launching radiusd...
main {
 log {
 	destination = "stdout"
 	syslog_facility = "daemon"
 	localstatedir = "/usr/var"
 	logdir = "/usr/var/log"
 	file = "/app/data/radius.log"
 }
	name = "radiusd"
	prefix = "/usr"
}
[Sun Apr 26 14:49:16 UTC 2026] radiusd exited with code 0. Restarting in 2s...
[Sun Apr 26 14:49:18 UTC 2026] Launching radiusd...
main {
 log {
 	destination = "stdout"
 	syslog_facility = "daemon"
 	localstatedir = "/usr/var"
 	logdir = "/usr/var/log"
 	file = "/app/data/radius.log"
 }
	name = "radiusd"
	prefix = "/usr"
}
[Sun Apr 26 14:49:18 UTC 2026] radiusd exited with code 0. Restarting in 2s...
[Sun Apr 26 14:49:20 UTC 2026] Launching radiusd...
main {
 log {
 	destination = "stdout"
 	syslog_facility = "daemon"
 	localstatedir = "/usr/var"
 	logdir = "/usr/var/log"
 	file = "/app/data/radius.log"
 }
	name = "radiusd"
	prefix = "/usr"
}
[Sun Apr 26 14:49:21 UTC 2026] radiusd exited with code 0. Restarting in 2s...
[Sun Apr 26 14:49:23 UTC 2026] Launching radiusd...
main {
 log {
 	destination = "stdout"
 	syslog_facility = "daemon"
 	localstatedir = "/usr/var"
 	logdir = "/usr/var/log"
 	file = "/app/data/radius.log"
 }
	name = "radiusd"
	prefix = "/usr"
}
[Sun Apr 26 14:49:23 UTC 2026] radiusd exited with code 0. Restarting in 2s...
[Sun Apr 26 14:49:25 UTC 2026] Launching radiusd...
main {
 log {
 	destination = "stdout"
 	syslog_facility = "daemon"
 	localstatedir = "/usr/var"
 	logdir = "/usr/var/log"
 	file = "/app/data/radius.log"
 }
	name = "radiusd"
	prefix = "/usr"
}
[Sun Apr 26 14:49:25 UTC 2026] radiusd exited with code 0. Restarting in 2s...
[Sun Apr 26 14:49:27 UTC 2026] Launching radiusd...
main {
 log {
 	destination = "stdout"
 	syslog_facility = "daemon"
 	localstatedir = "/usr/var"
 	logdir = "/usr/var/log"
 	file = "/app/data/radius.log"
 }
	name = "radiusd"
	prefix = "/usr"
}
[Sun Apr 26 14:49:28 UTC 2026] radiusd exited with code 0. Restarting in 2s...
[Sun Apr 26 14:49:30 UTC 2026] Launching radiusd...
main {
 log {
 	destination = "stdout"
 	syslog_facility = "daemon"
 	localstatedir = "/usr/var"
 	logdir = "/usr/var/log"
 	file = "/app/data/radius.log"
 }
	name = "radiusd"
	prefix = "/usr"
}
[Sun Apr 26 14:49:30 UTC 2026] radiusd exited with code 0. Restarting in 2s...
[Sun Apr 26 14:49:32 UTC 2026] Launching radiusd...
main {
 log {
 	destination = "stdout"
 	syslog_facility = "daemon"
 	localstatedir = "/usr/var"
 	logdir = "/usr/var/log"
 	file = "/app/data/radius.log"
 }
	name = "radiusd"
	prefix = "/usr"
}
[Sun Apr 26 14:49:32 UTC 2026] radiusd exited with code 0. Restarting in 2s...
[Sun Apr 26 14:49:34 UTC 2026] Launching radiusd...
main {
 log {
 	destination = "stdout"
 	syslog_facility = "daemon"
 	localstatedir = "/usr/var"
 	logdir = "/usr/var/log"
 	file = "/app/data/radius.log"
 }
	name = "radiusd"
	prefix = "/usr"
}
[Sun Apr 26 14:49:35 UTC 2026] radiusd exited with code 0. Restarting in 2s...
[Sun Apr 26 14:49:37 UTC 2026] Launching radiusd...
main {
 log {
 	destination = "stdout"
 	syslog_facility = "daemon"
 	localstatedir = "/usr/var"
 	logdir = "/usr/var/log"
 	file = "/app/data/radius.log"
 }
	name = "radiusd"
	prefix = "/usr"
}
[Sun Apr 26 14:49:37 UTC 2026] radiusd exited with code 0. Restarting in 2s...
[Sun Apr 26 14:49:39 UTC 2026] Launching radiusd...
main {
 log {
 	destination = "stdout"
 	syslog_facility = "daemon"
 	localstatedir = "/usr/var"
 	logdir = "/usr/var/log"
 	file = "/app/data/radius.log"
 }
	name = "radiusd"
	prefix = "/usr"
}
[Sun Apr 26 14:49:39 UTC 2026] radiusd exited with code 0. Restarting in 2s...
[Sun Apr 26 14:49:41 UTC 2026] Launching radiusd...
main {
 log {
 	destination = "stdout"
 	syslog_facility = "daemon"
 	localstatedir = "/usr/var"
 	logdir = "/usr/var/log"
 	file = "/app/data/radius.log"
 }
	name = "radiusd"
	prefix = "/usr"
}
[Sun Apr 26 14:49:42 UTC 2026] radiusd exited with code 0. Restarting in 2s...
[Sun Apr 26 14:49:44 UTC 2026] Launching radiusd...
main {
 log {
 	destination = "stdout"
 	syslog_facility = "daemon"
 	localstatedir = "/usr/var"
 	logdir = "/usr/var/log"
 	file = "/app/data/radius.log"
 }
	name = "radiusd"
	prefix = "/usr"
}
[Sun Apr 26 14:49:44 UTC 2026] radiusd exited with code 0. Restarting in 2s...
[Sun Apr 26 14:49:46 UTC 2026] Launching radiusd...
main {
 log {
 	destination = "stdout"
 	syslog_facility = "daemon"
 	localstatedir = "/usr/var"
 	logdir = "/usr/var/log"
 	file = "/app/data/radius.log"
 }
	name = "radiusd"
	prefix = "/usr"
}
[Sun Apr 26 14:49:46 UTC 2026] radiusd exited with code 0. Restarting in 2s...
[Sun Apr 26 14:49:48 UTC 2026] Launching radiusd...
main {
 log {
 	destination = "stdout"
 	syslog_facility = "daemon"
 	localstatedir = "/usr/var"
 	logdir = "/usr/var/log"
 	file = "/app/data/radius.log"
 }
	name = "radiusd"
	prefix = "/usr"
}
[Sun Apr 26 14:49:49 UTC 2026] radiusd exited with code 0. Restarting in 2s...
[Sun Apr 26 14:49:51 UTC 2026] Launching radiusd...
main {
 log {
 	destination = "stdout"
 	syslog_facility = "daemon"
 	localstatedir = "/usr/var"
 	logdir = "/usr/var/log"
 	file = "/app/data/radius.log"
 }
	name = "radiusd"
	prefix = "/usr"
}
[Sun Apr 26 14:49:51 UTC 2026] radiusd exited with code 0. Restarting in 2s...
[Sun Apr 26 14:49:53 UTC 2026] Launching radiusd...
main {
 log {
 	destination = "stdout"
 	syslog_facility = "daemon"
 	localstatedir = "/usr/var"
 	logdir = "/usr/var/log"
 	file = "/app/data/radius.log"
 }
	name = "radiusd"
	prefix = "/usr"
}
[Sun Apr 26 14:49:54 UTC 2026] radiusd exited with code 0. Restarting in 2s...
[Sun Apr 26 14:49:56 UTC 2026] Launching radiusd...
main {
 log {
 	destination = "stdout"
 	syslog_facility = "daemon"
 	localstatedir = "/usr/var"
 	logdir = "/usr/var/log"
 	file = "/app/data/radius.log"
 }
	name = "radiusd"
	prefix = "/usr"
}
[Sun Apr 26 14:49:56 UTC 2026] radiusd exited with code 0. Restarting in 2s...
[Sun Apr 26 14:49:58 UTC 2026] Launching radiusd...
main {
 log {
 	destination = "stdout"
 	syslog_facility = "daemon"
 	localstatedir = "/usr/var"
 	logdir = "/usr/var/log"
 	file = "/app/data/radius.log"
 }
	name = "radiusd"
	prefix = "/usr"
}
[Sun Apr 26 14:49:58 UTC 2026] radiusd exited with code 0. Restarting in 2s...
[Sun Apr 26 14:50:00 UTC 2026] Launching radiusd...
main {
 log {
 	destination = "stdout"
 	syslog_facility = "daemon"
 	localstatedir = "/usr/var"
 	logdir = "/usr/var/log"
 	file = "/app/data/radius.log"
 }
	name = "radiusd"
	prefix = "/usr"
}
[Sun Apr 26 14:50:01 UTC 2026] radiusd exited with code 0. Restarting in 2s...
[Sun Apr 26 14:50:03 UTC 2026] Launching radiusd...
main {
 log {
 	destination = "stdout"
 	syslog_facility = "daemon"
 	localstatedir = "/usr/var"
 	logdir = "/usr/var/log"
 	file = "/app/data/radius.log"
 }
	name = "radiusd"
	prefix = "/usr"
}
[Sun Apr 26 14:50:03 UTC 2026] radiusd exited with code 0. Restarting in 2s...
[Sun Apr 26 14:50:05 UTC 2026] Launching radiusd...
main {
 log {
 	destination = "stdout"
 	syslog_facility = "daemon"
 	localstatedir = "/usr/var"
 	logdir = "/usr/var/log"
 	file = "/app/data/radius.log"
 }
	name = "radiusd"
	prefix = "/usr"
}
[Sun Apr 26 14:50:05 UTC 2026] radiusd exited with code 0. Restarting in 2s...
[Sun Apr 26 14:50:07 UTC 2026] Launching radiusd...
main {
 log {
 	destination = "stdout"
 	syslog_facility = "daemon"
 	localstatedir = "/usr/var"
 	logdir = "/usr/var/log"
 	file = "/app/data/radius.log"
 }
	name = "radiusd"
	prefix = "/usr"
}
[Sun Apr 26 14:50:08 UTC 2026] radiusd exited with code 0. Restarting in 2s...
[Sun Apr 26 14:50:10 UTC 2026] Launching radiusd...
main {
 log {
 	destination = "stdout"
 	syslog_facility = "daemon"
 	localstatedir = "/usr/var"
 	logdir = "/usr/var/log"
 	file = "/app/data/radius.log"
 }
	name = "radiusd"
	prefix = "/usr"
}
[Sun Apr 26 14:50:10 UTC 2026] radiusd exited with code 0. Restarting in 2s...
[Sun Apr 26 14:50:13 UTC 2026] Launching radiusd...
main {
 log {
 	destination = "stdout"
 	syslog_facility = "daemon"
 	localstatedir = "/usr/var"
 	logdir = "/usr/var/log"
 	file = "/app/data/radius.log"
 }
	name = "radiusd"
	prefix = "/usr"
}
[Sun Apr 26 14:50:13 UTC 2026] radiusd exited with code 0. Restarting in 2s...
[Sun Apr 26 14:50:15 UTC 2026] Launching radiusd...
main {
 log {
 	destination = "stdout"
 	syslog_facility = "daemon"
 	localstatedir = "/usr/var"
 	logdir = "/usr/var/log"
 	file = "/app/data/radius.log"
 }
	name = "radiusd"
	prefix = "/usr"
}
[Sun Apr 26 14:50:15 UTC 2026] radiusd exited with code 0. Restarting in 2s...
[Sun Apr 26 14:50:17 UTC 2026] Launching radiusd...
main {
 log {
 	destination = "stdout"
 	syslog_facility = "daemon"
 	localstatedir = "/usr/var"
 	logdir = "/usr/var/log"
 	file = "/app/data/radius.log"
 }
	name = "radiusd"
	prefix = "/usr"
}
[Sun Apr 26 14:50:18 UTC 2026] radiusd exited with code 0. Restarting in 2s...
[Sun Apr 26 14:50:20 UTC 2026] Launching radiusd...
main {
 log {
 	destination = "stdout"
 	syslog_facility = "daemon"
 	localstatedir = "/usr/var"
 	logdir = "/usr/var/log"
 	file = "/app/data/radius.log"
 }
	name = "radiusd"
	prefix = "/usr"
}
[Sun Apr 26 14:50:20 UTC 2026] radiusd exited with code 0. Restarting in 2s...
[Sun Apr 26 14:50:22 UTC 2026] Launching radiusd...
main {
 log {
 	destination = "stdout"
 	syslog_facility = "daemon"
 	localstatedir = "/usr/var"
 	logdir = "/usr/var/log"
 	file = "/app/data/radius.log"
 }
	name = "radiusd"
	prefix = "/usr"
}
[Sun Apr 26 14:50:22 UTC 2026] radiusd exited with code 0. Restarting in 2s...
[Sun Apr 26 14:50:24 UTC 2026] Launching radiusd...
main {
 log {
 	destination = "stdout"
 	syslog_facility = "daemon"
 	localstatedir = "/usr/var"
 	logdir = "/usr/var/log"
 	file = "/app/data/radius.log"
 }
	name = "radiusd"
	prefix = "/usr"
}
[Sun Apr 26 14:50:25 UTC 2026] radiusd exited with code 0. Restarting in 2s...
[Sun Apr 26 14:50:27 UTC 2026] Launching radiusd...
main {
 log {
 	destination = "stdout"
 	syslog_facility = "daemon"
 	localstatedir = "/usr/var"
 	logdir = "/usr/var/log"
 	file = "/app/data/radius.log"
 }
	name = "radiusd"
	prefix = "/usr"
}
[Sun Apr 26 14:50:27 UTC 2026] radiusd exited with code 0. Restarting in 2s...
[Sun Apr 26 14:50:29 UTC 2026] Launching radiusd...
main {
 log {
 	destination = "stdout"
 	syslog_facility = "daemon"
 	localstatedir = "/usr/var"
 	logdir = "/usr/var/log"
 	file = "/app/data/radius.log"
 }
	name = "radiusd"
	prefix = "/usr"
}
[Sun Apr 26 14:50:30 UTC 2026] radiusd exited with code 0. Restarting in 2s...
[Sun Apr 26 14:50:32 UTC 2026] Launching radiusd...
main {
 log {
 	destination = "stdout"
 	syslog_facility = "daemon"
 	localstatedir = "/usr/var"
 	logdir = "/usr/var/log"
 	file = "/app/data/radius.log"
 }
	name = "radiusd"
	prefix = "/usr"
}
[Sun Apr 26 14:50:32 UTC 2026] radiusd exited with code 0. Restarting in 2s...
[Sun Apr 26 14:50:34 UTC 2026] Launching radiusd...
main {
 log {
 	destination = "stdout"
 	syslog_facility = "daemon"
 	localstatedir = "/usr/var"
 	logdir = "/usr/var/log"
 	file = "/app/data/radius.log"
 }
	name = "radiusd"
	prefix = "/usr"
}
[Sun Apr 26 14:50:35 UTC 2026] radiusd exited with code 0. Restarting in 2s...
[Sun Apr 26 14:50:37 UTC 2026] Launching radiusd...
main {
 log {
 	destination = "stdout"
 	syslog_facility = "daemon"
 	localstatedir = "/usr/var"
 	logdir = "/usr/var/log"
 	file = "/app/data/radius.log"
 }
	name = "radiusd"
	prefix = "/usr"
}
[Sun Apr 26 14:50:37 UTC 2026] radiusd exited with code 0. Restarting in 2s...
[Sun Apr 26 14:50:39 UTC 2026] Launching radiusd...
main {
 log {
 	destination = "stdout"
 	syslog_facility = "daemon"
 	localstatedir = "/usr/var"
 	logdir = "/usr/var/log"
 	file = "/app/data/radius.log"
 }
	name = "radiusd"
	prefix = "/usr"
}
[Sun Apr 26 14:50:44 UTC 2026] radiusd exited with code 0. Restarting in 2s...
[Sun Apr 26 14:50:47 UTC 2026] Launching radiusd...
main {
 log {
 	destination = "stdout"
 	syslog_facility = "daemon"
 	localstatedir = "/usr/var"
 	logdir = "/usr/var/log"
 	file = "/app/data/radius.log"
 }
	name = "radiusd"
	prefix = "/usr"
}
[Sun Apr 26 14:50:53 UTC 2026] radiusd exited with code 0. Restarting in 2s...
[Sun Apr 26 14:50:55 UTC 2026] Launching radiusd...
main {
 log {
 	destination = "stdout"
 	syslog_facility = "daemon"
 	localstatedir = "/usr/var"
 	logdir = "/usr/var/log"
 	file = "/app/data/radius.log"
 }
	name = "radiusd"
	prefix = "/usr"
}
[Sun Apr 26 14:50:55 UTC 2026] radiusd exited with code 0. Restarting in 2s...
[Sun Apr 26 14:50:57 UTC 2026] Launching radiusd...
main {
 log {
 	destination = "stdout"
 	syslog_facility = "daemon"
 	localstatedir = "/usr/var"
 	logdir = "/usr/var/log"
 	file = "/app/data/radius.log"
 }
	name = "radiusd"
	prefix = "/usr"
}
[Sun Apr 26 14:50:58 UTC 2026] radiusd exited with code 0. Restarting in 2s...
[Sun Apr 26 14:51:00 UTC 2026] Launching radiusd...
main {
 log {
 	destination = "stdout"
 	syslog_facility = "daemon"
 	localstatedir = "/usr/var"
 	logdir = "/usr/var/log"
 	file = "/app/data/radius.log"
 }
	name = "radiusd"
	prefix = "/usr"
}
[Sun Apr 26 14:51:00 UTC 2026] radiusd exited with code 0. Restarting in 2s...
[Sun Apr 26 14:51:02 UTC 2026] Launching radiusd...
main {
 log {
 	destination = "stdout"
 	syslog_facility = "daemon"
 	localstatedir = "/usr/var"
 	logdir = "/usr/var/log"
 	file = "/app/data/radius.log"
 }
	name = "radiusd"
	prefix = "/usr"
}
[Sun Apr 26 14:51:02 UTC 2026] radiusd exited with code 0. Restarting in 2s...
[Sun Apr 26 14:51:04 UTC 2026] Launching radiusd...
main {
 log {
 	destination = "stdout"
 	syslog_facility = "daemon"
 	localstatedir = "/usr/var"
 	logdir = "/usr/var/log"
 	file = "/app/data/radius.log"
 }
	name = "radiusd"
	prefix = "/usr"
}
[Sun Apr 26 14:51:05 UTC 2026] radiusd exited with code 0. Restarting in 2s...
[Sun Apr 26 14:51:07 UTC 2026] Launching radiusd...
main {
 log {
 	destination = "stdout"
 	syslog_facility = "daemon"
 	localstatedir = "/usr/var"
 	logdir = "/usr/var/log"
 	file = "/app/data/radius.log"
 }
	name = "radiusd"
	prefix = "/usr"
}
[Sun Apr 26 14:51:14 UTC 2026] radiusd exited with code 0. Restarting in 2s...
[Sun Apr 26 14:51:16 UTC 2026] Launching radiusd...
main {
 log {
 	destination = "stdout"
 	syslog_facility = "daemon"
 	localstatedir = "/usr/var"
 	logdir = "/usr/var/log"
 	file = "/app/data/radius.log"
 }
	name = "radiusd"
	prefix = "/usr"
}
[Sun Apr 26 14:51:19 UTC 2026] radiusd exited with code 0. Restarting in 2s...
[Sun Apr 26 14:51:21 UTC 2026] Launching radiusd...
main {
 log {
 	destination = "stdout"
 	syslog_facility = "daemon"
 	localstatedir = "/usr/var"
 	logdir = "/usr/var/log"
 	file = "/app/data/radius.log"
 }
	name = "radiusd"
	prefix = "/usr"
}
[Sun Apr 26 14:51:22 UTC 2026] radiusd exited with code 0. Restarting in 2s...
[Sun Apr 26 14:51:24 UTC 2026] Launching radiusd...
main {
 log {
 	destination = "stdout"
 	syslog_facility = "daemon"
 	localstatedir = "/usr/var"
 	logdir = "/usr/var/log"
 	file = "/app/data/radius.log"
 }
	name = "radiusd"
	prefix = "/usr"
}
[Sun Apr 26 14:51:24 UTC 2026] radiusd exited with code 0. Restarting in 2s...
[Sun Apr 26 14:51:26 UTC 2026] Launching radiusd...
main {
 log {
 	destination = "stdout"
 	syslog_facility = "daemon"
 	localstatedir = "/usr/var"
 	logdir = "/usr/var/log"
 	file = "/app/data/radius.log"
 }
	name = "radiusd"
	prefix = "/usr"
}
[Sun Apr 26 14:51:27 UTC 2026] radiusd exited with code 0. Restarting in 2s...
[Sun Apr 26 14:51:29 UTC 2026] Launching radiusd...
main {
 log {
 	destination = "stdout"
 	syslog_facility = "daemon"
 	localstatedir = "/usr/var"
 	logdir = "/usr/var/log"
 	file = "/app/data/radius.log"
 }
	name = "radiusd"
	prefix = "/usr"
}
[Sun Apr 26 14:51:30 UTC 2026] radiusd exited with code 0. Restarting in 2s...
[Sun Apr 26 14:51:32 UTC 2026] Launching radiusd...
main {
 log {
 	destination = "stdout"
 	syslog_facility = "daemon"
 	localstatedir = "/usr/var"
 	logdir = "/usr/var/log"
 	file = "/app/data/radius.log"
 }
	name = "radiusd"
	prefix = "/usr"
}
[Sun Apr 26 14:51:32 UTC 2026] radiusd exited with code 0. Restarting in 2s...
[Sun Apr 26 14:51:34 UTC 2026] Launching radiusd...
main {
 log {
 	destination = "stdout"
 	syslog_facility = "daemon"
 	localstatedir = "/usr/var"
 	logdir = "/usr/var/log"
 	file = "/app/data/radius.log"
 }
	name = "radiusd"
	prefix = "/usr"
}
[Sun Apr 26 14:51:34 UTC 2026] radiusd exited with code 0. Restarting in 2s...
[Sun Apr 26 14:51:36 UTC 2026] Launching radiusd...
main {
 log {
 	destination = "stdout"
 	syslog_facility = "daemon"
 	localstatedir = "/usr/var"
 	logdir = "/usr/var/log"
 	file = "/app/data/radius.log"
 }
	name = "radiusd"
	prefix = "/usr"
}
[Sun Apr 26 14:51:37 UTC 2026] radiusd exited with code 0. Restarting in 2s...
[Sun Apr 26 14:51:39 UTC 2026] Launching radiusd...
main {
 log {
 	destination = "stdout"
 	syslog_facility = "daemon"
 	localstatedir = "/usr/var"
 	logdir = "/usr/var/log"
 	file = "/app/data/radius.log"
 }
	name = "radiusd"
	prefix = "/usr"
}
[Sun Apr 26 14:51:39 UTC 2026] radiusd exited with code 0. Restarting in 2s...
[Sun Apr 26 14:51:41 UTC 2026] Launching radiusd...
main {
 log {
 	destination = "stdout"
 	syslog_facility = "daemon"
 	localstatedir = "/usr/var"
 	logdir = "/usr/var/log"
 	file = "/app/data/radius.log"
 }
	name = "radiusd"
	prefix = "/usr"
}
[Sun Apr 26 14:51:42 UTC 2026] radiusd exited with code 0. Restarting in 2s...
[Sun Apr 26 14:51:44 UTC 2026] Launching radiusd...
main {
 log {
 	destination = "stdout"
 	syslog_facility = "daemon"
 	localstatedir = "/usr/var"
 	logdir = "/usr/var/log"
 	file = "/app/data/radius.log"
 }
	name = "radiusd"
	prefix = "/usr"
}
[Sun Apr 26 14:51:44 UTC 2026] radiusd exited with code 0. Restarting in 2s...
[Sun Apr 26 14:51:46 UTC 2026] Launching radiusd...
main {
 log {
 	destination = "stdout"
 	syslog_facility = "daemon"
 	localstatedir = "/usr/var"
 	logdir = "/usr/var/log"
 	file = "/app/data/radius.log"
 }
	name = "radiusd"
	prefix = "/usr"
}
[Sun Apr 26 14:51:47 UTC 2026] radiusd exited with code 0. Restarting in 2s...
[Sun Apr 26 14:51:49 UTC 2026] Launching radiusd...
main {
 log {
 	destination = "stdout"
 	syslog_facility = "daemon"
 	localstatedir = "/usr/var"
 	logdir = "/usr/var/log"
 	file = "/app/data/radius.log"
 }
	name = "radiusd"
	prefix = "/usr"
}
[Sun Apr 26 14:51:49 UTC 2026] radiusd exited with code 0. Restarting in 2s...
[Sun Apr 26 14:51:51 UTC 2026] Launching radiusd...
main {
 log {
 	destination = "stdout"
 	syslog_facility = "daemon"
 	localstatedir = "/usr/var"
 	logdir = "/usr/var/log"
 	file = "/app/data/radius.log"
 }
	name = "radiusd"
	prefix = "/usr"
}
[Sun Apr 26 14:51:52 UTC 2026] radiusd exited with code 0. Restarting in 2s...
[Sun Apr 26 14:51:54 UTC 2026] Launching radiusd...
main {
 log {
 	destination = "stdout"
 	syslog_facility = "daemon"
 	localstatedir = "/usr/var"
 	logdir = "/usr/var/log"
 	file = "/app/data/radius.log"
 }
	name = "radiusd"
	prefix = "/usr"
}
[Sun Apr 26 14:51:55 UTC 2026] radiusd exited with code 0. Restarting in 2s...
[Sun Apr 26 14:51:57 UTC 2026] Launching radiusd...
main {
 log {
 	destination = "stdout"
 	syslog_facility = "daemon"
 	localstatedir = "/usr/var"
 	logdir = "/usr/var/log"
 	file = "/app/data/radius.log"
 }
	name = "radiusd"
	prefix = "/usr"
}
[Sun Apr 26 14:51:57 UTC 2026] radiusd exited with code 0. Restarting in 2s...
[Sun Apr 26 14:51:59 UTC 2026] Launching radiusd...
main {
 log {
 	destination = "stdout"
 	syslog_facility = "daemon"
 	localstatedir = "/usr/var"
 	logdir = "/usr/var/log"
 	file = "/app/data/radius.log"
 }
	name = "radiusd"
	prefix = "/usr"
}
[Sun Apr 26 14:52:00 UTC 2026] radiusd exited with code 0. Restarting in 2s...
[Sun Apr 26 14:52:02 UTC 2026] Launching radiusd...
main {
 log {
 	destination = "stdout"
 	syslog_facility = "daemon"
 	localstatedir = "/usr/var"
 	logdir = "/usr/var/log"
 	file = "/app/data/radius.log"
 }
	name = "radiusd"
	prefix = "/usr"
}
[Sun Apr 26 14:52:02 UTC 2026] radiusd exited with code 0. Restarting in 2s...
[Sun Apr 26 14:52:04 UTC 2026] Launching radiusd...
main {
 log {
 	destination = "stdout"
 	syslog_facility = "daemon"
 	localstatedir = "/usr/var"
 	logdir = "/usr/var/log"
 	file = "/app/data/radius.log"
 }
	name = "radiusd"
	prefix = "/usr"
}
[Sun Apr 26 14:52:04 UTC 2026] radiusd exited with code 0. Restarting in 2s...
[Sun Apr 26 14:52:06 UTC 2026] Launching radiusd...
main {
 log {
 	destination = "stdout"
 	syslog_facility = "daemon"
 	localstatedir = "/usr/var"
 	logdir = "/usr/var/log"
 	file = "/app/data/radius.log"
 }
	name = "radiusd"
	prefix = "/usr"
}
[Sun Apr 26 14:52:07 UTC 2026] radiusd exited with code 0. Restarting in 2s...
[Sun Apr 26 14:52:09 UTC 2026] Launching radiusd...
main {
 log {
 	destination = "stdout"
 	syslog_facility = "daemon"
 	localstatedir = "/usr/var"
 	logdir = "/usr/var/log"
 	file = "/app/data/radius.log"
 }
	name = "radiusd"
	prefix = "/usr"
}
[Sun Apr 26 14:52:09 UTC 2026] radiusd exited with code 0. Restarting in 2s...
[Sun Apr 26 14:52:11 UTC 2026] Launching radiusd...
main {
 log {
 	destination = "stdout"
 	syslog_facility = "daemon"
 	localstatedir = "/usr/var"
 	logdir = "/usr/var/log"
 	file = "/app/data/radius.log"
 }
	name = "radiusd"
	prefix = "/usr"
}
[Sun Apr 26 14:52:12 UTC 2026] radiusd exited with code 0. Restarting in 2s...
[Sun Apr 26 14:52:14 UTC 2026] Launching radiusd...
main {
 log {
 	destination = "stdout"
 	syslog_facility = "daemon"
 	localstatedir = "/usr/var"
 	logdir = "/usr/var/log"
 	file = "/app/data/radius.log"
 }
	name = "radiusd"
	prefix = "/usr"
}
[Sun Apr 26 14:52:14 UTC 2026] radiusd exited with code 0. Restarting in 2s...
[Sun Apr 26 14:52:16 UTC 2026] Launching radiusd...
main {
 log {
 	destination = "stdout"
 	syslog_facility = "daemon"
 	localstatedir = "/usr/var"
 	logdir = "/usr/var/log"
 	file = "/app/data/radius.log"
 }
	name = "radiusd"
	prefix = "/usr"
}
[Sun Apr 26 14:52:16 UTC 2026] radiusd exited with code 0. Restarting in 2s...
[Sun Apr 26 14:52:18 UTC 2026] Launching radiusd...
main {
 log {
 	destination = "stdout"
 	syslog_facility = "daemon"
 	localstatedir = "/usr/var"
 	logdir = "/usr/var/log"
 	file = "/app/data/radius.log"
 }
	name = "radiusd"
	prefix = "/usr"
}
[Sun Apr 26 14:52:19 UTC 2026] radiusd exited with code 0. Restarting in 2s...
[Sun Apr 26 14:52:21 UTC 2026] Launching radiusd...
main {
 log {
 	destination = "stdout"
 	syslog_facility = "daemon"
 	localstatedir = "/usr/var"
 	logdir = "/usr/var/log"
 	file = "/app/data/radius.log"
 }
	name = "radiusd"
	prefix = "/usr"
}
[Sun Apr 26 14:52:21 UTC 2026] radiusd exited with code 0. Restarting in 2s...
[Sun Apr 26 14:52:23 UTC 2026] Launching radiusd...
main {
 log {
 	destination = "stdout"
 	syslog_facility = "daemon"
 	localstatedir = "/usr/var"
 	logdir = "/usr/var/log"
 	file = "/app/data/radius.log"
 }
	name = "radiusd"
	prefix = "/usr"
}
[Sun Apr 26 14:52:24 UTC 2026] radiusd exited with code 0. Restarting in 2s...
[Sun Apr 26 14:52:26 UTC 2026] Launching radiusd...
main {
 log {
 	destination = "stdout"
 	syslog_facility = "daemon"
 	localstatedir = "/usr/var"
 	logdir = "/usr/var/log"
 	file = "/app/data/radius.log"
 }
	name = "radiusd"
	prefix = "/usr"
}
[Sun Apr 26 14:52:26 UTC 2026] radiusd exited with code 0. Restarting in 2s...
[Sun Apr 26 14:52:28 UTC 2026] Launching radiusd...
main {
 log {
 	destination = "stdout"
 	syslog_facility = "daemon"
 	localstatedir = "/usr/var"
 	logdir = "/usr/var/log"
 	file = "/app/data/radius.log"
 }
	name = "radiusd"
	prefix = "/usr"
}
[Sun Apr 26 14:52:29 UTC 2026] radiusd exited with code 0. Restarting in 2s...
[Sun Apr 26 14:52:31 UTC 2026] Launching radiusd...
main {
 log {
 	destination = "stdout"
 	syslog_facility = "daemon"
 	localstatedir = "/usr/var"
 	logdir = "/usr/var/log"
 	file = "/app/data/radius.log"
 }
	name = "radiusd"
	prefix = "/usr"
}
[Sun Apr 26 14:52:32 UTC 2026] radiusd exited with code 0. Restarting in 2s...
[Sun Apr 26 14:52:34 UTC 2026] Launching radiusd...
main {
 log {
 	destination = "stdout"
 	syslog_facility = "daemon"
 	localstatedir = "/usr/var"
 	logdir = "/usr/var/log"
 	file = "/app/data/radius.log"
 }
	name = "radiusd"
	prefix = "/usr"
}
[Sun Apr 26 14:52:35 UTC 2026] radiusd exited with code 0. Restarting in 2s...
[Sun Apr 26 14:52:37 UTC 2026] Launching radiusd...
main {
 log {
 	destination = "stdout"
 	syslog_facility = "daemon"
 	localstatedir = "/usr/var"
 	logdir = "/usr/var/log"
 	file = "/app/data/radius.log"
 }
	name = "radiusd"
	prefix = "/usr"
}
[Sun Apr 26 14:52:37 UTC 2026] radiusd exited with code 0. Restarting in 2s...
[Sun Apr 26 14:52:39 UTC 2026] Launching radiusd...
main {
 log {
 	destination = "stdout"
 	syslog_facility = "daemon"
 	localstatedir = "/usr/var"
 	logdir = "/usr/var/log"
 	file = "/app/data/radius.log"
 }
	name = "radiusd"
	prefix = "/usr"
}
[Sun Apr 26 14:52:39 UTC 2026] radiusd exited with code 0. Restarting in 2s...
[Sun Apr 26 14:52:42 UTC 2026] Launching radiusd...
main {
 log {
 	destination = "stdout"
 	syslog_facility = "daemon"
 	localstatedir = "/usr/var"
 	logdir = "/usr/var/log"
 	file = "/app/data/radius.log"
 }
	name = "radiusd"
	prefix = "/usr"
}
[Sun Apr 26 14:52:42 UTC 2026] radiusd exited with code 0. Restarting in 2s...
[Sun Apr 26 14:52:44 UTC 2026] Launching radiusd...
main {
 log {
 	destination = "stdout"
 	syslog_facility = "daemon"
 	localstatedir = "/usr/var"
 	logdir = "/usr/var/log"
 	file = "/app/data/radius.log"
 }
	name = "radiusd"
	prefix = "/usr"
}
[Sun Apr 26 14:52:44 UTC 2026] radiusd exited with code 0. Restarting in 2s...
[Sun Apr 26 14:52:46 UTC 2026] Launching radiusd...
main {
 log {
 	destination = "stdout"
 	syslog_facility = "daemon"
 	localstatedir = "/usr/var"
 	logdir = "/usr/var/log"
 	file = "/app/data/radius.log"
 }
	name = "radiusd"
	prefix = "/usr"
}
[Sun Apr 26 14:52:47 UTC 2026] radiusd exited with code 0. Restarting in 2s...
[Sun Apr 26 14:52:49 UTC 2026] Launching radiusd...
main {
 log {
 	destination = "stdout"
 	syslog_facility = "daemon"
 	localstatedir = "/usr/var"
 	logdir = "/usr/var/log"
 	file = "/app/data/radius.log"
 }
	name = "radiusd"
	prefix = "/usr"
}
[Sun Apr 26 14:52:49 UTC 2026] radiusd exited with code 0. Restarting in 2s...
[Sun Apr 26 14:52:51 UTC 2026] Launching radiusd...
main {
 log {
 	destination = "stdout"
 	syslog_facility = "daemon"
 	localstatedir = "/usr/var"
 	logdir = "/usr/var/log"
 	file = "/app/data/radius.log"
 }
	name = "radiusd"
	prefix = "/usr"
}
[Sun Apr 26 14:52:52 UTC 2026] radiusd exited with code 0. Restarting in 2s...
[Sun Apr 26 14:52:54 UTC 2026] Launching radiusd...
main {
 log {
 	destination = "stdout"
 	syslog_facility = "daemon"
 	localstatedir = "/usr/var"
 	logdir = "/usr/var/log"
 	file = "/app/data/radius.log"
 }
	name = "radiusd"
	prefix = "/usr"
}
[Sun Apr 26 14:52:54 UTC 2026] radiusd exited with code 0. Restarting in 2s...
[Sun Apr 26 14:52:56 UTC 2026] Launching radiusd...
main {
 log {
 	destination = "stdout"
 	syslog_facility = "daemon"
 	localstatedir = "/usr/var"
 	logdir = "/usr/var/log"
 	file = "/app/data/radius.log"
 }
	name = "radiusd"
	prefix = "/usr"
}
[Sun Apr 26 14:52:57 UTC 2026] radiusd exited with code 0. Restarting in 2s...
[Sun Apr 26 14:52:59 UTC 2026] Launching radiusd...
main {
 log {
 	destination = "stdout"
 	syslog_facility = "daemon"
 	localstatedir = "/usr/var"
 	logdir = "/usr/var/log"
 	file = "/app/data/radius.log"
 }
	name = "radiusd"
	prefix = "/usr"
}
[Sun Apr 26 14:52:59 UTC 2026] radiusd exited with code 0. Restarting in 2s...
[Sun Apr 26 14:53:01 UTC 2026] Launching radiusd...
main {
 log {
 	destination = "stdout"
 	syslog_facility = "daemon"
 	localstatedir = "/usr/var"
 	logdir = "/usr/var/log"
 	file = "/app/data/radius.log"
 }
	name = "radiusd"
	prefix = "/usr"
}
[Sun Apr 26 14:53:01 UTC 2026] radiusd exited with code 0. Restarting in 2s...
[Sun Apr 26 14:53:03 UTC 2026] Launching radiusd...
main {
 log {
 	destination = "stdout"
 	syslog_facility = "daemon"
 	localstatedir = "/usr/var"
 	logdir = "/usr/var/log"
 	file = "/app/data/radius.log"
 }
	name = "radiusd"
	prefix = "/usr"
}
[Sun Apr 26 14:53:04 UTC 2026] radiusd exited with code 0. Restarting in 2s...
[Sun Apr 26 14:53:06 UTC 2026] Launching radiusd...
main {
 log {
 	destination = "stdout"
 	syslog_facility = "daemon"
 	localstatedir = "/usr/var"
 	logdir = "/usr/var/log"
 	file = "/app/data/radius.log"
 }
	name = "radiusd"
	prefix = "/usr"
}
[Sun Apr 26 14:53:07 UTC 2026] radiusd exited with code 0. Restarting in 2s...
[Sun Apr 26 14:53:09 UTC 2026] Launching radiusd...
main {
 log {
 	destination = "stdout"
 	syslog_facility = "daemon"
 	localstatedir = "/usr/var"
 	logdir = "/usr/var/log"
 	file = "/app/data/radius.log"
 }
	name = "radiusd"
	prefix = "/usr"
}
[Sun Apr 26 14:53:10 UTC 2026] radiusd exited with code 0. Restarting in 2s...
[Sun Apr 26 14:53:12 UTC 2026] Launching radiusd...
main {
 log {
 	destination = "stdout"
 	syslog_facility = "daemon"
 	localstatedir = "/usr/var"
 	logdir = "/usr/var/log"
 	file = "/app/data/radius.log"
 }
	name = "radiusd"
	prefix = "/usr"
}
[Sun Apr 26 14:53:12 UTC 2026] radiusd exited with code 0. Restarting in 2s...
[Sun Apr 26 14:53:14 UTC 2026] Launching radiusd...
main {
 log {
 	destination = "stdout"
 	syslog_facility = "daemon"
 	localstatedir = "/usr/var"
 	logdir = "/usr/var/log"
 	file = "/app/data/radius.log"
 }
	name = "radiusd"
	prefix = "/usr"
}
[Sun Apr 26 14:53:15 UTC 2026] radiusd exited with code 0. Restarting in 2s...
[Sun Apr 26 14:53:17 UTC 2026] Launching radiusd...
main {
 log {
 	destination = "stdout"
 	syslog_facility = "daemon"
 	localstatedir = "/usr/var"
 	logdir = "/usr/var/log"
 	file = "/app/data/radius.log"
 }
	name = "radiusd"
	prefix = "/usr"
}
[Sun Apr 26 14:53:18 UTC 2026] radiusd exited with code 0. Restarting in 2s...
[Sun Apr 26 14:53:20 UTC 2026] Launching radiusd...
main {
 log {
 	destination = "stdout"
 	syslog_facility = "daemon"
 	localstatedir = "/usr/var"
 	logdir = "/usr/var/log"
 	file = "/app/data/radius.log"
 }
	name = "radiusd"
	prefix = "/usr"
}
[Sun Apr 26 14:53:20 UTC 2026] radiusd exited with code 0. Restarting in 2s...
[Sun Apr 26 14:53:22 UTC 2026] Launching radiusd...
main {
 log {
 	destination = "stdout"
 	syslog_facility = "daemon"
 	localstatedir = "/usr/var"
 	logdir = "/usr/var/log"
 	file = "/app/data/radius.log"
 }
	name = "radiusd"
	prefix = "/usr"
}
[Sun Apr 26 14:53:22 UTC 2026] radiusd exited with code 0. Restarting in 2s...
[Sun Apr 26 14:53:24 UTC 2026] Launching radiusd...
main {
 log {
 	destination = "stdout"
 	syslog_facility = "daemon"
 	localstatedir = "/usr/var"
 	logdir = "/usr/var/log"
 	file = "/app/data/radius.log"
 }
	name = "radiusd"
	prefix = "/usr"
}
[Sun Apr 26 14:53:25 UTC 2026] radiusd exited with code 0. Restarting in 2s...
[Sun Apr 26 14:53:27 UTC 2026] Launching radiusd...
main {
 log {
 	destination = "stdout"
 	syslog_facility = "daemon"
 	localstatedir = "/usr/var"
 	logdir = "/usr/var/log"
 	file = "/app/data/radius.log"
 }
	name = "radiusd"
	prefix = "/usr"
}
[Sun Apr 26 14:53:27 UTC 2026] radiusd exited with code 0. Restarting in 2s...
[Sun Apr 26 14:53:29 UTC 2026] Launching radiusd...
main {
 log {
 	destination = "stdout"
 	syslog_facility = "daemon"
 	localstatedir = "/usr/var"
 	logdir = "/usr/var/log"
 	file = "/app/data/radius.log"
 }
	name = "radiusd"
	prefix = "/usr"
}
[Sun Apr 26 14:53:30 UTC 2026] radiusd exited with code 0. Restarting in 2s...
[Sun Apr 26 14:53:32 UTC 2026] Launching radiusd...
main {
 log {
 	destination = "stdout"
 	syslog_facility = "daemon"
 	localstatedir = "/usr/var"
 	logdir = "/usr/var/log"
 	file = "/app/data/radius.log"
 }
	name = "radiusd"
	prefix = "/usr"
}
[Sun Apr 26 14:53:32 UTC 2026] radiusd exited with code 0. Restarting in 2s...
[Sun Apr 26 14:53:34 UTC 2026] Launching radiusd...
main {
 log {
 	destination = "stdout"
 	syslog_facility = "daemon"
 	localstatedir = "/usr/var"
 	logdir = "/usr/var/log"
 	file = "/app/data/radius.log"
 }
	name = "radiusd"
	prefix = "/usr"
}
[Sun Apr 26 14:53:35 UTC 2026] radiusd exited with code 0. Restarting in 2s...
[Sun Apr 26 14:53:37 UTC 2026] Launching radiusd...
main {
 log {
 	destination = "stdout"
 	syslog_facility = "daemon"
 	localstatedir = "/usr/var"
 	logdir = "/usr/var/log"
 	file = "/app/data/radius.log"
 }
	name = "radiusd"
	prefix = "/usr"
}
[Sun Apr 26 14:53:37 UTC 2026] radiusd exited with code 0. Restarting in 2s...
[Sun Apr 26 14:53:39 UTC 2026] Launching radiusd...
main {
 log {
 	destination = "stdout"
 	syslog_facility = "daemon"
 	localstatedir = "/usr/var"
 	logdir = "/usr/var/log"
 	file = "/app/data/radius.log"
 }
	name = "radiusd"
	prefix = "/usr"
}
[Sun Apr 26 14:53:39 UTC 2026] radiusd exited with code 0. Restarting in 2s...
[Sun Apr 26 14:53:41 UTC 2026] Launching radiusd...
main {
 log {
 	destination = "stdout"
 	syslog_facility = "daemon"
 	localstatedir = "/usr/var"
 	logdir = "/usr/var/log"
 	file = "/app/data/radius.log"
 }
	name = "radiusd"
	prefix = "/usr"
}
[Sun Apr 26 14:53:42 UTC 2026] radiusd exited with code 0. Restarting in 2s...
[Sun Apr 26 14:53:44 UTC 2026] Launching radiusd...
main {
 log {
 	destination = "stdout"
 	syslog_facility = "daemon"
 	localstatedir = "/usr/var"
 	logdir = "/usr/var/log"
 	file = "/app/data/radius.log"
 }
	name = "radiusd"
	prefix = "/usr"
}
[Sun Apr 26 14:53:44 UTC 2026] radiusd exited with code 0. Restarting in 2s...
[Sun Apr 26 14:53:46 UTC 2026] Launching radiusd...
main {
 log {
 	destination = "stdout"
 	syslog_facility = "daemon"
 	localstatedir = "/usr/var"
 	logdir = "/usr/var/log"
 	file = "/app/data/radius.log"
 }
	name = "radiusd"
	prefix = "/usr"
}
[Sun Apr 26 14:53:47 UTC 2026] radiusd exited with code 0. Restarting in 2s...
[Sun Apr 26 14:53:49 UTC 2026] Launching radiusd...
main {
 log {
 	destination = "stdout"
 	syslog_facility = "daemon"
 	localstatedir = "/usr/var"
 	logdir = "/usr/var/log"
 	file = "/app/data/radius.log"
 }
	name = "radiusd"
	prefix = "/usr"
}
[Sun Apr 26 14:53:49 UTC 2026] radiusd exited with code 0. Restarting in 2s...
[Sun Apr 26 14:53:51 UTC 2026] Launching radiusd...
main {
 log {
 	destination = "stdout"
 	syslog_facility = "daemon"
 	localstatedir = "/usr/var"
 	logdir = "/usr/var/log"
 	file = "/app/data/radius.log"
 }
	name = "radiusd"
	prefix = "/usr"
}
[Sun Apr 26 14:53:51 UTC 2026] radiusd exited with code 0. Restarting in 2s...
[Sun Apr 26 14:53:53 UTC 2026] Launching radiusd...
main {
 log {
 	destination = "stdout"
 	syslog_facility = "daemon"
 	localstatedir = "/usr/var"
 	logdir = "/usr/var/log"
 	file = "/app/data/radius.log"
 }
	name = "radiusd"
	prefix = "/usr"
}
[Sun Apr 26 14:53:54 UTC 2026] radiusd exited with code 0. Restarting in 2s...
[Sun Apr 26 14:53:56 UTC 2026] Launching radiusd...
main {
 log {
 	destination = "stdout"
 	syslog_facility = "daemon"
 	localstatedir = "/usr/var"
 	logdir = "/usr/var/log"
 	file = "/app/data/radius.log"
 }
	name = "radiusd"
	prefix = "/usr"
}
[Sun Apr 26 14:53:57 UTC 2026] radiusd exited with code 0. Restarting in 2s...
[Sun Apr 26 14:53:59 UTC 2026] Launching radiusd...
main {
 log {
 	destination = "stdout"
 	syslog_facility = "daemon"
 	localstatedir = "/usr/var"
 	logdir = "/usr/var/log"
 	file = "/app/data/radius.log"
 }
	name = "radiusd"
	prefix = "/usr"
}
[Sun Apr 26 14:54:00 UTC 2026] radiusd exited with code 0. Restarting in 2s...
[Sun Apr 26 14:54:02 UTC 2026] Launching radiusd...
main {
 log {
 	destination = "stdout"
 	syslog_facility = "daemon"
 	localstatedir = "/usr/var"
 	logdir = "/usr/var/log"
 	file = "/app/data/radius.log"
 }
	name = "radiusd"
	prefix = "/usr"
}
[Sun Apr 26 14:54:02 UTC 2026] radiusd exited with code 0. Restarting in 2s...
[Sun Apr 26 14:54:04 UTC 2026] Launching radiusd...
main {
 log {
 	destination = "stdout"
 	syslog_facility = "daemon"
 	localstatedir = "/usr/var"
 	logdir = "/usr/var/log"
 	file = "/app/data/radius.log"
 }
	name = "radiusd"
	prefix = "/usr"
}
[Sun Apr 26 14:54:05 UTC 2026] radiusd exited with code 0. Restarting in 2s...
[Sun Apr 26 14:54:07 UTC 2026] Launching radiusd...
main {
 log {
 	destination = "stdout"
 	syslog_facility = "daemon"
 	localstatedir = "/usr/var"
 	logdir = "/usr/var/log"
 	file = "/app/data/radius.log"
 }
	name = "radiusd"
	prefix = "/usr"
}
[Sun Apr 26 14:54:08 UTC 2026] radiusd exited with code 0. Restarting in 2s...
[Sun Apr 26 14:54:10 UTC 2026] Launching radiusd...
main {
 log {
 	destination = "stdout"
 	syslog_facility = "daemon"
 	localstatedir = "/usr/var"
 	logdir = "/usr/var/log"
 	file = "/app/data/radius.log"
 }
	name = "radiusd"
	prefix = "/usr"
}
[Sun Apr 26 14:54:10 UTC 2026] radiusd exited with code 0. Restarting in 2s...
[Sun Apr 26 14:54:12 UTC 2026] Launching radiusd...
main {
 log {
 	destination = "stdout"
 	syslog_facility = "daemon"
 	localstatedir = "/usr/var"
 	logdir = "/usr/var/log"
 	file = "/app/data/radius.log"
 }
	name = "radiusd"
	prefix = "/usr"
}
[Sun Apr 26 14:54:13 UTC 2026] radiusd exited with code 0. Restarting in 2s...
[Sun Apr 26 14:54:15 UTC 2026] Launching radiusd...
main {
 log {
 	destination = "stdout"
 	syslog_facility = "daemon"
 	localstatedir = "/usr/var"
 	logdir = "/usr/var/log"
 	file = "/app/data/radius.log"
 }
	name = "radiusd"
	prefix = "/usr"
}
[Sun Apr 26 14:54:15 UTC 2026] radiusd exited with code 0. Restarting in 2s...
[Sun Apr 26 14:54:17 UTC 2026] Launching radiusd...
main {
 log {
 	destination = "stdout"
 	syslog_facility = "daemon"
 	localstatedir = "/usr/var"
 	logdir = "/usr/var/log"
 	file = "/app/data/radius.log"
 }
	name = "radiusd"
	prefix = "/usr"
}
[Sun Apr 26 14:54:18 UTC 2026] radiusd exited with code 0. Restarting in 2s...
[Sun Apr 26 14:54:20 UTC 2026] Launching radiusd...
main {
 log {
 	destination = "stdout"
 	syslog_facility = "daemon"
 	localstatedir = "/usr/var"
 	logdir = "/usr/var/log"
 	file = "/app/data/radius.log"
 }
	name = "radiusd"
	prefix = "/usr"
}
[Sun Apr 26 14:54:20 UTC 2026] radiusd exited with code 0. Restarting in 2s...
[Sun Apr 26 14:54:22 UTC 2026] Launching radiusd...
main {
 log {
 	destination = "stdout"
 	syslog_facility = "daemon"
 	localstatedir = "/usr/var"
 	logdir = "/usr/var/log"
 	file = "/app/data/radius.log"
 }
	name = "radiusd"
	prefix = "/usr"
}
[Sun Apr 26 14:54:23 UTC 2026] radiusd exited with code 0. Restarting in 2s...
[Sun Apr 26 14:54:25 UTC 2026] Launching radiusd...
main {
 log {
 	destination = "stdout"
 	syslog_facility = "daemon"
 	localstatedir = "/usr/var"
 	logdir = "/usr/var/log"
 	file = "/app/data/radius.log"
 }
	name = "radiusd"
	prefix = "/usr"
}
[Sun Apr 26 14:54:25 UTC 2026] radiusd exited with code 0. Restarting in 2s...
[Sun Apr 26 14:54:27 UTC 2026] Launching radiusd...
main {
 log {
 	destination = "stdout"
 	syslog_facility = "daemon"
 	localstatedir = "/usr/var"
 	logdir = "/usr/var/log"
 	file = "/app/data/radius.log"
 }
	name = "radiusd"
	prefix = "/usr"
}
[Sun Apr 26 14:54:27 UTC 2026] radiusd exited with code 0. Restarting in 2s...
[Sun Apr 26 14:54:29 UTC 2026] Launching radiusd...
main {
 log {
 	destination = "stdout"
 	syslog_facility = "daemon"
 	localstatedir = "/usr/var"
 	logdir = "/usr/var/log"
 	file = "/app/data/radius.log"
 }
	name = "radiusd"
	prefix = "/usr"
}
[Sun Apr 26 14:54:30 UTC 2026] radiusd exited with code 0. Restarting in 2s...
[Sun Apr 26 14:54:32 UTC 2026] Launching radiusd...
main {
 log {
 	destination = "stdout"
 	syslog_facility = "daemon"
 	localstatedir = "/usr/var"
 	logdir = "/usr/var/log"
 	file = "/app/data/radius.log"
 }
	name = "radiusd"
	prefix = "/usr"
}
[Sun Apr 26 14:54:32 UTC 2026] radiusd exited with code 0. Restarting in 2s...
[Sun Apr 26 14:54:34 UTC 2026] Launching radiusd...
main {
 log {
 	destination = "stdout"
 	syslog_facility = "daemon"
 	localstatedir = "/usr/var"
 	logdir = "/usr/var/log"
 	file = "/app/data/radius.log"
 }
	name = "radiusd"
	prefix = "/usr"
}
[Sun Apr 26 14:54:34 UTC 2026] radiusd exited with code 0. Restarting in 2s...
[Sun Apr 26 14:54:37 UTC 2026] Launching radiusd...
main {
 log {
 	destination = "stdout"
 	syslog_facility = "daemon"
 	localstatedir = "/usr/var"
 	logdir = "/usr/var/log"
 	file = "/app/data/radius.log"
 }
	name = "radiusd"
	prefix = "/usr"
}
[Sun Apr 26 14:54:37 UTC 2026] radiusd exited with code 0. Restarting in 2s...
[Sun Apr 26 14:54:39 UTC 2026] Launching radiusd...
main {
 log {
 	destination = "stdout"
 	syslog_facility = "daemon"
 	localstatedir = "/usr/var"
 	logdir = "/usr/var/log"
 	file = "/app/data/radius.log"
 }
	name = "radiusd"
	prefix = "/usr"
}
[Sun Apr 26 14:54:39 UTC 2026] radiusd exited with code 0. Restarting in 2s...
[Sun Apr 26 14:54:41 UTC 2026] Launching radiusd...
main {
 log {
 	destination = "stdout"
 	syslog_facility = "daemon"
 	localstatedir = "/usr/var"
 	logdir = "/usr/var/log"
 	file = "/app/data/radius.log"
 }
	name = "radiusd"
	prefix = "/usr"
}
[Sun Apr 26 14:54:42 UTC 2026] radiusd exited with code 0. Restarting in 2s...
[Sun Apr 26 14:54:44 UTC 2026] Launching radiusd...
main {
 log {
 	destination = "stdout"
 	syslog_facility = "daemon"
 	localstatedir = "/usr/var"
 	logdir = "/usr/var/log"
 	file = "/app/data/radius.log"
 }
	name = "radiusd"
	prefix = "/usr"
}
[Sun Apr 26 14:54:44 UTC 2026] radiusd exited with code 0. Restarting in 2s...
[Sun Apr 26 14:54:46 UTC 2026] Launching radiusd...
main {
 log {
 	destination = "stdout"
 	syslog_facility = "daemon"
 	localstatedir = "/usr/var"
 	logdir = "/usr/var/log"
 	file = "/app/data/radius.log"
 }
	name = "radiusd"
	prefix = "/usr"
}
[Sun Apr 26 14:54:47 UTC 2026] radiusd exited with code 0. Restarting in 2s...
[Sun Apr 26 14:54:49 UTC 2026] Launching radiusd...
main {
 log {
 	destination = "stdout"
 	syslog_facility = "daemon"
 	localstatedir = "/usr/var"
 	logdir = "/usr/var/log"
 	file = "/app/data/radius.log"
 }
	name = "radiusd"
	prefix = "/usr"
}
[Sun Apr 26 14:54:49 UTC 2026] radiusd exited with code 0. Restarting in 2s...
[Sun Apr 26 14:54:51 UTC 2026] Launching radiusd...
main {
 log {
 	destination = "stdout"
 	syslog_facility = "daemon"
 	localstatedir = "/usr/var"
 	logdir = "/usr/var/log"
 	file = "/app/data/radius.log"
 }
	name = "radiusd"
	prefix = "/usr"
}
[Sun Apr 26 14:54:52 UTC 2026] radiusd exited with code 0. Restarting in 2s...
[Sun Apr 26 14:54:54 UTC 2026] Launching radiusd...
main {
 log {
 	destination = "stdout"
 	syslog_facility = "daemon"
 	localstatedir = "/usr/var"
 	logdir = "/usr/var/log"
 	file = "/app/data/radius.log"
 }
	name = "radiusd"
	prefix = "/usr"
}
[Sun Apr 26 14:54:54 UTC 2026] radiusd exited with code 0. Restarting in 2s...
[Sun Apr 26 14:54:56 UTC 2026] Launching radiusd...
main {
 log {
 	destination = "stdout"
 	syslog_facility = "daemon"
 	localstatedir = "/usr/var"
 	logdir = "/usr/var/log"
 	file = "/app/data/radius.log"
 }
	name = "radiusd"
	prefix = "/usr"
}
[Sun Apr 26 14:54:57 UTC 2026] radiusd exited with code 0. Restarting in 2s...
[Sun Apr 26 14:54:59 UTC 2026] Launching radiusd...
main {
 log {
 	destination = "stdout"
 	syslog_facility = "daemon"
 	localstatedir = "/usr/var"
 	logdir = "/usr/var/log"
 	file = "/app/data/radius.log"
 }
	name = "radiusd"
	prefix = "/usr"
}
[Sun Apr 26 14:54:59 UTC 2026] radiusd exited with code 0. Restarting in 2s...
[Sun Apr 26 14:55:01 UTC 2026] Launching radiusd...
main {
 log {
 	destination = "stdout"
 	syslog_facility = "daemon"
 	localstatedir = "/usr/var"
 	logdir = "/usr/var/log"
 	file = "/app/data/radius.log"
 }
	name = "radiusd"
	prefix = "/usr"
}
[Sun Apr 26 14:55:02 UTC 2026] radiusd exited with code 0. Restarting in 2s...
[Sun Apr 26 14:55:04 UTC 2026] Launching radiusd...
main {
 log {
 	destination = "stdout"
 	syslog_facility = "daemon"
 	localstatedir = "/usr/var"
 	logdir = "/usr/var/log"
 	file = "/app/data/radius.log"
 }
	name = "radiusd"
	prefix = "/usr"
}
[Sun Apr 26 14:55:04 UTC 2026] radiusd exited with code 0. Restarting in 2s...
[Sun Apr 26 14:55:07 UTC 2026] Launching radiusd...
main {
 log {
 	destination = "stdout"
 	syslog_facility = "daemon"
 	localstatedir = "/usr/var"
 	logdir = "/usr/var/log"
 	file = "/app/data/radius.log"
 }
	name = "radiusd"
	prefix = "/usr"
}
[Sun Apr 26 14:55:07 UTC 2026] radiusd exited with code 0. Restarting in 2s...
[Sun Apr 26 14:55:09 UTC 2026] Launching radiusd...
main {
 log {
 	destination = "stdout"
 	syslog_facility = "daemon"
 	localstatedir = "/usr/var"
 	logdir = "/usr/var/log"
 	file = "/app/data/radius.log"
 }
	name = "radiusd"
	prefix = "/usr"
}
[Sun Apr 26 14:55:10 UTC 2026] radiusd exited with code 0. Restarting in 2s...
[Sun Apr 26 14:55:12 UTC 2026] Launching radiusd...
main {
 log {
 	destination = "stdout"
 	syslog_facility = "daemon"
 	localstatedir = "/usr/var"
 	logdir = "/usr/var/log"
 	file = "/app/data/radius.log"
 }
	name = "radiusd"
	prefix = "/usr"
}
[Sun Apr 26 14:55:12 UTC 2026] radiusd exited with code 0. Restarting in 2s...
[Sun Apr 26 14:55:14 UTC 2026] Launching radiusd...
main {
 log {
 	destination = "stdout"
 	syslog_facility = "daemon"
 	localstatedir = "/usr/var"
 	logdir = "/usr/var/log"
 	file = "/app/data/radius.log"
 }
	name = "radiusd"
	prefix = "/usr"
}
[Sun Apr 26 14:55:15 UTC 2026] radiusd exited with code 0. Restarting in 2s...
[Sun Apr 26 14:55:17 UTC 2026] Launching radiusd...
main {
 log {
 	destination = "stdout"
 	syslog_facility = "daemon"
 	localstatedir = "/usr/var"
 	logdir = "/usr/var/log"
 	file = "/app/data/radius.log"
 }
	name = "radiusd"
	prefix = "/usr"
}
[Sun Apr 26 14:55:17 UTC 2026] radiusd exited with code 0. Restarting in 2s...
[Sun Apr 26 14:55:19 UTC 2026] Launching radiusd...
main {
 log {
 	destination = "stdout"
 	syslog_facility = "daemon"
 	localstatedir = "/usr/var"
 	logdir = "/usr/var/log"
 	file = "/app/data/radius.log"
 }
	name = "radiusd"
	prefix = "/usr"
}
[Sun Apr 26 14:55:19 UTC 2026] radiusd exited with code 0. Restarting in 2s...
[Sun Apr 26 14:55:21 UTC 2026] Launching radiusd...
main {
 log {
 	destination = "stdout"
 	syslog_facility = "daemon"
 	localstatedir = "/usr/var"
 	logdir = "/usr/var/log"
 	file = "/app/data/radius.log"
 }
	name = "radiusd"
	prefix = "/usr"
}
[Sun Apr 26 14:55:22 UTC 2026] radiusd exited with code 0. Restarting in 2s...
[Sun Apr 26 14:55:24 UTC 2026] Launching radiusd...
main {
 log {
 	destination = "stdout"
 	syslog_facility = "daemon"
 	localstatedir = "/usr/var"
 	logdir = "/usr/var/log"
 	file = "/app/data/radius.log"
 }
	name = "radiusd"
	prefix = "/usr"
}
[Sun Apr 26 14:55:24 UTC 2026] radiusd exited with code 0. Restarting in 2s...
[Sun Apr 26 14:55:26 UTC 2026] Launching radiusd...
main {
 log {
 	destination = "stdout"
 	syslog_facility = "daemon"
 	localstatedir = "/usr/var"
 	logdir = "/usr/var/log"
 	file = "/app/data/radius.log"
 }
	name = "radiusd"
	prefix = "/usr"
}
[Sun Apr 26 14:55:27 UTC 2026] radiusd exited with code 0. Restarting in 2s...
[Sun Apr 26 14:55:29 UTC 2026] Launching radiusd...
main {
 log {
 	destination = "stdout"
 	syslog_facility = "daemon"
 	localstatedir = "/usr/var"
 	logdir = "/usr/var/log"
 	file = "/app/data/radius.log"
 }
	name = "radiusd"
	prefix = "/usr"
}
[Sun Apr 26 14:55:29 UTC 2026] radiusd exited with code 0. Restarting in 2s...
[Sun Apr 26 14:55:31 UTC 2026] Launching radiusd...
main {
 log {
 	destination = "stdout"
 	syslog_facility = "daemon"
 	localstatedir = "/usr/var"
 	logdir = "/usr/var/log"
 	file = "/app/data/radius.log"
 }
	name = "radiusd"
	prefix = "/usr"
}
[Sun Apr 26 14:55:32 UTC 2026] radiusd exited with code 0. Restarting in 2s...
[Sun Apr 26 14:55:34 UTC 2026] Launching radiusd...
main {
 log {
 	destination = "stdout"
 	syslog_facility = "daemon"
 	localstatedir = "/usr/var"
 	logdir = "/usr/var/log"
 	file = "/app/data/radius.log"
 }
	name = "radiusd"
	prefix = "/usr"
}
[Sun Apr 26 14:55:35 UTC 2026] radiusd exited with code 0. Restarting in 2s...
[Sun Apr 26 14:55:37 UTC 2026] Launching radiusd...
main {
 log {
 	destination = "stdout"
 	syslog_facility = "daemon"
 	localstatedir = "/usr/var"
 	logdir = "/usr/var/log"
 	file = "/app/data/radius.log"
 }
	name = "radiusd"
	prefix = "/usr"
}
[Sun Apr 26 14:55:38 UTC 2026] radiusd exited with code 0. Restarting in 2s...
[Sun Apr 26 14:55:40 UTC 2026] Launching radiusd...
main {
 log {
 	destination = "stdout"
 	syslog_facility = "daemon"
 	localstatedir = "/usr/var"
 	logdir = "/usr/var/log"
 	file = "/app/data/radius.log"
 }
	name = "radiusd"
	prefix = "/usr"
}
[Sun Apr 26 14:55:40 UTC 2026] radiusd exited with code 0. Restarting in 2s...
[Sun Apr 26 14:55:42 UTC 2026] Launching radiusd...
main {
 log {
 	destination = "stdout"
 	syslog_facility = "daemon"
 	localstatedir = "/usr/var"
 	logdir = "/usr/var/log"
 	file = "/app/data/radius.log"
 }
	name = "radiusd"
	prefix = "/usr"
}
[Sun Apr 26 14:55:43 UTC 2026] radiusd exited with code 0. Restarting in 2s...
[Sun Apr 26 14:55:45 UTC 2026] Launching radiusd...
main {
 log {
 	destination = "stdout"
 	syslog_facility = "daemon"
 	localstatedir = "/usr/var"
 	logdir = "/usr/var/log"
 	file = "/app/data/radius.log"
 }
	name = "radiusd"
	prefix = "/usr"
}
[Sun Apr 26 14:55:45 UTC 2026] radiusd exited with code 0. Restarting in 2s...
[Sun Apr 26 14:55:47 UTC 2026] Launching radiusd...
main {
 log {
 	destination = "stdout"
 	syslog_facility = "daemon"
 	localstatedir = "/usr/var"
 	logdir = "/usr/var/log"
 	file = "/app/data/radius.log"
 }
	name = "radiusd"
	prefix = "/usr"
}
[Sun Apr 26 14:55:47 UTC 2026] radiusd exited with code 0. Restarting in 2s...
[Sun Apr 26 14:55:50 UTC 2026] Launching radiusd...
main {
 log {
 	destination = "stdout"
 	syslog_facility = "daemon"
 	localstatedir = "/usr/var"
 	logdir = "/usr/var/log"
 	file = "/app/data/radius.log"
 }
	name = "radiusd"
	prefix = "/usr"
}
[Sun Apr 26 14:55:50 UTC 2026] radiusd exited with code 0. Restarting in 2s...
[Sun Apr 26 14:55:52 UTC 2026] Launching radiusd...
main {
 log {
 	destination = "stdout"
 	syslog_facility = "daemon"
 	localstatedir = "/usr/var"
 	logdir = "/usr/var/log"
 	file = "/app/data/radius.log"
 }
	name = "radiusd"
	prefix = "/usr"
}
[Sun Apr 26 14:55:52 UTC 2026] radiusd exited with code 0. Restarting in 2s...
[Sun Apr 26 14:55:54 UTC 2026] Launching radiusd...
main {
 log {
 	destination = "stdout"
 	syslog_facility = "daemon"
 	localstatedir = "/usr/var"
 	logdir = "/usr/var/log"
 	file = "/app/data/radius.log"
 }
	name = "radiusd"
	prefix = "/usr"
}
[Sun Apr 26 14:55:55 UTC 2026] radiusd exited with code 0. Restarting in 2s...
[Sun Apr 26 14:55:57 UTC 2026] Launching radiusd...
main {
 log {
 	destination = "stdout"
 	syslog_facility = "daemon"
 	localstatedir = "/usr/var"
 	logdir = "/usr/var/log"
 	file = "/app/data/radius.log"
 }
	name = "radiusd"
	prefix = "/usr"
}
[Sun Apr 26 14:55:57 UTC 2026] radiusd exited with code 0. Restarting in 2s...
[Sun Apr 26 14:55:59 UTC 2026] Launching radiusd...
main {
 log {
 	destination = "stdout"
 	syslog_facility = "daemon"
 	localstatedir = "/usr/var"
 	logdir = "/usr/var/log"
 	file = "/app/data/radius.log"
 }
	name = "radiusd"
	prefix = "/usr"
}
[Sun Apr 26 14:55:59 UTC 2026] radiusd exited with code 0. Restarting in 2s...
[Sun Apr 26 14:56:01 UTC 2026] Launching radiusd...
main {
 log {
 	destination = "stdout"
 	syslog_facility = "daemon"
 	localstatedir = "/usr/var"
 	logdir = "/usr/var/log"
 	file = "/app/data/radius.log"
 }
	name = "radiusd"
	prefix = "/usr"
}
[Sun Apr 26 14:56:02 UTC 2026] radiusd exited with code 0. Restarting in 2s...
[Sun Apr 26 14:56:04 UTC 2026] Launching radiusd...
main {
 log {
 	destination = "stdout"
 	syslog_facility = "daemon"
 	localstatedir = "/usr/var"
 	logdir = "/usr/var/log"
 	file = "/app/data/radius.log"
 }
	name = "radiusd"
	prefix = "/usr"
}
[Sun Apr 26 14:56:04 UTC 2026] radiusd exited with code 0. Restarting in 2s...
[Sun Apr 26 14:56:06 UTC 2026] Launching radiusd...
main {
 log {
 	destination = "stdout"
 	syslog_facility = "daemon"
 	localstatedir = "/usr/var"
 	logdir = "/usr/var/log"
 	file = "/app/data/radius.log"
 }
	name = "radiusd"
	prefix = "/usr"
}
[Sun Apr 26 14:56:07 UTC 2026] radiusd exited with code 0. Restarting in 2s...
[Sun Apr 26 14:56:09 UTC 2026] Launching radiusd...
main {
 log {
 	destination = "stdout"
 	syslog_facility = "daemon"
 	localstatedir = "/usr/var"
 	logdir = "/usr/var/log"
 	file = "/app/data/radius.log"
 }
	name = "radiusd"
	prefix = "/usr"
}
[Sun Apr 26 14:56:09 UTC 2026] radiusd exited with code 0. Restarting in 2s...
[Sun Apr 26 14:56:11 UTC 2026] Launching radiusd...
main {
 log {
 	destination = "stdout"
 	syslog_facility = "daemon"
 	localstatedir = "/usr/var"
 	logdir = "/usr/var/log"
 	file = "/app/data/radius.log"
 }
	name = "radiusd"
	prefix = "/usr"
}
[Sun Apr 26 14:56:11 UTC 2026] radiusd exited with code 0. Restarting in 2s...
[Sun Apr 26 14:56:13 UTC 2026] Launching radiusd...
main {
 log {
 	destination = "stdout"
 	syslog_facility = "daemon"
 	localstatedir = "/usr/var"
 	logdir = "/usr/var/log"
 	file = "/app/data/radius.log"
 }
	name = "radiusd"
	prefix = "/usr"
}
[Sun Apr 26 14:56:14 UTC 2026] radiusd exited with code 0. Restarting in 2s...
[Sun Apr 26 14:56:16 UTC 2026] Launching radiusd...
main {
 log {
 	destination = "stdout"
 	syslog_facility = "daemon"
 	localstatedir = "/usr/var"
 	logdir = "/usr/var/log"
 	file = "/app/data/radius.log"
 }
	name = "radiusd"
	prefix = "/usr"
}
[Sun Apr 26 14:56:17 UTC 2026] radiusd exited with code 0. Restarting in 2s...
[Sun Apr 26 14:56:19 UTC 2026] Launching radiusd...
main {
 log {
 	destination = "stdout"
 	syslog_facility = "daemon"
 	localstatedir = "/usr/var"
 	logdir = "/usr/var/log"
 	file = "/app/data/radius.log"
 }
	name = "radiusd"
	prefix = "/usr"
}
[Sun Apr 26 14:56:19 UTC 2026] radiusd exited with code 0. Restarting in 2s...
[Sun Apr 26 14:56:21 UTC 2026] Launching radiusd...
main {
 log {
 	destination = "stdout"
 	syslog_facility = "daemon"
 	localstatedir = "/usr/var"
 	logdir = "/usr/var/log"
 	file = "/app/data/radius.log"
 }
	name = "radiusd"
	prefix = "/usr"
}
[Sun Apr 26 14:56:22 UTC 2026] radiusd exited with code 0. Restarting in 2s...
[Sun Apr 26 14:56:24 UTC 2026] Launching radiusd...
main {
 log {
 	destination = "stdout"
 	syslog_facility = "daemon"
 	localstatedir = "/usr/var"
 	logdir = "/usr/var/log"
 	file = "/app/data/radius.log"
 }
	name = "radiusd"
	prefix = "/usr"
}
[Sun Apr 26 14:56:24 UTC 2026] radiusd exited with code 0. Restarting in 2s...
[Sun Apr 26 14:56:26 UTC 2026] Launching radiusd...
main {
 log {
 	destination = "stdout"
 	syslog_facility = "daemon"
 	localstatedir = "/usr/var"
 	logdir = "/usr/var/log"
 	file = "/app/data/radius.log"
 }
	name = "radiusd"
	prefix = "/usr"
}
[Sun Apr 26 14:56:27 UTC 2026] radiusd exited with code 0. Restarting in 2s...
[Sun Apr 26 14:56:29 UTC 2026] Launching radiusd...
main {
 log {
 	destination = "stdout"
 	syslog_facility = "daemon"
 	localstatedir = "/usr/var"
 	logdir = "/usr/var/log"
 	file = "/app/data/radius.log"
 }
	name = "radiusd"
	prefix = "/usr"
}
[Sun Apr 26 14:56:29 UTC 2026] radiusd exited with code 0. Restarting in 2s...
[Sun Apr 26 14:56:32 UTC 2026] Launching radiusd...
main {
 log {
 	destination = "stdout"
 	syslog_facility = "daemon"
 	localstatedir = "/usr/var"
 	logdir = "/usr/var/log"
 	file = "/app/data/radius.log"
 }
	name = "radiusd"
	prefix = "/usr"
}
[Sun Apr 26 14:56:32 UTC 2026] radiusd exited with code 0. Restarting in 2s...
[Sun Apr 26 14:56:34 UTC 2026] Launching radiusd...
main {
 log {
 	destination = "stdout"
 	syslog_facility = "daemon"
 	localstatedir = "/usr/var"
 	logdir = "/usr/var/log"
 	file = "/app/data/radius.log"
 }
	name = "radiusd"
	prefix = "/usr"
}
[Sun Apr 26 14:56:35 UTC 2026] radiusd exited with code 0. Restarting in 2s...
[Sun Apr 26 14:56:37 UTC 2026] Launching radiusd...
main {
 log {
 	destination = "stdout"
 	syslog_facility = "daemon"
 	localstatedir = "/usr/var"
 	logdir = "/usr/var/log"
 	file = "/app/data/radius.log"
 }
	name = "radiusd"
	prefix = "/usr"
}
[Sun Apr 26 14:56:37 UTC 2026] radiusd exited with code 0. Restarting in 2s...
[Sun Apr 26 14:56:39 UTC 2026] Launching radiusd...
main {
 log {
 	destination = "stdout"
 	syslog_facility = "daemon"
 	localstatedir = "/usr/var"
 	logdir = "/usr/var/log"
 	file = "/app/data/radius.log"
 }
	name = "radiusd"
	prefix = "/usr"
}
[Sun Apr 26 14:56:40 UTC 2026] radiusd exited with code 0. Restarting in 2s...
[Sun Apr 26 14:56:42 UTC 2026] Launching radiusd...
main {
 log {
 	destination = "stdout"
 	syslog_facility = "daemon"
 	localstatedir = "/usr/var"
 	logdir = "/usr/var/log"
 	file = "/app/data/radius.log"
 }
	name = "radiusd"
	prefix = "/usr"
}
[Sun Apr 26 14:56:42 UTC 2026] radiusd exited with code 0. Restarting in 2s...
[Sun Apr 26 14:56:44 UTC 2026] Launching radiusd...
main {
 log {
 	destination = "stdout"
 	syslog_facility = "daemon"
 	localstatedir = "/usr/var"
 	logdir = "/usr/var/log"
 	file = "/app/data/radius.log"
 }
	name = "radiusd"
	prefix = "/usr"
}
[Sun Apr 26 14:56:45 UTC 2026] radiusd exited with code 0. Restarting in 2s...
[Sun Apr 26 14:56:47 UTC 2026] Launching radiusd...
main {
 log {
 	destination = "stdout"
 	syslog_facility = "daemon"
 	localstatedir = "/usr/var"
 	logdir = "/usr/var/log"
 	file = "/app/data/radius.log"
 }
	name = "radiusd"
	prefix = "/usr"
}
[Sun Apr 26 14:56:48 UTC 2026] radiusd exited with code 0. Restarting in 2s...
[Sun Apr 26 14:56:50 UTC 2026] Launching radiusd...
main {
 log {
 	destination = "stdout"
 	syslog_facility = "daemon"
 	localstatedir = "/usr/var"
 	logdir = "/usr/var/log"
 	file = "/app/data/radius.log"
 }
	name = "radiusd"
	prefix = "/usr"
}
[Sun Apr 26 14:56:50 UTC 2026] radiusd exited with code 0. Restarting in 2s...
[Sun Apr 26 14:56:52 UTC 2026] Launching radiusd...
main {
 log {
 	destination = "stdout"
 	syslog_facility = "daemon"
 	localstatedir = "/usr/var"
 	logdir = "/usr/var/log"
 	file = "/app/data/radius.log"
 }
	name = "radiusd"
	prefix = "/usr"
}
[Sun Apr 26 14:56:52 UTC 2026] radiusd exited with code 0. Restarting in 2s...
[Sun Apr 26 14:56:54 UTC 2026] Launching radiusd...
main {
 log {
 	destination = "stdout"
 	syslog_facility = "daemon"
 	localstatedir = "/usr/var"
 	logdir = "/usr/var/log"
 	file = "/app/data/radius.log"
 }
	name = "radiusd"
	prefix = "/usr"
}
[Sun Apr 26 14:56:55 UTC 2026] radiusd exited with code 0. Restarting in 2s...
[Sun Apr 26 14:56:57 UTC 2026] Launching radiusd...
main {
 log {
 	destination = "stdout"
 	syslog_facility = "daemon"
 	localstatedir = "/usr/var"
 	logdir = "/usr/var/log"
 	file = "/app/data/radius.log"
 }
	name = "radiusd"
	prefix = "/usr"
}
[Sun Apr 26 14:56:57 UTC 2026] radiusd exited with code 0. Restarting in 2s...
[Sun Apr 26 14:56:59 UTC 2026] Launching radiusd...
main {
 log {
 	destination = "stdout"
 	syslog_facility = "daemon"
 	localstatedir = "/usr/var"
 	logdir = "/usr/var/log"
 	file = "/app/data/radius.log"
 }
	name = "radiusd"
	prefix = "/usr"
}
[Sun Apr 26 14:56:59 UTC 2026] radiusd exited with code 0. Restarting in 2s...
[Sun Apr 26 14:57:01 UTC 2026] Launching radiusd...
main {
 log {
 	destination = "stdout"
 	syslog_facility = "daemon"
 	localstatedir = "/usr/var"
 	logdir = "/usr/var/log"
 	file = "/app/data/radius.log"
 }
	name = "radiusd"
	prefix = "/usr"
}
[Sun Apr 26 14:57:02 UTC 2026] radiusd exited with code 0. Restarting in 2s...
[Sun Apr 26 14:57:04 UTC 2026] Launching radiusd...
main {
 log {
 	destination = "stdout"
 	syslog_facility = "daemon"
 	localstatedir = "/usr/var"
 	logdir = "/usr/var/log"
 	file = "/app/data/radius.log"
 }
	name = "radiusd"
	prefix = "/usr"
}
[Sun Apr 26 14:57:04 UTC 2026] radiusd exited with code 0. Restarting in 2s...
[Sun Apr 26 14:57:06 UTC 2026] Launching radiusd...
main {
 log {
 	destination = "stdout"
 	syslog_facility = "daemon"
 	localstatedir = "/usr/var"
 	logdir = "/usr/var/log"
 	file = "/app/data/radius.log"
 }
	name = "radiusd"
	prefix = "/usr"
}
[Sun Apr 26 14:57:07 UTC 2026] radiusd exited with code 0. Restarting in 2s...
[Sun Apr 26 14:57:09 UTC 2026] Launching radiusd...
main {
 log {
 	destination = "stdout"
 	syslog_facility = "daemon"
 	localstatedir = "/usr/var"
 	logdir = "/usr/var/log"
 	file = "/app/data/radius.log"
 }
	name = "radiusd"
	prefix = "/usr"
}
[Sun Apr 26 14:57:09 UTC 2026] radiusd exited with code 0. Restarting in 2s...
[Sun Apr 26 14:57:11 UTC 2026] Launching radiusd...
main {
 log {
 	destination = "stdout"
 	syslog_facility = "daemon"
 	localstatedir = "/usr/var"
 	logdir = "/usr/var/log"
 	file = "/app/data/radius.log"
 }
	name = "radiusd"
	prefix = "/usr"
}
[Sun Apr 26 14:57:11 UTC 2026] radiusd exited with code 0. Restarting in 2s...
[Sun Apr 26 14:57:13 UTC 2026] Launching radiusd...
main {
 log {
 	destination = "stdout"
 	syslog_facility = "daemon"
 	localstatedir = "/usr/var"
 	logdir = "/usr/var/log"
 	file = "/app/data/radius.log"
 }
	name = "radiusd"
	prefix = "/usr"
}
[Sun Apr 26 14:57:14 UTC 2026] radiusd exited with code 0. Restarting in 2s...
[Sun Apr 26 14:57:16 UTC 2026] Launching radiusd...
main {
 log {
 	destination = "stdout"
 	syslog_facility = "daemon"
 	localstatedir = "/usr/var"
 	logdir = "/usr/var/log"
 	file = "/app/data/radius.log"
 }
	name = "radiusd"
	prefix = "/usr"
}
[Sun Apr 26 14:57:16 UTC 2026] radiusd exited with code 0. Restarting in 2s...
[Sun Apr 26 14:57:18 UTC 2026] Launching radiusd...
main {
 log {
 	destination = "stdout"
 	syslog_facility = "daemon"
 	localstatedir = "/usr/var"
 	logdir = "/usr/var/log"
 	file = "/app/data/radius.log"
 }
	name = "radiusd"
	prefix = "/usr"
}
[Sun Apr 26 14:57:19 UTC 2026] radiusd exited with code 0. Restarting in 2s...
[Sun Apr 26 14:57:21 UTC 2026] Launching radiusd...
main {
 log {
 	destination = "stdout"
 	syslog_facility = "daemon"
 	localstatedir = "/usr/var"
 	logdir = "/usr/var/log"
 	file = "/app/data/radius.log"
 }
	name = "radiusd"
	prefix = "/usr"
}
[Sun Apr 26 14:57:21 UTC 2026] radiusd exited with code 0. Restarting in 2s...
[Sun Apr 26 14:57:23 UTC 2026] Launching radiusd...
main {
 log {
 	destination = "stdout"
 	syslog_facility = "daemon"
 	localstatedir = "/usr/var"
 	logdir = "/usr/var/log"
 	file = "/app/data/radius.log"
 }
	name = "radiusd"
	prefix = "/usr"
}
[Sun Apr 26 14:57:23 UTC 2026] radiusd exited with code 0. Restarting in 2s...
[Sun Apr 26 14:57:25 UTC 2026] Launching radiusd...
main {
 log {
 	destination = "stdout"
 	syslog_facility = "daemon"
 	localstatedir = "/usr/var"
 	logdir = "/usr/var/log"
 	file = "/app/data/radius.log"
 }
	name = "radiusd"
	prefix = "/usr"
}
[Sun Apr 26 14:57:26 UTC 2026] radiusd exited with code 0. Restarting in 2s...
[Sun Apr 26 14:57:28 UTC 2026] Launching radiusd...
main {
 log {
 	destination = "stdout"
 	syslog_facility = "daemon"
 	localstatedir = "/usr/var"
 	logdir = "/usr/var/log"
 	file = "/app/data/radius.log"
 }
	name = "radiusd"
	prefix = "/usr"
}
[Sun Apr 26 14:57:28 UTC 2026] radiusd exited with code 0. Restarting in 2s...
[Sun Apr 26 14:57:30 UTC 2026] Launching radiusd...
main {
 log {
 	destination = "stdout"
 	syslog_facility = "daemon"
 	localstatedir = "/usr/var"
 	logdir = "/usr/var/log"
 	file = "/app/data/radius.log"
 }
	name = "radiusd"
	prefix = "/usr"
}
[Sun Apr 26 14:57:31 UTC 2026] radiusd exited with code 0. Restarting in 2s...
[Sun Apr 26 14:57:33 UTC 2026] Launching radiusd...
main {
 log {
 	destination = "stdout"
 	syslog_facility = "daemon"
 	localstatedir = "/usr/var"
 	logdir = "/usr/var/log"
 	file = "/app/data/radius.log"
 }
	name = "radiusd"
	prefix = "/usr"
}
[Sun Apr 26 14:57:34 UTC 2026] radiusd exited with code 0. Restarting in 2s...
[Sun Apr 26 14:57:36 UTC 2026] Launching radiusd...
main {
 log {
 	destination = "stdout"
 	syslog_facility = "daemon"
 	localstatedir = "/usr/var"
 	logdir = "/usr/var/log"
 	file = "/app/data/radius.log"
 }
	name = "radiusd"
	prefix = "/usr"
}
[Sun Apr 26 14:57:36 UTC 2026] radiusd exited with code 0. Restarting in 2s...
[Sun Apr 26 14:57:38 UTC 2026] Launching radiusd...
main {
 log {
 	destination = "stdout"
 	syslog_facility = "daemon"
 	localstatedir = "/usr/var"
 	logdir = "/usr/var/log"
 	file = "/app/data/radius.log"
 }
	name = "radiusd"
	prefix = "/usr"
}
[Sun Apr 26 14:57:38 UTC 2026] radiusd exited with code 0. Restarting in 2s...
[Sun Apr 26 14:57:41 UTC 2026] Launching radiusd...
main {
 log {
 	destination = "stdout"
 	syslog_facility = "daemon"
 	localstatedir = "/usr/var"
 	logdir = "/usr/var/log"
 	file = "/app/data/radius.log"
 }
	name = "radiusd"
	prefix = "/usr"
}
[Sun Apr 26 14:57:41 UTC 2026] radiusd exited with code 0. Restarting in 2s...
[Sun Apr 26 14:57:43 UTC 2026] Launching radiusd...
main {
 log {
 	destination = "stdout"
 	syslog_facility = "daemon"
 	localstatedir = "/usr/var"
 	logdir = "/usr/var/log"
 	file = "/app/data/radius.log"
 }
	name = "radiusd"
	prefix = "/usr"
}
[Sun Apr 26 14:57:43 UTC 2026] radiusd exited with code 0. Restarting in 2s...
[Sun Apr 26 14:57:45 UTC 2026] Launching radiusd...
main {
 log {
 	destination = "stdout"
 	syslog_facility = "daemon"
 	localstatedir = "/usr/var"
 	logdir = "/usr/var/log"
 	file = "/app/data/radius.log"
 }
	name = "radiusd"
	prefix = "/usr"
}
[Sun Apr 26 14:57:46 UTC 2026] radiusd exited with code 0. Restarting in 2s...
[Sun Apr 26 14:57:48 UTC 2026] Launching radiusd...
main {
 log {
 	destination = "stdout"
 	syslog_facility = "daemon"
 	localstatedir = "/usr/var"
 	logdir = "/usr/var/log"
 	file = "/app/data/radius.log"
 }
	name = "radiusd"
	prefix = "/usr"
}
[Sun Apr 26 14:57:48 UTC 2026] radiusd exited with code 0. Restarting in 2s...
[Sun Apr 26 14:57:50 UTC 2026] Launching radiusd...
main {
 log {
 	destination = "stdout"
 	syslog_facility = "daemon"
 	localstatedir = "/usr/var"
 	logdir = "/usr/var/log"
 	file = "/app/data/radius.log"
 }
	name = "radiusd"
	prefix = "/usr"
}
[Sun Apr 26 14:57:51 UTC 2026] radiusd exited with code 0. Restarting in 2s...
[Sun Apr 26 14:57:53 UTC 2026] Launching radiusd...
main {
 log {
 	destination = "stdout"
 	syslog_facility = "daemon"
 	localstatedir = "/usr/var"
 	logdir = "/usr/var/log"
 	file = "/app/data/radius.log"
 }
	name = "radiusd"
	prefix = "/usr"
}
[Sun Apr 26 14:57:54 UTC 2026] radiusd exited with code 0. Restarting in 2s...
[Sun Apr 26 14:57:56 UTC 2026] Launching radiusd...
main {
 log {
 	destination = "stdout"
 	syslog_facility = "daemon"
 	localstatedir = "/usr/var"
 	logdir = "/usr/var/log"
 	file = "/app/data/radius.log"
 }
	name = "radiusd"
	prefix = "/usr"
}
[Sun Apr 26 14:57:56 UTC 2026] radiusd exited with code 0. Restarting in 2s...
[Sun Apr 26 14:57:58 UTC 2026] Launching radiusd...
main {
 log {
 	destination = "stdout"
 	syslog_facility = "daemon"
 	localstatedir = "/usr/var"
 	logdir = "/usr/var/log"
 	file = "/app/data/radius.log"
 }
	name = "radiusd"
	prefix = "/usr"
}
[Sun Apr 26 14:57:58 UTC 2026] radiusd exited with code 0. Restarting in 2s...
[Sun Apr 26 14:58:00 UTC 2026] Launching radiusd...
main {
 log {
 	destination = "stdout"
 	syslog_facility = "daemon"
 	localstatedir = "/usr/var"
 	logdir = "/usr/var/log"
 	file = "/app/data/radius.log"
 }
	name = "radiusd"
	prefix = "/usr"
}
[Sun Apr 26 14:58:01 UTC 2026] radiusd exited with code 0. Restarting in 2s...
[Sun Apr 26 14:58:03 UTC 2026] Launching radiusd...
main {
 log {
 	destination = "stdout"
 	syslog_facility = "daemon"
 	localstatedir = "/usr/var"
 	logdir = "/usr/var/log"
 	file = "/app/data/radius.log"
 }
	name = "radiusd"
	prefix = "/usr"
}
[Sun Apr 26 14:58:04 UTC 2026] radiusd exited with code 0. Restarting in 2s...
[Sun Apr 26 14:58:06 UTC 2026] Launching radiusd...
main {
 log {
 	destination = "stdout"
 	syslog_facility = "daemon"
 	localstatedir = "/usr/var"
 	logdir = "/usr/var/log"
 	file = "/app/data/radius.log"
 }
	name = "radiusd"
	prefix = "/usr"
}
[Sun Apr 26 14:58:07 UTC 2026] radiusd exited with code 0. Restarting in 2s...
[Sun Apr 26 14:58:09 UTC 2026] Launching radiusd...
main {
 log {
 	destination = "stdout"
 	syslog_facility = "daemon"
 	localstatedir = "/usr/var"
 	logdir = "/usr/var/log"
 	file = "/app/data/radius.log"
 }
	name = "radiusd"
	prefix = "/usr"
}
[Sun Apr 26 14:58:09 UTC 2026] radiusd exited with code 0. Restarting in 2s...
[Sun Apr 26 14:58:11 UTC 2026] Launching radiusd...
main {
 log {
 	destination = "stdout"
 	syslog_facility = "daemon"
 	localstatedir = "/usr/var"
 	logdir = "/usr/var/log"
 	file = "/app/data/radius.log"
 }
	name = "radiusd"
	prefix = "/usr"
}
[Sun Apr 26 14:58:11 UTC 2026] radiusd exited with code 0. Restarting in 2s...
[Sun Apr 26 14:58:13 UTC 2026] Launching radiusd...
main {
 log {
 	destination = "stdout"
 	syslog_facility = "daemon"
 	localstatedir = "/usr/var"
 	logdir = "/usr/var/log"
 	file = "/app/data/radius.log"
 }
	name = "radiusd"
	prefix = "/usr"
}
[Sun Apr 26 14:58:14 UTC 2026] radiusd exited with code 0. Restarting in 2s...
[Sun Apr 26 14:58:16 UTC 2026] Launching radiusd...
main {
 log {
 	destination = "stdout"
 	syslog_facility = "daemon"
 	localstatedir = "/usr/var"
 	logdir = "/usr/var/log"
 	file = "/app/data/radius.log"
 }
	name = "radiusd"
	prefix = "/usr"
}
[Sun Apr 26 14:58:17 UTC 2026] radiusd exited with code 0. Restarting in 2s...
[Sun Apr 26 14:58:19 UTC 2026] Launching radiusd...
main {
 log {
 	destination = "stdout"
 	syslog_facility = "daemon"
 	localstatedir = "/usr/var"
 	logdir = "/usr/var/log"
 	file = "/app/data/radius.log"
 }
	name = "radiusd"
	prefix = "/usr"
}
[Sun Apr 26 14:58:19 UTC 2026] radiusd exited with code 0. Restarting in 2s...
[Sun Apr 26 14:58:21 UTC 2026] Launching radiusd...
main {
 log {
 	destination = "stdout"
 	syslog_facility = "daemon"
 	localstatedir = "/usr/var"
 	logdir = "/usr/var/log"
 	file = "/app/data/radius.log"
 }
	name = "radiusd"
	prefix = "/usr"
}
[Sun Apr 26 14:58:21 UTC 2026] radiusd exited with code 0. Restarting in 2s...
[Sun Apr 26 14:58:23 UTC 2026] Launching radiusd...
main {
 log {
 	destination = "stdout"
 	syslog_facility = "daemon"
 	localstatedir = "/usr/var"
 	logdir = "/usr/var/log"
 	file = "/app/data/radius.log"
 }
	name = "radiusd"
	prefix = "/usr"
}
[Sun Apr 26 14:58:24 UTC 2026] radiusd exited with code 0. Restarting in 2s...
[Sun Apr 26 14:58:26 UTC 2026] Launching radiusd...
main {
 log {
 	destination = "stdout"
 	syslog_facility = "daemon"
 	localstatedir = "/usr/var"
 	logdir = "/usr/var/log"
 	file = "/app/data/radius.log"
 }
	name = "radiusd"
	prefix = "/usr"
}
[Sun Apr 26 14:58:26 UTC 2026] radiusd exited with code 0. Restarting in 2s...
[Sun Apr 26 14:58:28 UTC 2026] Launching radiusd...
main {
 log {
 	destination = "stdout"
 	syslog_facility = "daemon"
 	localstatedir = "/usr/var"
 	logdir = "/usr/var/log"
 	file = "/app/data/radius.log"
 }
	name = "radiusd"
	prefix = "/usr"
}
[Sun Apr 26 14:58:29 UTC 2026] radiusd exited with code 0. Restarting in 2s...
[Sun Apr 26 14:58:31 UTC 2026] Launching radiusd...
main {
 log {
 	destination = "stdout"
 	syslog_facility = "daemon"
 	localstatedir = "/usr/var"
 	logdir = "/usr/var/log"
 	file = "/app/data/radius.log"
 }
	name = "radiusd"
	prefix = "/usr"
}
[Sun Apr 26 14:58:31 UTC 2026] radiusd exited with code 0. Restarting in 2s...
[Sun Apr 26 14:58:33 UTC 2026] Launching radiusd...
main {
 log {
 	destination = "stdout"
 	syslog_facility = "daemon"
 	localstatedir = "/usr/var"
 	logdir = "/usr/var/log"
 	file = "/app/data/radius.log"
 }
	name = "radiusd"
	prefix = "/usr"
}
[Sun Apr 26 14:58:34 UTC 2026] radiusd exited with code 0. Restarting in 2s...
[Sun Apr 26 14:58:36 UTC 2026] Launching radiusd...
main {
 log {
 	destination = "stdout"
 	syslog_facility = "daemon"
 	localstatedir = "/usr/var"
 	logdir = "/usr/var/log"
 	file = "/app/data/radius.log"
 }
	name = "radiusd"
	prefix = "/usr"
}
[Sun Apr 26 14:58:36 UTC 2026] radiusd exited with code 0. Restarting in 2s...
[Sun Apr 26 14:58:39 UTC 2026] Launching radiusd...
main {
 log {
 	destination = "stdout"
 	syslog_facility = "daemon"
 	localstatedir = "/usr/var"
 	logdir = "/usr/var/log"
 	file = "/app/data/radius.log"
 }
	name = "radiusd"
	prefix = "/usr"
}
[Sun Apr 26 14:58:39 UTC 2026] radiusd exited with code 0. Restarting in 2s...
[Sun Apr 26 14:58:41 UTC 2026] Launching radiusd...
main {
 log {
 	destination = "stdout"
 	syslog_facility = "daemon"
 	localstatedir = "/usr/var"
 	logdir = "/usr/var/log"
 	file = "/app/data/radius.log"
 }
	name = "radiusd"
	prefix = "/usr"
}
[Sun Apr 26 14:58:42 UTC 2026] radiusd exited with code 0. Restarting in 2s...
[Sun Apr 26 14:58:44 UTC 2026] Launching radiusd...
main {
 log {
 	destination = "stdout"
 	syslog_facility = "daemon"
 	localstatedir = "/usr/var"
 	logdir = "/usr/var/log"
 	file = "/app/data/radius.log"
 }
	name = "radiusd"
	prefix = "/usr"
}
[Sun Apr 26 14:58:44 UTC 2026] radiusd exited with code 0. Restarting in 2s...
[Sun Apr 26 14:58:46 UTC 2026] Launching radiusd...
main {
 log {
 	destination = "stdout"
 	syslog_facility = "daemon"
 	localstatedir = "/usr/var"
 	logdir = "/usr/var/log"
 	file = "/app/data/radius.log"
 }
	name = "radiusd"
	prefix = "/usr"
}
[Sun Apr 26 14:58:47 UTC 2026] radiusd exited with code 0. Restarting in 2s...
[Sun Apr 26 14:58:49 UTC 2026] Launching radiusd...
main {
 log {
 	destination = "stdout"
 	syslog_facility = "daemon"
 	localstatedir = "/usr/var"
 	logdir = "/usr/var/log"
 	file = "/app/data/radius.log"
 }
	name = "radiusd"
	prefix = "/usr"
}
[Sun Apr 26 14:58:49 UTC 2026] radiusd exited with code 0. Restarting in 2s...
[Sun Apr 26 14:58:51 UTC 2026] Launching radiusd...
main {
 log {
 	destination = "stdout"
 	syslog_facility = "daemon"
 	localstatedir = "/usr/var"
 	logdir = "/usr/var/log"
 	file = "/app/data/radius.log"
 }
	name = "radiusd"
	prefix = "/usr"
}
[Sun Apr 26 14:58:52 UTC 2026] radiusd exited with code 0. Restarting in 2s...
[Sun Apr 26 14:58:54 UTC 2026] Launching radiusd...
main {
 log {
 	destination = "stdout"
 	syslog_facility = "daemon"
 	localstatedir = "/usr/var"
 	logdir = "/usr/var/log"
 	file = "/app/data/radius.log"
 }
	name = "radiusd"
	prefix = "/usr"
}
[Sun Apr 26 14:58:54 UTC 2026] radiusd exited with code 0. Restarting in 2s...
[Sun Apr 26 14:58:56 UTC 2026] Launching radiusd...
main {
 log {
 	destination = "stdout"
 	syslog_facility = "daemon"
 	localstatedir = "/usr/var"
 	logdir = "/usr/var/log"
 	file = "/app/data/radius.log"
 }
	name = "radiusd"
	prefix = "/usr"
}
[Sun Apr 26 14:58:57 UTC 2026] radiusd exited with code 0. Restarting in 2s...
[Sun Apr 26 14:58:59 UTC 2026] Launching radiusd...
main {
 log {
 	destination = "stdout"
 	syslog_facility = "daemon"
 	localstatedir = "/usr/var"
 	logdir = "/usr/var/log"
 	file = "/app/data/radius.log"
 }
	name = "radiusd"
	prefix = "/usr"
}
[Sun Apr 26 14:58:59 UTC 2026] radiusd exited with code 0. Restarting in 2s...
[Sun Apr 26 14:59:01 UTC 2026] Launching radiusd...
main {
 log {
 	destination = "stdout"
 	syslog_facility = "daemon"
 	localstatedir = "/usr/var"
 	logdir = "/usr/var/log"
 	file = "/app/data/radius.log"
 }
	name = "radiusd"
	prefix = "/usr"
}
[Sun Apr 26 14:59:02 UTC 2026] radiusd exited with code 0. Restarting in 2s...
[Sun Apr 26 14:59:04 UTC 2026] Launching radiusd...
main {
 log {
 	destination = "stdout"
 	syslog_facility = "daemon"
 	localstatedir = "/usr/var"
 	logdir = "/usr/var/log"
 	file = "/app/data/radius.log"
 }
	name = "radiusd"
	prefix = "/usr"
}
[Sun Apr 26 14:59:09 UTC 2026] radiusd exited with code 0. Restarting in 2s...
[Sun Apr 26 14:59:11 UTC 2026] Launching radiusd...
main {
 log {
 	destination = "stdout"
 	syslog_facility = "daemon"
 	localstatedir = "/usr/var"
 	logdir = "/usr/var/log"
 	file = "/app/data/radius.log"
 }
	name = "radiusd"
	prefix = "/usr"
}
[Sun Apr 26 14:59:21 UTC 2026] radiusd exited with code 0. Restarting in 2s...
[Sun Apr 26 14:59:32 UTC 2026] Launching radiusd...
main {
 log {
 	destination = "stdout"
 	syslog_facility = "daemon"
 	localstatedir = "/usr/var"
 	logdir = "/usr/var/log"
 	file = "/app/data/radius.log"
 }
	name = "radiusd"
	prefix = "/usr"
}
[Sun Apr 26 14:59:48 UTC 2026] radiusd exited with code 0. Restarting in 2s...
[Sun Apr 26 14:59:50 UTC 2026] Launching radiusd...
main {
 log {
 	destination = "stdout"
 	syslog_facility = "daemon"
 	localstatedir = "/usr/var"
 	logdir = "/usr/var/log"
 	file = "/app/data/radius.log"
 }
	name = "radiusd"
	prefix = "/usr"
}
[Sun Apr 26 14:59:54 UTC 2026] radiusd exited with code 0. Restarting in 2s...
[Sun Apr 26 14:59:57 UTC 2026] Launching radiusd...
main {
 log {
 	destination = "stdout"
 	syslog_facility = "daemon"
 	localstatedir = "/usr/var"
 	logdir = "/usr/var/log"
 	file = "/app/data/radius.log"
 }
	name = "radiusd"
	prefix = "/usr"
}
[Sun Apr 26 15:00:01 UTC 2026] radiusd exited with code 0. Restarting in 2s...
[Sun Apr 26 15:00:03 UTC 2026] Launching radiusd...
main {
 log {
 	destination = "stdout"
 	syslog_facility = "daemon"
 	localstatedir = "/usr/var"
 	logdir = "/usr/var/log"
 	file = "/app/data/radius.log"
 }
	name = "radiusd"
	prefix = "/usr"
}
[Sun Apr 26 15:00:07 UTC 2026] radiusd exited with code 0. Restarting in 2s...
[Sun Apr 26 15:00:09 UTC 2026] Launching radiusd...
main {
 log {
 	destination = "stdout"
 	syslog_facility = "daemon"
 	localstatedir = "/usr/var"
 	logdir = "/usr/var/log"
 	file = "/app/data/radius.log"
 }
	name = "radiusd"
	prefix = "/usr"
}
[Sun Apr 26 15:00:12 UTC 2026] radiusd exited with code 0. Restarting in 2s...
[Sun Apr 26 15:00:14 UTC 2026] Launching radiusd...
main {
 log {
 	destination = "stdout"
 	syslog_facility = "daemon"
 	localstatedir = "/usr/var"
 	logdir = "/usr/var/log"
 	file = "/app/data/radius.log"
 }
	name = "radiusd"
	prefix = "/usr"
}
[Sun Apr 26 15:00:18 UTC 2026] radiusd exited with code 0. Restarting in 2s...
[Sun Apr 26 15:00:20 UTC 2026] Launching radiusd...
main {
 log {
 	destination = "stdout"
 	syslog_facility = "daemon"
 	localstatedir = "/usr/var"
 	logdir = "/usr/var/log"
 	file = "/app/data/radius.log"
 }
	name = "radiusd"
	prefix = "/usr"
}
[Sun Apr 26 15:00:37 UTC 2026] radiusd exited with code 0. Restarting in 2s...
[Sun Apr 26 15:00:41 UTC 2026] Launching radiusd...
main {
 log {
 	destination = "stdout"
 	syslog_facility = "daemon"
 	localstatedir = "/usr/var"
 	logdir = "/usr/var/log"
 	file = "/app/data/radius.log"
 }
	name = "radiusd"
	prefix = "/usr"
}
[Sun Apr 26 15:00:46 UTC 2026] radiusd exited with code 0. Restarting in 2s...
[Sun Apr 26 15:00:49 UTC 2026] Launching radiusd...
main {
 log {
 	destination = "stdout"
 	syslog_facility = "daemon"
 	localstatedir = "/usr/var"
 	logdir = "/usr/var/log"
 	file = "/app/data/radius.log"
 }
	name = "radiusd"
	prefix = "/usr"
}
[Sun Apr 26 15:00:54 UTC 2026] radiusd exited with code 0. Restarting in 2s...
[Sun Apr 26 15:00:57 UTC 2026] Launching radiusd...
main {
 log {
 	destination = "stdout"
 	syslog_facility = "daemon"
 	localstatedir = "/usr/var"
 	logdir = "/usr/var/log"
 	file = "/app/data/radius.log"
 }
	name = "radiusd"
	prefix = "/usr"
}
[Sun Apr 26 15:01:01 UTC 2026] radiusd exited with code 0. Restarting in 2s...
[Sun Apr 26 15:01:03 UTC 2026] Launching radiusd...
main {
 log {
 	destination = "stdout"
 	syslog_facility = "daemon"
 	localstatedir = "/usr/var"
 	logdir = "/usr/var/log"
 	file = "/app/data/radius.log"
 }
	name = "radiusd"
	prefix = "/usr"
}
[Sun Apr 26 15:01:08 UTC 2026] radiusd exited with code 0. Restarting in 2s...
[Sun Apr 26 15:01:10 UTC 2026] Launching radiusd...
main {
 log {
 	destination = "stdout"
 	syslog_facility = "daemon"
 	localstatedir = "/usr/var"
 	logdir = "/usr/var/log"
 	file = "/app/data/radius.log"
 }
	name = "radiusd"
	prefix = "/usr"
}
[Sun Apr 26 15:01:14 UTC 2026] radiusd exited with code 0. Restarting in 2s...
[Sun Apr 26 15:01:17 UTC 2026] Launching radiusd...
main {
 log {
 	destination = "stdout"
 	syslog_facility = "daemon"
 	localstatedir = "/usr/var"
 	logdir = "/usr/var/log"
 	file = "/app/data/radius.log"
 }
	name = "radiusd"
	prefix = "/usr"
}
[Sun Apr 26 15:01:19 UTC 2026] radiusd exited with code 0. Restarting in 2s...
[Sun Apr 26 15:01:21 UTC 2026] Launching radiusd...
main {
 log {
 	destination = "stdout"
 	syslog_facility = "daemon"
 	localstatedir = "/usr/var"
 	logdir = "/usr/var/log"
 	file = "/app/data/radius.log"
 }
	name = "radiusd"
	prefix = "/usr"
}
[Sun Apr 26 15:01:27 UTC 2026] radiusd exited with code 0. Restarting in 2s...
[Sun Apr 26 15:01:29 UTC 2026] Launching radiusd...
main {
 log {
 	destination = "stdout"
 	syslog_facility = "daemon"
 	localstatedir = "/usr/var"
 	logdir = "/usr/var/log"
 	file = "/app/data/radius.log"
 }
	name = "radiusd"
	prefix = "/usr"
}
[Sun Apr 26 15:01:36 UTC 2026] radiusd exited with code 0. Restarting in 2s...
[Sun Apr 26 15:01:38 UTC 2026] Launching radiusd...
main {
 log {
 	destination = "stdout"
 	syslog_facility = "daemon"
 	localstatedir = "/usr/var"
 	logdir = "/usr/var/log"
 	file = "/app/data/radius.log"
 }
	name = "radiusd"
	prefix = "/usr"
}
[Sun Apr 26 15:01:47 UTC 2026] radiusd exited with code 0. Restarting in 2s...
[Sun Apr 26 15:01:50 UTC 2026] Launching radiusd...
main {
 log {
 	destination = "stdout"
 	syslog_facility = "daemon"
 	localstatedir = "/usr/var"
 	logdir = "/usr/var/log"
 	file = "/app/data/radius.log"
 }
	name = "radiusd"
	prefix = "/usr"
}
[Sun Apr 26 15:02:03 UTC 2026] radiusd exited with code 0. Restarting in 2s...
[Sun Apr 26 15:02:06 UTC 2026] Launching radiusd...
main {
 log {
 	destination = "stdout"
 	syslog_facility = "daemon"
 	localstatedir = "/usr/var"
 	logdir = "/usr/var/log"
 	file = "/app/data/radius.log"
 }
	name = "radiusd"
	prefix = "/usr"
}
[Sun Apr 26 15:02:10 UTC 2026] radiusd exited with code 0. Restarting in 2s...
[Sun Apr 26 15:02:12 UTC 2026] Launching radiusd...
main {
 log {
 	destination = "stdout"
 	syslog_facility = "daemon"
 	localstatedir = "/usr/var"
 	logdir = "/usr/var/log"
 	file = "/app/data/radius.log"
 }
	name = "radiusd"
	prefix = "/usr"
}
[Sun Apr 26 15:02:17 UTC 2026] radiusd exited with code 0. Restarting in 2s...
[Sun Apr 26 15:02:19 UTC 2026] Launching radiusd...
main {
 log {
 	destination = "stdout"
 	syslog_facility = "daemon"
 	localstatedir = "/usr/var"
 	logdir = "/usr/var/log"
 	file = "/app/data/radius.log"
 }
	name = "radiusd"
	prefix = "/usr"
}
[Sun Apr 26 15:02:22 UTC 2026] radiusd exited with code 0. Restarting in 2s...
[Sun Apr 26 15:02:25 UTC 2026] Launching radiusd...
main {
 log {
 	destination = "stdout"
 	syslog_facility = "daemon"
 	localstatedir = "/usr/var"
 	logdir = "/usr/var/log"
 	file = "/app/data/radius.log"
 }
	name = "radiusd"
	prefix = "/usr"
}
[Sun Apr 26 15:02:38 UTC 2026] radiusd exited with code 0. Restarting in 2s...
[Sun Apr 26 15:02:41 UTC 2026] Launching radiusd...
main {
 log {
 	destination = "stdout"
 	syslog_facility = "daemon"
 	localstatedir = "/usr/var"
 	logdir = "/usr/var/log"
 	file = "/app/data/radius.log"
 }
	name = "radiusd"
	prefix = "/usr"
}
[Sun Apr 26 15:02:50 UTC 2026] radiusd exited with code 0. Restarting in 2s...
[Sun Apr 26 15:02:52 UTC 2026] Launching radiusd...
main {
 log {
 	destination = "stdout"
 	syslog_facility = "daemon"
 	localstatedir = "/usr/var"
 	logdir = "/usr/var/log"
 	file = "/app/data/radius.log"
 }
	name = "radiusd"
	prefix = "/usr"
}
[Sun Apr 26 15:02:53 UTC 2026] radiusd exited with code 0. Restarting in 2s...
[Sun Apr 26 15:02:55 UTC 2026] Launching radiusd...
main {
 log {
 	destination = "stdout"
 	syslog_facility = "daemon"
 	localstatedir = "/usr/var"
 	logdir = "/usr/var/log"
 	file = "/app/data/radius.log"
 }
	name = "radiusd"
	prefix = "/usr"
}
[Sun Apr 26 15:02:55 UTC 2026] radiusd exited with code 0. Restarting in 2s...
[Sun Apr 26 15:02:57 UTC 2026] Launching radiusd...
main {
 log {
 	destination = "stdout"
 	syslog_facility = "daemon"
 	localstatedir = "/usr/var"
 	logdir = "/usr/var/log"
 	file = "/app/data/radius.log"
 }
	name = "radiusd"
	prefix = "/usr"
}
[Sun Apr 26 15:02:57 UTC 2026] radiusd exited with code 0. Restarting in 2s...
[Sun Apr 26 15:02:59 UTC 2026] Launching radiusd...
main {
 log {
 	destination = "stdout"
 	syslog_facility = "daemon"
 	localstatedir = "/usr/var"
 	logdir = "/usr/var/log"
 	file = "/app/data/radius.log"
 }
	name = "radiusd"
	prefix = "/usr"
}
[Sun Apr 26 15:03:00 UTC 2026] radiusd exited with code 0. Restarting in 2s...
[Sun Apr 26 15:03:02 UTC 2026] Launching radiusd...
main {
 log {
 	destination = "stdout"
 	syslog_facility = "daemon"
 	localstatedir = "/usr/var"
 	logdir = "/usr/var/log"
 	file = "/app/data/radius.log"
 }
	name = "radiusd"
	prefix = "/usr"
}
[Sun Apr 26 15:03:03 UTC 2026] radiusd exited with code 0. Restarting in 2s...
[Sun Apr 26 15:03:05 UTC 2026] Launching radiusd...
main {
 log {
 	destination = "stdout"
 	syslog_facility = "daemon"
 	localstatedir = "/usr/var"
 	logdir = "/usr/var/log"
 	file = "/app/data/radius.log"
 }
	name = "radiusd"
	prefix = "/usr"
}
[Sun Apr 26 15:03:05 UTC 2026] radiusd exited with code 0. Restarting in 2s...
[Sun Apr 26 15:03:07 UTC 2026] Launching radiusd...
main {
 log {
 	destination = "stdout"
 	syslog_facility = "daemon"
 	localstatedir = "/usr/var"
 	logdir = "/usr/var/log"
 	file = "/app/data/radius.log"
 }
	name = "radiusd"
	prefix = "/usr"
}
[Sun Apr 26 15:03:07 UTC 2026] radiusd exited with code 0. Restarting in 2s...
[Sun Apr 26 15:03:09 UTC 2026] Launching radiusd...
main {
 log {
 	destination = "stdout"
 	syslog_facility = "daemon"
 	localstatedir = "/usr/var"
 	logdir = "/usr/var/log"
 	file = "/app/data/radius.log"
 }
	name = "radiusd"
	prefix = "/usr"
}
[Sun Apr 26 15:03:10 UTC 2026] radiusd exited with code 0. Restarting in 2s...
[Sun Apr 26 15:03:12 UTC 2026] Launching radiusd...
main {
 log {
 	destination = "stdout"
 	syslog_facility = "daemon"
 	localstatedir = "/usr/var"
 	logdir = "/usr/var/log"
 	file = "/app/data/radius.log"
 }
	name = "radiusd"
	prefix = "/usr"
}
[Sun Apr 26 15:03:12 UTC 2026] radiusd exited with code 0. Restarting in 2s...
[Sun Apr 26 15:03:14 UTC 2026] Launching radiusd...
main {
 log {
 	destination = "stdout"
 	syslog_facility = "daemon"
 	localstatedir = "/usr/var"
 	logdir = "/usr/var/log"
 	file = "/app/data/radius.log"
 }
	name = "radiusd"
	prefix = "/usr"
}
[Sun Apr 26 15:03:14 UTC 2026] radiusd exited with code 0. Restarting in 2s...
[Sun Apr 26 15:03:16 UTC 2026] Launching radiusd...
main {
 log {
 	destination = "stdout"
 	syslog_facility = "daemon"
 	localstatedir = "/usr/var"
 	logdir = "/usr/var/log"
 	file = "/app/data/radius.log"
 }
	name = "radiusd"
	prefix = "/usr"
}
[Sun Apr 26 15:03:17 UTC 2026] radiusd exited with code 0. Restarting in 2s...
[Sun Apr 26 15:03:19 UTC 2026] Launching radiusd...
main {
 log {
 	destination = "stdout"
 	syslog_facility = "daemon"
 	localstatedir = "/usr/var"
 	logdir = "/usr/var/log"
 	file = "/app/data/radius.log"
 }
	name = "radiusd"
	prefix = "/usr"
}
[Sun Apr 26 15:03:19 UTC 2026] radiusd exited with code 0. Restarting in 2s...
[Sun Apr 26 15:03:21 UTC 2026] Launching radiusd...
main {
 log {
 	destination = "stdout"
 	syslog_facility = "daemon"
 	localstatedir = "/usr/var"
 	logdir = "/usr/var/log"
 	file = "/app/data/radius.log"
 }
	name = "radiusd"
	prefix = "/usr"
}
[Sun Apr 26 15:03:21 UTC 2026] radiusd exited with code 0. Restarting in 2s...
[Sun Apr 26 15:03:23 UTC 2026] Launching radiusd...
main {
 log {
 	destination = "stdout"
 	syslog_facility = "daemon"
 	localstatedir = "/usr/var"
 	logdir = "/usr/var/log"
 	file = "/app/data/radius.log"
 }
	name = "radiusd"
	prefix = "/usr"
}
[Sun Apr 26 15:03:24 UTC 2026] radiusd exited with code 0. Restarting in 2s...
[Sun Apr 26 15:03:26 UTC 2026] Launching radiusd...
main {
 log {
 	destination = "stdout"
 	syslog_facility = "daemon"
 	localstatedir = "/usr/var"
 	logdir = "/usr/var/log"
 	file = "/app/data/radius.log"
 }
	name = "radiusd"
	prefix = "/usr"
}
[Sun Apr 26 15:03:27 UTC 2026] radiusd exited with code 0. Restarting in 2s...
[Sun Apr 26 15:03:29 UTC 2026] Launching radiusd...
main {
 log {
 	destination = "stdout"
 	syslog_facility = "daemon"
 	localstatedir = "/usr/var"
 	logdir = "/usr/var/log"
 	file = "/app/data/radius.log"
 }
	name = "radiusd"
	prefix = "/usr"
}
[Sun Apr 26 15:03:29 UTC 2026] radiusd exited with code 0. Restarting in 2s...
[Sun Apr 26 15:03:31 UTC 2026] Launching radiusd...
main {
 log {
 	destination = "stdout"
 	syslog_facility = "daemon"
 	localstatedir = "/usr/var"
 	logdir = "/usr/var/log"
 	file = "/app/data/radius.log"
 }
	name = "radiusd"
	prefix = "/usr"
}
[Sun Apr 26 15:03:32 UTC 2026] radiusd exited with code 0. Restarting in 2s...
[Sun Apr 26 15:03:34 UTC 2026] Launching radiusd...
main {
 log {
 	destination = "stdout"
 	syslog_facility = "daemon"
 	localstatedir = "/usr/var"
 	logdir = "/usr/var/log"
 	file = "/app/data/radius.log"
 }
	name = "radiusd"
	prefix = "/usr"
}
[Sun Apr 26 15:03:34 UTC 2026] radiusd exited with code 0. Restarting in 2s...
[Sun Apr 26 15:03:36 UTC 2026] Launching radiusd...
main {
 log {
 	destination = "stdout"
 	syslog_facility = "daemon"
 	localstatedir = "/usr/var"
 	logdir = "/usr/var/log"
 	file = "/app/data/radius.log"
 }
	name = "radiusd"
	prefix = "/usr"
}
[Sun Apr 26 15:03:37 UTC 2026] radiusd exited with code 0. Restarting in 2s...
[Sun Apr 26 15:03:39 UTC 2026] Launching radiusd...
main {
 log {
 	destination = "stdout"
 	syslog_facility = "daemon"
 	localstatedir = "/usr/var"
 	logdir = "/usr/var/log"
 	file = "/app/data/radius.log"
 }
	name = "radiusd"
	prefix = "/usr"
}
[Sun Apr 26 15:03:40 UTC 2026] radiusd exited with code 0. Restarting in 2s...
[Sun Apr 26 15:03:42 UTC 2026] Launching radiusd...
main {
 log {
 	destination = "stdout"
 	syslog_facility = "daemon"
 	localstatedir = "/usr/var"
 	logdir = "/usr/var/log"
 	file = "/app/data/radius.log"
 }
	name = "radiusd"
	prefix = "/usr"
}
[Sun Apr 26 15:03:44 UTC 2026] radiusd exited with code 0. Restarting in 2s...
[Sun Apr 26 15:03:46 UTC 2026] Launching radiusd...
main {
 log {
 	destination = "stdout"
 	syslog_facility = "daemon"
 	localstatedir = "/usr/var"
 	logdir = "/usr/var/log"
 	file = "/app/data/radius.log"
 }
	name = "radiusd"
	prefix = "/usr"
}
[Sun Apr 26 15:03:47 UTC 2026] radiusd exited with code 0. Restarting in 2s...
[Sun Apr 26 15:03:49 UTC 2026] Launching radiusd...
main {
 log {
 	destination = "stdout"
 	syslog_facility = "daemon"
 	localstatedir = "/usr/var"
 	logdir = "/usr/var/log"
 	file = "/app/data/radius.log"
 }
	name = "radiusd"
	prefix = "/usr"
}
[Sun Apr 26 15:03:50 UTC 2026] radiusd exited with code 0. Restarting in 2s...
[Sun Apr 26 15:03:52 UTC 2026] Launching radiusd...
main {
 log {
 	destination = "stdout"
 	syslog_facility = "daemon"
 	localstatedir = "/usr/var"
 	logdir = "/usr/var/log"
 	file = "/app/data/radius.log"
 }
	name = "radiusd"
	prefix = "/usr"
}
[Sun Apr 26 15:03:52 UTC 2026] radiusd exited with code 0. Restarting in 2s...
[Sun Apr 26 15:03:54 UTC 2026] Launching radiusd...
main {
 log {
 	destination = "stdout"
 	syslog_facility = "daemon"
 	localstatedir = "/usr/var"
 	logdir = "/usr/var/log"
 	file = "/app/data/radius.log"
 }
	name = "radiusd"
	prefix = "/usr"
}
[Sun Apr 26 15:03:55 UTC 2026] radiusd exited with code 0. Restarting in 2s...
[Sun Apr 26 15:03:57 UTC 2026] Launching radiusd...
main {
 log {
 	destination = "stdout"
 	syslog_facility = "daemon"
 	localstatedir = "/usr/var"
 	logdir = "/usr/var/log"
 	file = "/app/data/radius.log"
 }
	name = "radiusd"
	prefix = "/usr"
}
[Sun Apr 26 15:03:57 UTC 2026] radiusd exited with code 0. Restarting in 2s...
[Sun Apr 26 15:03:59 UTC 2026] Launching radiusd...
main {
 log {
 	destination = "stdout"
 	syslog_facility = "daemon"
 	localstatedir = "/usr/var"
 	logdir = "/usr/var/log"
 	file = "/app/data/radius.log"
 }
	name = "radiusd"
	prefix = "/usr"
}
[Sun Apr 26 15:04:00 UTC 2026] radiusd exited with code 0. Restarting in 2s...
[Sun Apr 26 15:04:02 UTC 2026] Launching radiusd...
main {
 log {
 	destination = "stdout"
 	syslog_facility = "daemon"
 	localstatedir = "/usr/var"
 	logdir = "/usr/var/log"
 	file = "/app/data/radius.log"
 }
	name = "radiusd"
	prefix = "/usr"
}
[Sun Apr 26 15:04:02 UTC 2026] radiusd exited with code 0. Restarting in 2s...
[Sun Apr 26 15:04:04 UTC 2026] Launching radiusd...
main {
 log {
 	destination = "stdout"
 	syslog_facility = "daemon"
 	localstatedir = "/usr/var"
 	logdir = "/usr/var/log"
 	file = "/app/data/radius.log"
 }
	name = "radiusd"
	prefix = "/usr"
}
[Sun Apr 26 15:04:05 UTC 2026] radiusd exited with code 0. Restarting in 2s...
[Sun Apr 26 15:04:07 UTC 2026] Launching radiusd...
main {
 log {
 	destination = "stdout"
 	syslog_facility = "daemon"
 	localstatedir = "/usr/var"
 	logdir = "/usr/var/log"
 	file = "/app/data/radius.log"
 }
	name = "radiusd"
	prefix = "/usr"
}
[Sun Apr 26 15:04:07 UTC 2026] radiusd exited with code 0. Restarting in 2s...
[Sun Apr 26 15:04:09 UTC 2026] Launching radiusd...
main {
 log {
 	destination = "stdout"
 	syslog_facility = "daemon"
 	localstatedir = "/usr/var"
 	logdir = "/usr/var/log"
 	file = "/app/data/radius.log"
 }
	name = "radiusd"
	prefix = "/usr"
}
[Sun Apr 26 15:04:10 UTC 2026] radiusd exited with code 0. Restarting in 2s...
[Sun Apr 26 15:04:12 UTC 2026] Launching radiusd...
main {
 log {
 	destination = "stdout"
 	syslog_facility = "daemon"
 	localstatedir = "/usr/var"
 	logdir = "/usr/var/log"
 	file = "/app/data/radius.log"
 }
	name = "radiusd"
	prefix = "/usr"
}
[Sun Apr 26 15:04:12 UTC 2026] radiusd exited with code 0. Restarting in 2s...
[Sun Apr 26 15:04:14 UTC 2026] Launching radiusd...
main {
 log {
 	destination = "stdout"
 	syslog_facility = "daemon"
 	localstatedir = "/usr/var"
 	logdir = "/usr/var/log"
 	file = "/app/data/radius.log"
 }
	name = "radiusd"
	prefix = "/usr"
}
[Sun Apr 26 15:04:15 UTC 2026] radiusd exited with code 0. Restarting in 2s...
[Sun Apr 26 15:04:17 UTC 2026] Launching radiusd...
main {
 log {
 	destination = "stdout"
 	syslog_facility = "daemon"
 	localstatedir = "/usr/var"
 	logdir = "/usr/var/log"
 	file = "/app/data/radius.log"
 }
	name = "radiusd"
	prefix = "/usr"
}
[Sun Apr 26 15:04:17 UTC 2026] radiusd exited with code 0. Restarting in 2s...
[Sun Apr 26 15:04:19 UTC 2026] Launching radiusd...
main {
 log {
 	destination = "stdout"
 	syslog_facility = "daemon"
 	localstatedir = "/usr/var"
 	logdir = "/usr/var/log"
 	file = "/app/data/radius.log"
 }
	name = "radiusd"
	prefix = "/usr"
}
[Sun Apr 26 15:04:19 UTC 2026] radiusd exited with code 0. Restarting in 2s...
[Sun Apr 26 15:04:21 UTC 2026] Launching radiusd...
main {
 log {
 	destination = "stdout"
 	syslog_facility = "daemon"
 	localstatedir = "/usr/var"
 	logdir = "/usr/var/log"
 	file = "/app/data/radius.log"
 }
	name = "radiusd"
	prefix = "/usr"
}
[Sun Apr 26 15:04:22 UTC 2026] radiusd exited with code 0. Restarting in 2s...
[Sun Apr 26 15:04:24 UTC 2026] Launching radiusd...
main {
 log {
 	destination = "stdout"
 	syslog_facility = "daemon"
 	localstatedir = "/usr/var"
 	logdir = "/usr/var/log"
 	file = "/app/data/radius.log"
 }
	name = "radiusd"
	prefix = "/usr"
}
[Sun Apr 26 15:04:24 UTC 2026] radiusd exited with code 0. Restarting in 2s...
[Sun Apr 26 15:04:26 UTC 2026] Launching radiusd...
main {
 log {
 	destination = "stdout"
 	syslog_facility = "daemon"
 	localstatedir = "/usr/var"
 	logdir = "/usr/var/log"
 	file = "/app/data/radius.log"
 }
	name = "radiusd"
	prefix = "/usr"
}
[Sun Apr 26 15:04:27 UTC 2026] radiusd exited with code 0. Restarting in 2s...
[Sun Apr 26 15:04:29 UTC 2026] Launching radiusd...
main {
 log {
 	destination = "stdout"
 	syslog_facility = "daemon"
 	localstatedir = "/usr/var"
 	logdir = "/usr/var/log"
 	file = "/app/data/radius.log"
 }
	name = "radiusd"
	prefix = "/usr"
}
[Sun Apr 26 15:04:29 UTC 2026] radiusd exited with code 0. Restarting in 2s...
[Sun Apr 26 15:04:31 UTC 2026] Launching radiusd...
main {
 log {
 	destination = "stdout"
 	syslog_facility = "daemon"
 	localstatedir = "/usr/var"
 	logdir = "/usr/var/log"
 	file = "/app/data/radius.log"
 }
	name = "radiusd"
	prefix = "/usr"
}
[Sun Apr 26 15:04:32 UTC 2026] radiusd exited with code 0. Restarting in 2s...
[Sun Apr 26 15:04:34 UTC 2026] Launching radiusd...
main {
 log {
 	destination = "stdout"
 	syslog_facility = "daemon"
 	localstatedir = "/usr/var"
 	logdir = "/usr/var/log"
 	file = "/app/data/radius.log"
 }
	name = "radiusd"
	prefix = "/usr"
}
[Sun Apr 26 15:04:34 UTC 2026] radiusd exited with code 0. Restarting in 2s...
[Sun Apr 26 15:04:36 UTC 2026] Launching radiusd...
main {
 log {
 	destination = "stdout"
 	syslog_facility = "daemon"
 	localstatedir = "/usr/var"
 	logdir = "/usr/var/log"
 	file = "/app/data/radius.log"
 }
	name = "radiusd"
	prefix = "/usr"
}
[Sun Apr 26 15:04:37 UTC 2026] radiusd exited with code 0. Restarting in 2s...
[Sun Apr 26 15:04:39 UTC 2026] Launching radiusd...
main {
 log {
 	destination = "stdout"
 	syslog_facility = "daemon"
 	localstatedir = "/usr/var"
 	logdir = "/usr/var/log"
 	file = "/app/data/radius.log"
 }
	name = "radiusd"
	prefix = "/usr"
}
[Sun Apr 26 15:04:39 UTC 2026] radiusd exited with code 0. Restarting in 2s...
[Sun Apr 26 15:04:41 UTC 2026] Launching radiusd...
main {
 log {
 	destination = "stdout"
 	syslog_facility = "daemon"
 	localstatedir = "/usr/var"
 	logdir = "/usr/var/log"
 	file = "/app/data/radius.log"
 }
	name = "radiusd"
	prefix = "/usr"
}
[Sun Apr 26 15:04:41 UTC 2026] radiusd exited with code 0. Restarting in 2s...
[Sun Apr 26 15:04:43 UTC 2026] Launching radiusd...
main {
 log {
 	destination = "stdout"
 	syslog_facility = "daemon"
 	localstatedir = "/usr/var"
 	logdir = "/usr/var/log"
 	file = "/app/data/radius.log"
 }
	name = "radiusd"
	prefix = "/usr"
}
[Sun Apr 26 15:04:44 UTC 2026] radiusd exited with code 0. Restarting in 2s...
[Sun Apr 26 15:04:46 UTC 2026] Launching radiusd...
main {
 log {
 	destination = "stdout"
 	syslog_facility = "daemon"
 	localstatedir = "/usr/var"
 	logdir = "/usr/var/log"
 	file = "/app/data/radius.log"
 }
	name = "radiusd"
	prefix = "/usr"
}
[Sun Apr 26 15:04:46 UTC 2026] radiusd exited with code 0. Restarting in 2s...
[Sun Apr 26 15:04:49 UTC 2026] Launching radiusd...
main {
 log {
 	destination = "stdout"
 	syslog_facility = "daemon"
 	localstatedir = "/usr/var"
 	logdir = "/usr/var/log"
 	file = "/app/data/radius.log"
 }
	name = "radiusd"
	prefix = "/usr"
}
[Sun Apr 26 15:04:49 UTC 2026] radiusd exited with code 0. Restarting in 2s...
[Sun Apr 26 15:04:51 UTC 2026] Launching radiusd...
main {
 log {
 	destination = "stdout"
 	syslog_facility = "daemon"
 	localstatedir = "/usr/var"
 	logdir = "/usr/var/log"
 	file = "/app/data/radius.log"
 }
	name = "radiusd"
	prefix = "/usr"
}
[Sun Apr 26 15:04:51 UTC 2026] radiusd exited with code 0. Restarting in 2s...
[Sun Apr 26 15:04:53 UTC 2026] Launching radiusd...
main {
 log {
 	destination = "stdout"
 	syslog_facility = "daemon"
 	localstatedir = "/usr/var"
 	logdir = "/usr/var/log"
 	file = "/app/data/radius.log"
 }
	name = "radiusd"
	prefix = "/usr"
}
[Sun Apr 26 15:04:54 UTC 2026] radiusd exited with code 0. Restarting in 2s...
[Sun Apr 26 15:04:56 UTC 2026] Launching radiusd...
main {
 log {
 	destination = "stdout"
 	syslog_facility = "daemon"
 	localstatedir = "/usr/var"
 	logdir = "/usr/var/log"
 	file = "/app/data/radius.log"
 }
	name = "radiusd"
	prefix = "/usr"
}
[Sun Apr 26 15:04:56 UTC 2026] radiusd exited with code 0. Restarting in 2s...
[Sun Apr 26 15:04:58 UTC 2026] Launching radiusd...
main {
 log {
 	destination = "stdout"
 	syslog_facility = "daemon"
 	localstatedir = "/usr/var"
 	logdir = "/usr/var/log"
 	file = "/app/data/radius.log"
 }
	name = "radiusd"
	prefix = "/usr"
}
[Sun Apr 26 15:04:59 UTC 2026] radiusd exited with code 0. Restarting in 2s...
[Sun Apr 26 15:05:01 UTC 2026] Launching radiusd...
main {
 log {
 	destination = "stdout"
 	syslog_facility = "daemon"
 	localstatedir = "/usr/var"
 	logdir = "/usr/var/log"
 	file = "/app/data/radius.log"
 }
	name = "radiusd"
	prefix = "/usr"
}
[Sun Apr 26 15:05:01 UTC 2026] radiusd exited with code 0. Restarting in 2s...
[Sun Apr 26 15:05:03 UTC 2026] Launching radiusd...
main {
 log {
 	destination = "stdout"
 	syslog_facility = "daemon"
 	localstatedir = "/usr/var"
 	logdir = "/usr/var/log"
 	file = "/app/data/radius.log"
 }
	name = "radiusd"
	prefix = "/usr"
}
[Sun Apr 26 15:05:03 UTC 2026] radiusd exited with code 0. Restarting in 2s...
[Sun Apr 26 15:05:05 UTC 2026] Launching radiusd...
main {
 log {
 	destination = "stdout"
 	syslog_facility = "daemon"
 	localstatedir = "/usr/var"
 	logdir = "/usr/var/log"
 	file = "/app/data/radius.log"
 }
	name = "radiusd"
	prefix = "/usr"
}
[Sun Apr 26 15:05:06 UTC 2026] radiusd exited with code 0. Restarting in 2s...
[Sun Apr 26 15:05:08 UTC 2026] Launching radiusd...
main {
 log {
 	destination = "stdout"
 	syslog_facility = "daemon"
 	localstatedir = "/usr/var"
 	logdir = "/usr/var/log"
 	file = "/app/data/radius.log"
 }
	name = "radiusd"
	prefix = "/usr"
}
[Sun Apr 26 15:05:08 UTC 2026] radiusd exited with code 0. Restarting in 2s...
[Sun Apr 26 15:05:10 UTC 2026] Launching radiusd...
main {
 log {
 	destination = "stdout"
 	syslog_facility = "daemon"
 	localstatedir = "/usr/var"
 	logdir = "/usr/var/log"
 	file = "/app/data/radius.log"
 }
	name = "radiusd"
	prefix = "/usr"
}
[Sun Apr 26 15:05:10 UTC 2026] radiusd exited with code 0. Restarting in 2s...
[Sun Apr 26 15:05:12 UTC 2026] Launching radiusd...
main {
 log {
 	destination = "stdout"
 	syslog_facility = "daemon"
 	localstatedir = "/usr/var"
 	logdir = "/usr/var/log"
 	file = "/app/data/radius.log"
 }
	name = "radiusd"
	prefix = "/usr"
}
[Sun Apr 26 15:05:13 UTC 2026] radiusd exited with code 0. Restarting in 2s...
[Sun Apr 26 15:05:15 UTC 2026] Launching radiusd...
main {
 log {
 	destination = "stdout"
 	syslog_facility = "daemon"
 	localstatedir = "/usr/var"
 	logdir = "/usr/var/log"
 	file = "/app/data/radius.log"
 }
	name = "radiusd"
	prefix = "/usr"
}
[Sun Apr 26 15:05:15 UTC 2026] radiusd exited with code 0. Restarting in 2s...
[Sun Apr 26 15:05:17 UTC 2026] Launching radiusd...
main {
 log {
 	destination = "stdout"
 	syslog_facility = "daemon"
 	localstatedir = "/usr/var"
 	logdir = "/usr/var/log"
 	file = "/app/data/radius.log"
 }
	name = "radiusd"
	prefix = "/usr"
}
[Sun Apr 26 15:05:18 UTC 2026] radiusd exited with code 0. Restarting in 2s...
[Sun Apr 26 15:05:20 UTC 2026] Launching radiusd...
main {
 log {
 	destination = "stdout"
 	syslog_facility = "daemon"
 	localstatedir = "/usr/var"
 	logdir = "/usr/var/log"
 	file = "/app/data/radius.log"
 }
	name = "radiusd"
	prefix = "/usr"
}
[Sun Apr 26 15:05:20 UTC 2026] radiusd exited with code 0. Restarting in 2s...
[Sun Apr 26 15:05:22 UTC 2026] Launching radiusd...
main {
 log {
 	destination = "stdout"
 	syslog_facility = "daemon"
 	localstatedir = "/usr/var"
 	logdir = "/usr/var/log"
 	file = "/app/data/radius.log"
 }
	name = "radiusd"
	prefix = "/usr"
}
[Sun Apr 26 15:05:22 UTC 2026] radiusd exited with code 0. Restarting in 2s...
[Sun Apr 26 15:05:24 UTC 2026] Launching radiusd...
main {
 log {
 	destination = "stdout"
 	syslog_facility = "daemon"
 	localstatedir = "/usr/var"
 	logdir = "/usr/var/log"
 	file = "/app/data/radius.log"
 }
	name = "radiusd"
	prefix = "/usr"
}
[Sun Apr 26 15:05:25 UTC 2026] radiusd exited with code 0. Restarting in 2s...
[Sun Apr 26 15:05:27 UTC 2026] Launching radiusd...
main {
 log {
 	destination = "stdout"
 	syslog_facility = "daemon"
 	localstatedir = "/usr/var"
 	logdir = "/usr/var/log"
 	file = "/app/data/radius.log"
 }
	name = "radiusd"
	prefix = "/usr"
}
[Sun Apr 26 15:05:27 UTC 2026] radiusd exited with code 0. Restarting in 2s...
[Sun Apr 26 15:05:29 UTC 2026] Launching radiusd...
main {
 log {
 	destination = "stdout"
 	syslog_facility = "daemon"
 	localstatedir = "/usr/var"
 	logdir = "/usr/var/log"
 	file = "/app/data/radius.log"
 }
	name = "radiusd"
	prefix = "/usr"
}
[Sun Apr 26 15:05:30 UTC 2026] radiusd exited with code 0. Restarting in 2s...
[Sun Apr 26 15:05:32 UTC 2026] Launching radiusd...
main {
 log {
 	destination = "stdout"
 	syslog_facility = "daemon"
 	localstatedir = "/usr/var"
 	logdir = "/usr/var/log"
 	file = "/app/data/radius.log"
 }
	name = "radiusd"
	prefix = "/usr"
}
[Sun Apr 26 15:05:32 UTC 2026] radiusd exited with code 0. Restarting in 2s...
[Sun Apr 26 15:05:34 UTC 2026] Launching radiusd...
main {
 log {
 	destination = "stdout"
 	syslog_facility = "daemon"
 	localstatedir = "/usr/var"
 	logdir = "/usr/var/log"
 	file = "/app/data/radius.log"
 }
	name = "radiusd"
	prefix = "/usr"
}
[Sun Apr 26 15:05:35 UTC 2026] radiusd exited with code 0. Restarting in 2s...
[Sun Apr 26 15:05:37 UTC 2026] Launching radiusd...
main {
 log {
 	destination = "stdout"
 	syslog_facility = "daemon"
 	localstatedir = "/usr/var"
 	logdir = "/usr/var/log"
 	file = "/app/data/radius.log"
 }
	name = "radiusd"
	prefix = "/usr"
}
[Sun Apr 26 15:05:37 UTC 2026] radiusd exited with code 0. Restarting in 2s...
[Sun Apr 26 15:05:39 UTC 2026] Launching radiusd...
main {
 log {
 	destination = "stdout"
 	syslog_facility = "daemon"
 	localstatedir = "/usr/var"
 	logdir = "/usr/var/log"
 	file = "/app/data/radius.log"
 }
	name = "radiusd"
	prefix = "/usr"
}
[Sun Apr 26 15:05:41 UTC 2026] radiusd exited with code 0. Restarting in 2s...
[Sun Apr 26 15:05:43 UTC 2026] Launching radiusd...
main {
 log {
 	destination = "stdout"
 	syslog_facility = "daemon"
 	localstatedir = "/usr/var"
 	logdir = "/usr/var/log"
 	file = "/app/data/radius.log"
 }
	name = "radiusd"
	prefix = "/usr"
}
[Sun Apr 26 15:05:45 UTC 2026] radiusd exited with code 0. Restarting in 2s...
[Sun Apr 26 15:05:48 UTC 2026] Launching radiusd...
main {
 log {
 	destination = "stdout"
 	syslog_facility = "daemon"
 	localstatedir = "/usr/var"
 	logdir = "/usr/var/log"
 	file = "/app/data/radius.log"
 }
	name = "radiusd"
	prefix = "/usr"
}
[Sun Apr 26 15:05:50 UTC 2026] radiusd exited with code 0. Restarting in 2s...
[Sun Apr 26 15:05:52 UTC 2026] Launching radiusd...
main {
 log {
 	destination = "stdout"
 	syslog_facility = "daemon"
 	localstatedir = "/usr/var"
 	logdir = "/usr/var/log"
 	file = "/app/data/radius.log"
 }
	name = "radiusd"
	prefix = "/usr"
}
[Sun Apr 26 15:05:54 UTC 2026] radiusd exited with code 0. Restarting in 2s...
[Sun Apr 26 15:05:56 UTC 2026] Launching radiusd...
main {
 log {
 	destination = "stdout"
 	syslog_facility = "daemon"
 	localstatedir = "/usr/var"
 	logdir = "/usr/var/log"
 	file = "/app/data/radius.log"
 }
	name = "radiusd"
	prefix = "/usr"
}
[Sun Apr 26 15:05:56 UTC 2026] radiusd exited with code 0. Restarting in 2s...
[Sun Apr 26 15:05:59 UTC 2026] Launching radiusd...
main {
 log {
 	destination = "stdout"
 	syslog_facility = "daemon"
 	localstatedir = "/usr/var"
 	logdir = "/usr/var/log"
 	file = "/app/data/radius.log"
 }
	name = "radiusd"
	prefix = "/usr"
}
[Sun Apr 26 15:05:59 UTC 2026] radiusd exited with code 0. Restarting in 2s...
[Sun Apr 26 15:06:01 UTC 2026] Launching radiusd...
main {
 log {
 	destination = "stdout"
 	syslog_facility = "daemon"
 	localstatedir = "/usr/var"
 	logdir = "/usr/var/log"
 	file = "/app/data/radius.log"
 }
	name = "radiusd"
	prefix = "/usr"
}
[Sun Apr 26 15:06:01 UTC 2026] radiusd exited with code 0. Restarting in 2s...
[Sun Apr 26 15:06:03 UTC 2026] Launching radiusd...
main {
 log {
 	destination = "stdout"
 	syslog_facility = "daemon"
 	localstatedir = "/usr/var"
 	logdir = "/usr/var/log"
 	file = "/app/data/radius.log"
 }
	name = "radiusd"
	prefix = "/usr"
}
[Sun Apr 26 15:06:04 UTC 2026] radiusd exited with code 0. Restarting in 2s...
[Sun Apr 26 15:06:06 UTC 2026] Launching radiusd...
main {
 log {
 	destination = "stdout"
 	syslog_facility = "daemon"
 	localstatedir = "/usr/var"
 	logdir = "/usr/var/log"
 	file = "/app/data/radius.log"
 }
	name = "radiusd"
	prefix = "/usr"
}
[Sun Apr 26 15:06:10 UTC 2026] radiusd exited with code 0. Restarting in 2s...
[Sun Apr 26 15:06:12 UTC 2026] Launching radiusd...
main {
 log {
 	destination = "stdout"
 	syslog_facility = "daemon"
 	localstatedir = "/usr/var"
 	logdir = "/usr/var/log"
 	file = "/app/data/radius.log"
 }
	name = "radiusd"
	prefix = "/usr"
}
[Sun Apr 26 15:06:20 UTC 2026] radiusd exited with code 0. Restarting in 2s...
[Sun Apr 26 15:06:22 UTC 2026] Launching radiusd...
main {
 log {
 	destination = "stdout"
 	syslog_facility = "daemon"
 	localstatedir = "/usr/var"
 	logdir = "/usr/var/log"
 	file = "/app/data/radius.log"
 }
	name = "radiusd"
	prefix = "/usr"
}
[Sun Apr 26 15:06:23 UTC 2026] radiusd exited with code 0. Restarting in 2s...
[Sun Apr 26 15:06:25 UTC 2026] Launching radiusd...
main {
 log {
 	destination = "stdout"
 	syslog_facility = "daemon"
 	localstatedir = "/usr/var"
 	logdir = "/usr/var/log"
 	file = "/app/data/radius.log"
 }
	name = "radiusd"
	prefix = "/usr"
}
[Sun Apr 26 15:06:26 UTC 2026] radiusd exited with code 0. Restarting in 2s...
[Sun Apr 26 15:06:28 UTC 2026] Launching radiusd...
main {
 log {
 	destination = "stdout"
 	syslog_facility = "daemon"
 	localstatedir = "/usr/var"
 	logdir = "/usr/var/log"
 	file = "/app/data/radius.log"
 }
	name = "radiusd"
	prefix = "/usr"
}
[Sun Apr 26 15:06:29 UTC 2026] radiusd exited with code 0. Restarting in 2s...
[Sun Apr 26 15:06:32 UTC 2026] Launching radiusd...
main {
 log {
 	destination = "stdout"
 	syslog_facility = "daemon"
 	localstatedir = "/usr/var"
 	logdir = "/usr/var/log"
 	file = "/app/data/radius.log"
 }
	name = "radiusd"
	prefix = "/usr"
}
[Sun Apr 26 15:06:32 UTC 2026] radiusd exited with code 0. Restarting in 2s...
[Sun Apr 26 15:06:35 UTC 2026] Launching radiusd...
main {
 log {
 	destination = "stdout"
 	syslog_facility = "daemon"
 	localstatedir = "/usr/var"
 	logdir = "/usr/var/log"
 	file = "/app/data/radius.log"
 }
	name = "radiusd"
	prefix = "/usr"
}
[Sun Apr 26 15:06:35 UTC 2026] radiusd exited with code 0. Restarting in 2s...
[Sun Apr 26 15:06:37 UTC 2026] Launching radiusd...
main {
 log {
 	destination = "stdout"
 	syslog_facility = "daemon"
 	localstatedir = "/usr/var"
 	logdir = "/usr/var/log"
 	file = "/app/data/radius.log"
 }
	name = "radiusd"
	prefix = "/usr"
}
[Sun Apr 26 15:06:37 UTC 2026] radiusd exited with code 0. Restarting in 2s...
[Sun Apr 26 15:06:39 UTC 2026] Launching radiusd...
main {
 log {
 	destination = "stdout"
 	syslog_facility = "daemon"
 	localstatedir = "/usr/var"
 	logdir = "/usr/var/log"
 	file = "/app/data/radius.log"
 }
	name = "radiusd"
	prefix = "/usr"
}
[Sun Apr 26 15:06:40 UTC 2026] radiusd exited with code 0. Restarting in 2s...
[Sun Apr 26 15:06:42 UTC 2026] Launching radiusd...
main {
 log {
 	destination = "stdout"
 	syslog_facility = "daemon"
 	localstatedir = "/usr/var"
 	logdir = "/usr/var/log"
 	file = "/app/data/radius.log"
 }
	name = "radiusd"
	prefix = "/usr"
}
[Sun Apr 26 15:06:42 UTC 2026] radiusd exited with code 0. Restarting in 2s...
[Sun Apr 26 15:06:44 UTC 2026] Launching radiusd...
main {
 log {
 	destination = "stdout"
 	syslog_facility = "daemon"
 	localstatedir = "/usr/var"
 	logdir = "/usr/var/log"
 	file = "/app/data/radius.log"
 }
	name = "radiusd"
	prefix = "/usr"
}
[Sun Apr 26 15:06:44 UTC 2026] radiusd exited with code 0. Restarting in 2s...
[Sun Apr 26 15:06:46 UTC 2026] Launching radiusd...
main {
 log {
 	destination = "stdout"
 	syslog_facility = "daemon"
 	localstatedir = "/usr/var"
 	logdir = "/usr/var/log"
 	file = "/app/data/radius.log"
 }
	name = "radiusd"
	prefix = "/usr"
}
[Sun Apr 26 15:06:47 UTC 2026] radiusd exited with code 0. Restarting in 2s...
[Sun Apr 26 15:06:49 UTC 2026] Launching radiusd...
main {
 log {
 	destination = "stdout"
 	syslog_facility = "daemon"
 	localstatedir = "/usr/var"
 	logdir = "/usr/var/log"
 	file = "/app/data/radius.log"
 }
	name = "radiusd"
	prefix = "/usr"
}
[Sun Apr 26 15:06:49 UTC 2026] radiusd exited with code 0. Restarting in 2s...
[Sun Apr 26 15:06:51 UTC 2026] Launching radiusd...
main {
 log {
 	destination = "stdout"
 	syslog_facility = "daemon"
 	localstatedir = "/usr/var"
 	logdir = "/usr/var/log"
 	file = "/app/data/radius.log"
 }
	name = "radiusd"
	prefix = "/usr"
}
[Sun Apr 26 15:06:52 UTC 2026] radiusd exited with code 0. Restarting in 2s...
[Sun Apr 26 15:06:54 UTC 2026] Launching radiusd...
main {
 log {
 	destination = "stdout"
 	syslog_facility = "daemon"
 	localstatedir = "/usr/var"
 	logdir = "/usr/var/log"
 	file = "/app/data/radius.log"
 }
	name = "radiusd"
	prefix = "/usr"
}
[Sun Apr 26 15:06:54 UTC 2026] radiusd exited with code 0. Restarting in 2s...
[Sun Apr 26 15:06:56 UTC 2026] Launching radiusd...
main {
 log {
 	destination = "stdout"
 	syslog_facility = "daemon"
 	localstatedir = "/usr/var"
 	logdir = "/usr/var/log"
 	file = "/app/data/radius.log"
 }
	name = "radiusd"
	prefix = "/usr"
}
[Sun Apr 26 15:06:57 UTC 2026] radiusd exited with code 0. Restarting in 2s...
[Sun Apr 26 15:06:59 UTC 2026] Launching radiusd...
main {
 log {
 	destination = "stdout"
 	syslog_facility = "daemon"
 	localstatedir = "/usr/var"
 	logdir = "/usr/var/log"
 	file = "/app/data/radius.log"
 }
	name = "radiusd"
	prefix = "/usr"
}
[Sun Apr 26 15:06:59 UTC 2026] radiusd exited with code 0. Restarting in 2s...
[Sun Apr 26 15:07:02 UTC 2026] Launching radiusd...
main {
 log {
 	destination = "stdout"
 	syslog_facility = "daemon"
 	localstatedir = "/usr/var"
 	logdir = "/usr/var/log"
 	file = "/app/data/radius.log"
 }
	name = "radiusd"
	prefix = "/usr"
}
[Sun Apr 26 15:07:02 UTC 2026] radiusd exited with code 0. Restarting in 2s...
[Sun Apr 26 15:07:04 UTC 2026] Launching radiusd...
main {
 log {
 	destination = "stdout"
 	syslog_facility = "daemon"
 	localstatedir = "/usr/var"
 	logdir = "/usr/var/log"
 	file = "/app/data/radius.log"
 }
	name = "radiusd"
	prefix = "/usr"
}
[Sun Apr 26 15:07:04 UTC 2026] radiusd exited with code 0. Restarting in 2s...
[Sun Apr 26 15:07:06 UTC 2026] Launching radiusd...
main {
 log {
 	destination = "stdout"
 	syslog_facility = "daemon"
 	localstatedir = "/usr/var"
 	logdir = "/usr/var/log"
 	file = "/app/data/radius.log"
 }
	name = "radiusd"
	prefix = "/usr"
}
[Sun Apr 26 15:07:13 UTC 2026] radiusd exited with code 0. Restarting in 2s...
[Sun Apr 26 15:07:16 UTC 2026] Launching radiusd...
main {
 log {
 	destination = "stdout"
 	syslog_facility = "daemon"
 	localstatedir = "/usr/var"
 	logdir = "/usr/var/log"
 	file = "/app/data/radius.log"
 }
	name = "radiusd"
	prefix = "/usr"
}
[Sun Apr 26 15:07:16 UTC 2026] radiusd exited with code 0. Restarting in 2s...
[Sun Apr 26 15:07:18 UTC 2026] Launching radiusd...
main {
 log {
 	destination = "stdout"
 	syslog_facility = "daemon"
 	localstatedir = "/usr/var"
 	logdir = "/usr/var/log"
 	file = "/app/data/radius.log"
 }
	name = "radiusd"
	prefix = "/usr"
}
[Sun Apr 26 15:07:19 UTC 2026] radiusd exited with code 0. Restarting in 2s...
[Sun Apr 26 15:07:21 UTC 2026] Launching radiusd...
main {
 log {
 	destination = "stdout"
 	syslog_facility = "daemon"
 	localstatedir = "/usr/var"
 	logdir = "/usr/var/log"
 	file = "/app/data/radius.log"
 }
	name = "radiusd"
	prefix = "/usr"
}
[Sun Apr 26 15:07:21 UTC 2026] radiusd exited with code 0. Restarting in 2s...
[Sun Apr 26 15:07:24 UTC 2026] Launching radiusd...
main {
 log {
 	destination = "stdout"
 	syslog_facility = "daemon"
 	localstatedir = "/usr/var"
 	logdir = "/usr/var/log"
 	file = "/app/data/radius.log"
 }
	name = "radiusd"
	prefix = "/usr"
}
[Sun Apr 26 15:07:24 UTC 2026] radiusd exited with code 0. Restarting in 2s...
[Sun Apr 26 15:07:27 UTC 2026] Launching radiusd...
main {
 log {
 	destination = "stdout"
 	syslog_facility = "daemon"
 	localstatedir = "/usr/var"
 	logdir = "/usr/var/log"
 	file = "/app/data/radius.log"
 }
	name = "radiusd"
	prefix = "/usr"
}
[Sun Apr 26 15:07:27 UTC 2026] radiusd exited with code 0. Restarting in 2s...
[Sun Apr 26 15:07:29 UTC 2026] Launching radiusd...
main {
 log {
 	destination = "stdout"
 	syslog_facility = "daemon"
 	localstatedir = "/usr/var"
 	logdir = "/usr/var/log"
 	file = "/app/data/radius.log"
 }
	name = "radiusd"
	prefix = "/usr"
}
[Sun Apr 26 15:07:30 UTC 2026] radiusd exited with code 0. Restarting in 2s...
[Sun Apr 26 15:07:32 UTC 2026] Launching radiusd...
main {
 log {
 	destination = "stdout"
 	syslog_facility = "daemon"
 	localstatedir = "/usr/var"
 	logdir = "/usr/var/log"
 	file = "/app/data/radius.log"
 }
	name = "radiusd"
	prefix = "/usr"
}
[Sun Apr 26 15:07:32 UTC 2026] radiusd exited with code 0. Restarting in 2s...
[Sun Apr 26 15:07:34 UTC 2026] Launching radiusd...
main {
 log {
 	destination = "stdout"
 	syslog_facility = "daemon"
 	localstatedir = "/usr/var"
 	logdir = "/usr/var/log"
 	file = "/app/data/radius.log"
 }
	name = "radiusd"
	prefix = "/usr"
}
[Sun Apr 26 15:07:34 UTC 2026] radiusd exited with code 0. Restarting in 2s...
[Sun Apr 26 15:07:37 UTC 2026] Launching radiusd...
main {
 log {
 	destination = "stdout"
 	syslog_facility = "daemon"
 	localstatedir = "/usr/var"
 	logdir = "/usr/var/log"
 	file = "/app/data/radius.log"
 }
	name = "radiusd"
	prefix = "/usr"
}
[Sun Apr 26 15:07:37 UTC 2026] radiusd exited with code 0. Restarting in 2s...
[Sun Apr 26 15:07:39 UTC 2026] Launching radiusd...
main {
 log {
 	destination = "stdout"
 	syslog_facility = "daemon"
 	localstatedir = "/usr/var"
 	logdir = "/usr/var/log"
 	file = "/app/data/radius.log"
 }
	name = "radiusd"
	prefix = "/usr"
}
[Sun Apr 26 15:07:39 UTC 2026] radiusd exited with code 0. Restarting in 2s...
[Sun Apr 26 15:07:41 UTC 2026] Launching radiusd...
main {
 log {
 	destination = "stdout"
 	syslog_facility = "daemon"
 	localstatedir = "/usr/var"
 	logdir = "/usr/var/log"
 	file = "/app/data/radius.log"
 }
	name = "radiusd"
	prefix = "/usr"
}
[Sun Apr 26 15:07:42 UTC 2026] radiusd exited with code 0. Restarting in 2s...
[Sun Apr 26 15:07:44 UTC 2026] Launching radiusd...
main {
 log {
 	destination = "stdout"
 	syslog_facility = "daemon"
 	localstatedir = "/usr/var"
 	logdir = "/usr/var/log"
 	file = "/app/data/radius.log"
 }
	name = "radiusd"
	prefix = "/usr"
}
[Sun Apr 26 15:07:44 UTC 2026] radiusd exited with code 0. Restarting in 2s...
[Sun Apr 26 15:07:46 UTC 2026] Launching radiusd...
main {
 log {
 	destination = "stdout"
 	syslog_facility = "daemon"
 	localstatedir = "/usr/var"
 	logdir = "/usr/var/log"
 	file = "/app/data/radius.log"
 }
	name = "radiusd"
	prefix = "/usr"
}
[Sun Apr 26 15:07:46 UTC 2026] radiusd exited with code 0. Restarting in 2s...
[Sun Apr 26 15:07:48 UTC 2026] Launching radiusd...
main {
 log {
 	destination = "stdout"
 	syslog_facility = "daemon"
 	localstatedir = "/usr/var"
 	logdir = "/usr/var/log"
 	file = "/app/data/radius.log"
 }
	name = "radiusd"
	prefix = "/usr"
}
[Sun Apr 26 15:07:49 UTC 2026] radiusd exited with code 0. Restarting in 2s...
[Sun Apr 26 15:07:51 UTC 2026] Launching radiusd...
main {
 log {
 	destination = "stdout"
 	syslog_facility = "daemon"
 	localstatedir = "/usr/var"
 	logdir = "/usr/var/log"
 	file = "/app/data/radius.log"
 }
	name = "radiusd"
	prefix = "/usr"
}
[Sun Apr 26 15:07:51 UTC 2026] radiusd exited with code 0. Restarting in 2s...
[Sun Apr 26 15:07:53 UTC 2026] Launching radiusd...
main {
 log {
 	destination = "stdout"
 	syslog_facility = "daemon"
 	localstatedir = "/usr/var"
 	logdir = "/usr/var/log"
 	file = "/app/data/radius.log"
 }
	name = "radiusd"
	prefix = "/usr"
}
[Sun Apr 26 15:07:54 UTC 2026] radiusd exited with code 0. Restarting in 2s...
[Sun Apr 26 15:07:56 UTC 2026] Launching radiusd...
main {
 log {
 	destination = "stdout"
 	syslog_facility = "daemon"
 	localstatedir = "/usr/var"
 	logdir = "/usr/var/log"
 	file = "/app/data/radius.log"
 }
	name = "radiusd"
	prefix = "/usr"
}
[Sun Apr 26 15:07:56 UTC 2026] radiusd exited with code 0. Restarting in 2s...
[Sun Apr 26 15:07:58 UTC 2026] Launching radiusd...
main {
 log {
 	destination = "stdout"
 	syslog_facility = "daemon"
 	localstatedir = "/usr/var"
 	logdir = "/usr/var/log"
 	file = "/app/data/radius.log"
 }
	name = "radiusd"
	prefix = "/usr"
}
[Sun Apr 26 15:07:58 UTC 2026] radiusd exited with code 0. Restarting in 2s...
[Sun Apr 26 15:08:00 UTC 2026] Launching radiusd...
main {
 log {
 	destination = "stdout"
 	syslog_facility = "daemon"
 	localstatedir = "/usr/var"
 	logdir = "/usr/var/log"
 	file = "/app/data/radius.log"
 }
	name = "radiusd"
	prefix = "/usr"
}
[Sun Apr 26 15:08:01 UTC 2026] radiusd exited with code 0. Restarting in 2s...
[Sun Apr 26 15:08:03 UTC 2026] Launching radiusd...
main {
 log {
 	destination = "stdout"
 	syslog_facility = "daemon"
 	localstatedir = "/usr/var"
 	logdir = "/usr/var/log"
 	file = "/app/data/radius.log"
 }
	name = "radiusd"
	prefix = "/usr"
}
[Sun Apr 26 15:08:03 UTC 2026] radiusd exited with code 0. Restarting in 2s...
[Sun Apr 26 15:08:05 UTC 2026] Launching radiusd...
main {
 log {
 	destination = "stdout"
 	syslog_facility = "daemon"
 	localstatedir = "/usr/var"
 	logdir = "/usr/var/log"
 	file = "/app/data/radius.log"
 }
	name = "radiusd"
	prefix = "/usr"
}
[Sun Apr 26 15:08:06 UTC 2026] radiusd exited with code 0. Restarting in 2s...
[Sun Apr 26 15:08:08 UTC 2026] Launching radiusd...
main {
 log {
 	destination = "stdout"
 	syslog_facility = "daemon"
 	localstatedir = "/usr/var"
 	logdir = "/usr/var/log"
 	file = "/app/data/radius.log"
 }
	name = "radiusd"
	prefix = "/usr"
}
[Sun Apr 26 15:08:08 UTC 2026] radiusd exited with code 0. Restarting in 2s...
[Sun Apr 26 15:08:10 UTC 2026] Launching radiusd...
main {
 log {
 	destination = "stdout"
 	syslog_facility = "daemon"
 	localstatedir = "/usr/var"
 	logdir = "/usr/var/log"
 	file = "/app/data/radius.log"
 }
	name = "radiusd"
	prefix = "/usr"
}
[Sun Apr 26 15:08:11 UTC 2026] radiusd exited with code 0. Restarting in 2s...
[Sun Apr 26 15:08:13 UTC 2026] Launching radiusd...
main {
 log {
 	destination = "stdout"
 	syslog_facility = "daemon"
 	localstatedir = "/usr/var"
 	logdir = "/usr/var/log"
 	file = "/app/data/radius.log"
 }
	name = "radiusd"
	prefix = "/usr"
}
[Sun Apr 26 15:08:13 UTC 2026] radiusd exited with code 0. Restarting in 2s...
[Sun Apr 26 15:08:15 UTC 2026] Launching radiusd...
main {
 log {
 	destination = "stdout"
 	syslog_facility = "daemon"
 	localstatedir = "/usr/var"
 	logdir = "/usr/var/log"
 	file = "/app/data/radius.log"
 }
	name = "radiusd"
	prefix = "/usr"
}
[Sun Apr 26 15:08:16 UTC 2026] radiusd exited with code 0. Restarting in 2s...
[Sun Apr 26 15:08:18 UTC 2026] Launching radiusd...
main {
 log {
 	destination = "stdout"
 	syslog_facility = "daemon"
 	localstatedir = "/usr/var"
 	logdir = "/usr/var/log"
 	file = "/app/data/radius.log"
 }
	name = "radiusd"
	prefix = "/usr"
}
[Sun Apr 26 15:08:18 UTC 2026] radiusd exited with code 0. Restarting in 2s...
[Sun Apr 26 15:08:20 UTC 2026] Launching radiusd...
main {
 log {
 	destination = "stdout"
 	syslog_facility = "daemon"
 	localstatedir = "/usr/var"
 	logdir = "/usr/var/log"
 	file = "/app/data/radius.log"
 }
	name = "radiusd"
	prefix = "/usr"
}
[Sun Apr 26 15:08:21 UTC 2026] radiusd exited with code 0. Restarting in 2s...
[Sun Apr 26 15:08:23 UTC 2026] Launching radiusd...
main {
 log {
 	destination = "stdout"
 	syslog_facility = "daemon"
 	localstatedir = "/usr/var"
 	logdir = "/usr/var/log"
 	file = "/app/data/radius.log"
 }
	name = "radiusd"
	prefix = "/usr"
}
[Sun Apr 26 15:08:23 UTC 2026] radiusd exited with code 0. Restarting in 2s...
[Sun Apr 26 15:08:25 UTC 2026] Launching radiusd...
main {
 log {
 	destination = "stdout"
 	syslog_facility = "daemon"
 	localstatedir = "/usr/var"
 	logdir = "/usr/var/log"
 	file = "/app/data/radius.log"
 }
	name = "radiusd"
	prefix = "/usr"
}
[Sun Apr 26 15:08:25 UTC 2026] radiusd exited with code 0. Restarting in 2s...
[Sun Apr 26 15:08:27 UTC 2026] Launching radiusd...
main {
 log {
 	destination = "stdout"
 	syslog_facility = "daemon"
 	localstatedir = "/usr/var"
 	logdir = "/usr/var/log"
 	file = "/app/data/radius.log"
 }
	name = "radiusd"
	prefix = "/usr"
}
[Sun Apr 26 15:08:28 UTC 2026] radiusd exited with code 0. Restarting in 2s...
[Sun Apr 26 15:08:30 UTC 2026] Launching radiusd...
main {
 log {
 	destination = "stdout"
 	syslog_facility = "daemon"
 	localstatedir = "/usr/var"
 	logdir = "/usr/var/log"
 	file = "/app/data/radius.log"
 }
	name = "radiusd"
	prefix = "/usr"
}
[Sun Apr 26 15:08:31 UTC 2026] radiusd exited with code 0. Restarting in 2s...
[Sun Apr 26 15:08:33 UTC 2026] Launching radiusd...
main {
 log {
 	destination = "stdout"
 	syslog_facility = "daemon"
 	localstatedir = "/usr/var"
 	logdir = "/usr/var/log"
 	file = "/app/data/radius.log"
 }
	name = "radiusd"
	prefix = "/usr"
}
[Sun Apr 26 15:08:34 UTC 2026] radiusd exited with code 0. Restarting in 2s...
[Sun Apr 26 15:08:36 UTC 2026] Launching radiusd...
main {
 log {
 	destination = "stdout"
 	syslog_facility = "daemon"
 	localstatedir = "/usr/var"
 	logdir = "/usr/var/log"
 	file = "/app/data/radius.log"
 }
	name = "radiusd"
	prefix = "/usr"
}
[Sun Apr 26 15:08:36 UTC 2026] radiusd exited with code 0. Restarting in 2s...
[Sun Apr 26 15:08:38 UTC 2026] Launching radiusd...
main {
 log {
 	destination = "stdout"
 	syslog_facility = "daemon"
 	localstatedir = "/usr/var"
 	logdir = "/usr/var/log"
 	file = "/app/data/radius.log"
 }
	name = "radiusd"
	prefix = "/usr"
}
[Sun Apr 26 15:08:39 UTC 2026] radiusd exited with code 0. Restarting in 2s...
[Sun Apr 26 15:08:41 UTC 2026] Launching radiusd...
main {
 log {
 	destination = "stdout"
 	syslog_facility = "daemon"
 	localstatedir = "/usr/var"
 	logdir = "/usr/var/log"
 	file = "/app/data/radius.log"
 }
	name = "radiusd"
	prefix = "/usr"
}
[Sun Apr 26 15:08:41 UTC 2026] radiusd exited with code 0. Restarting in 2s...
[Sun Apr 26 15:08:43 UTC 2026] Launching radiusd...
main {
 log {
 	destination = "stdout"
 	syslog_facility = "daemon"
 	localstatedir = "/usr/var"
 	logdir = "/usr/var/log"
 	file = "/app/data/radius.log"
 }
	name = "radiusd"
	prefix = "/usr"
}
[Sun Apr 26 15:08:44 UTC 2026] radiusd exited with code 0. Restarting in 2s...
[Sun Apr 26 15:08:46 UTC 2026] Launching radiusd...
main {
 log {
 	destination = "stdout"
 	syslog_facility = "daemon"
 	localstatedir = "/usr/var"
 	logdir = "/usr/var/log"
 	file = "/app/data/radius.log"
 }
	name = "radiusd"
	prefix = "/usr"
}
[Sun Apr 26 15:08:46 UTC 2026] radiusd exited with code 0. Restarting in 2s...
[Sun Apr 26 15:08:48 UTC 2026] Launching radiusd...
main {
 log {
 	destination = "stdout"
 	syslog_facility = "daemon"
 	localstatedir = "/usr/var"
 	logdir = "/usr/var/log"
 	file = "/app/data/radius.log"
 }
	name = "radiusd"
	prefix = "/usr"
}
[Sun Apr 26 15:08:48 UTC 2026] radiusd exited with code 0. Restarting in 2s...
[Sun Apr 26 15:08:50 UTC 2026] Launching radiusd...
main {
 log {
 	destination = "stdout"
 	syslog_facility = "daemon"
 	localstatedir = "/usr/var"
 	logdir = "/usr/var/log"
 	file = "/app/data/radius.log"
 }
	name = "radiusd"
	prefix = "/usr"
}
[Sun Apr 26 15:08:51 UTC 2026] radiusd exited with code 0. Restarting in 2s...
[Sun Apr 26 15:08:53 UTC 2026] Launching radiusd...
main {
 log {
 	destination = "stdout"
 	syslog_facility = "daemon"
 	localstatedir = "/usr/var"
 	logdir = "/usr/var/log"
 	file = "/app/data/radius.log"
 }
	name = "radiusd"
	prefix = "/usr"
}
[Sun Apr 26 15:08:53 UTC 2026] radiusd exited with code 0. Restarting in 2s...
[Sun Apr 26 15:08:55 UTC 2026] Launching radiusd...
main {
 log {
 	destination = "stdout"
 	syslog_facility = "daemon"
 	localstatedir = "/usr/var"
 	logdir = "/usr/var/log"
 	file = "/app/data/radius.log"
 }
	name = "radiusd"
	prefix = "/usr"
}
[Sun Apr 26 15:08:56 UTC 2026] radiusd exited with code 0. Restarting in 2s...
[Sun Apr 26 15:08:58 UTC 2026] Launching radiusd...
main {
 log {
 	destination = "stdout"
 	syslog_facility = "daemon"
 	localstatedir = "/usr/var"
 	logdir = "/usr/var/log"
 	file = "/app/data/radius.log"
 }
	name = "radiusd"
	prefix = "/usr"
}
[Sun Apr 26 15:08:58 UTC 2026] radiusd exited with code 0. Restarting in 2s...
[Sun Apr 26 15:09:00 UTC 2026] Launching radiusd...
main {
 log {
 	destination = "stdout"
 	syslog_facility = "daemon"
 	localstatedir = "/usr/var"
 	logdir = "/usr/var/log"
 	file = "/app/data/radius.log"
 }
	name = "radiusd"
	prefix = "/usr"
}
[Sun Apr 26 15:09:00 UTC 2026] radiusd exited with code 0. Restarting in 2s...
[Sun Apr 26 15:09:02 UTC 2026] Launching radiusd...
main {
 log {
 	destination = "stdout"
 	syslog_facility = "daemon"
 	localstatedir = "/usr/var"
 	logdir = "/usr/var/log"
 	file = "/app/data/radius.log"
 }
	name = "radiusd"
	prefix = "/usr"
}
[Sun Apr 26 15:09:02 UTC 2026] radiusd exited with code 0. Restarting in 2s...
[Sun Apr 26 15:09:04 UTC 2026] Launching radiusd...
main {
 log {
 	destination = "stdout"
 	syslog_facility = "daemon"
 	localstatedir = "/usr/var"
 	logdir = "/usr/var/log"
 	file = "/app/data/radius.log"
 }
	name = "radiusd"
	prefix = "/usr"
}
[Sun Apr 26 15:09:04 UTC 2026] radiusd exited with code 0. Restarting in 2s...
[Sun Apr 26 15:09:06 UTC 2026] Launching radiusd...
main {
 log {
 	destination = "stdout"
 	syslog_facility = "daemon"
 	localstatedir = "/usr/var"
 	logdir = "/usr/var/log"
 	file = "/app/data/radius.log"
 }
	name = "radiusd"
	prefix = "/usr"
}
[Sun Apr 26 15:09:07 UTC 2026] radiusd exited with code 0. Restarting in 2s...
[Sun Apr 26 15:09:09 UTC 2026] Launching radiusd...
main {
 log {
 	destination = "stdout"
 	syslog_facility = "daemon"
 	localstatedir = "/usr/var"
 	logdir = "/usr/var/log"
 	file = "/app/data/radius.log"
 }
	name = "radiusd"
	prefix = "/usr"
}
[Sun Apr 26 15:09:09 UTC 2026] radiusd exited with code 0. Restarting in 2s...
[Sun Apr 26 15:09:11 UTC 2026] Launching radiusd...
main {
 log {
 	destination = "stdout"
 	syslog_facility = "daemon"
 	localstatedir = "/usr/var"
 	logdir = "/usr/var/log"
 	file = "/app/data/radius.log"
 }
	name = "radiusd"
	prefix = "/usr"
}
[Sun Apr 26 15:09:11 UTC 2026] radiusd exited with code 0. Restarting in 2s...
[Sun Apr 26 15:09:13 UTC 2026] Launching radiusd...
main {
 log {
 	destination = "stdout"
 	syslog_facility = "daemon"
 	localstatedir = "/usr/var"
 	logdir = "/usr/var/log"
 	file = "/app/data/radius.log"
 }
	name = "radiusd"
	prefix = "/usr"
}
[Sun Apr 26 15:09:13 UTC 2026] radiusd exited with code 0. Restarting in 2s...
[Sun Apr 26 15:09:15 UTC 2026] Launching radiusd...
main {
 log {
 	destination = "stdout"
 	syslog_facility = "daemon"
 	localstatedir = "/usr/var"
 	logdir = "/usr/var/log"
 	file = "/app/data/radius.log"
 }
	name = "radiusd"
	prefix = "/usr"
}
[Sun Apr 26 15:09:16 UTC 2026] radiusd exited with code 0. Restarting in 2s...
[Sun Apr 26 15:09:18 UTC 2026] Launching radiusd...
main {
 log {
 	destination = "stdout"
 	syslog_facility = "daemon"
 	localstatedir = "/usr/var"
 	logdir = "/usr/var/log"
 	file = "/app/data/radius.log"
 }
	name = "radiusd"
	prefix = "/usr"
}
[Sun Apr 26 15:09:18 UTC 2026] radiusd exited with code 0. Restarting in 2s...
[Sun Apr 26 15:09:20 UTC 2026] Launching radiusd...
main {
 log {
 	destination = "stdout"
 	syslog_facility = "daemon"
 	localstatedir = "/usr/var"
 	logdir = "/usr/var/log"
 	file = "/app/data/radius.log"
 }
	name = "radiusd"
	prefix = "/usr"
}
[Sun Apr 26 15:09:20 UTC 2026] radiusd exited with code 0. Restarting in 2s...
[Sun Apr 26 15:09:22 UTC 2026] Launching radiusd...
main {
 log {
 	destination = "stdout"
 	syslog_facility = "daemon"
 	localstatedir = "/usr/var"
 	logdir = "/usr/var/log"
 	file = "/app/data/radius.log"
 }
	name = "radiusd"
	prefix = "/usr"
}
[Sun Apr 26 15:09:22 UTC 2026] radiusd exited with code 0. Restarting in 2s...
[Sun Apr 26 15:09:24 UTC 2026] Launching radiusd...
main {
 log {
 	destination = "stdout"
 	syslog_facility = "daemon"
 	localstatedir = "/usr/var"
 	logdir = "/usr/var/log"
 	file = "/app/data/radius.log"
 }
	name = "radiusd"
	prefix = "/usr"
}
[Sun Apr 26 15:09:25 UTC 2026] radiusd exited with code 0. Restarting in 2s...
[Sun Apr 26 15:09:27 UTC 2026] Launching radiusd...
main {
 log {
 	destination = "stdout"
 	syslog_facility = "daemon"
 	localstatedir = "/usr/var"
 	logdir = "/usr/var/log"
 	file = "/app/data/radius.log"
 }
	name = "radiusd"
	prefix = "/usr"
}
[Sun Apr 26 15:09:27 UTC 2026] radiusd exited with code 0. Restarting in 2s...
[Sun Apr 26 15:09:29 UTC 2026] Launching radiusd...
main {
 log {
 	destination = "stdout"
 	syslog_facility = "daemon"
 	localstatedir = "/usr/var"
 	logdir = "/usr/var/log"
 	file = "/app/data/radius.log"
 }
	name = "radiusd"
	prefix = "/usr"
}
[Sun Apr 26 15:09:29 UTC 2026] radiusd exited with code 0. Restarting in 2s...
[Sun Apr 26 15:09:31 UTC 2026] Launching radiusd...
main {
 log {
 	destination = "stdout"
 	syslog_facility = "daemon"
 	localstatedir = "/usr/var"
 	logdir = "/usr/var/log"
 	file = "/app/data/radius.log"
 }
	name = "radiusd"
	prefix = "/usr"
}
[Sun Apr 26 15:09:31 UTC 2026] radiusd exited with code 0. Restarting in 2s...
[Sun Apr 26 15:09:33 UTC 2026] Launching radiusd...
main {
 log {
 	destination = "stdout"
 	syslog_facility = "daemon"
 	localstatedir = "/usr/var"
 	logdir = "/usr/var/log"
 	file = "/app/data/radius.log"
 }
	name = "radiusd"
	prefix = "/usr"
}
[Sun Apr 26 15:09:33 UTC 2026] radiusd exited with code 0. Restarting in 2s...
[Sun Apr 26 15:09:35 UTC 2026] Launching radiusd...
main {
 log {
 	destination = "stdout"
 	syslog_facility = "daemon"
 	localstatedir = "/usr/var"
 	logdir = "/usr/var/log"
 	file = "/app/data/radius.log"
 }
	name = "radiusd"
	prefix = "/usr"
}
[Sun Apr 26 15:09:36 UTC 2026] radiusd exited with code 0. Restarting in 2s...
[Sun Apr 26 15:09:38 UTC 2026] Launching radiusd...
main {
 log {
 	destination = "stdout"
 	syslog_facility = "daemon"
 	localstatedir = "/usr/var"
 	logdir = "/usr/var/log"
 	file = "/app/data/radius.log"
 }
	name = "radiusd"
	prefix = "/usr"
}
[Sun Apr 26 15:09:38 UTC 2026] radiusd exited with code 0. Restarting in 2s...
[Sun Apr 26 15:09:40 UTC 2026] Launching radiusd...
main {
 log {
 	destination = "stdout"
 	syslog_facility = "daemon"
 	localstatedir = "/usr/var"
 	logdir = "/usr/var/log"
 	file = "/app/data/radius.log"
 }
	name = "radiusd"
	prefix = "/usr"
}
[Sun Apr 26 15:09:40 UTC 2026] radiusd exited with code 0. Restarting in 2s...
[Sun Apr 26 15:09:42 UTC 2026] Launching radiusd...
main {
 log {
 	destination = "stdout"
 	syslog_facility = "daemon"
 	localstatedir = "/usr/var"
 	logdir = "/usr/var/log"
 	file = "/app/data/radius.log"
 }
	name = "radiusd"
	prefix = "/usr"
}
[Sun Apr 26 15:09:42 UTC 2026] radiusd exited with code 0. Restarting in 2s...
[Sun Apr 26 15:09:44 UTC 2026] Launching radiusd...
main {
 log {
 	destination = "stdout"
 	syslog_facility = "daemon"
 	localstatedir = "/usr/var"
 	logdir = "/usr/var/log"
 	file = "/app/data/radius.log"
 }
	name = "radiusd"
	prefix = "/usr"
}
[Sun Apr 26 15:09:44 UTC 2026] radiusd exited with code 0. Restarting in 2s...
[Sun Apr 26 15:09:46 UTC 2026] Launching radiusd...
main {
 log {
 	destination = "stdout"
 	syslog_facility = "daemon"
 	localstatedir = "/usr/var"
 	logdir = "/usr/var/log"
 	file = "/app/data/radius.log"
 }
	name = "radiusd"
	prefix = "/usr"
}
[Sun Apr 26 15:09:47 UTC 2026] radiusd exited with code 0. Restarting in 2s...
[Sun Apr 26 15:09:49 UTC 2026] Launching radiusd...
main {
 log {
 	destination = "stdout"
 	syslog_facility = "daemon"
 	localstatedir = "/usr/var"
 	logdir = "/usr/var/log"
 	file = "/app/data/radius.log"
 }
	name = "radiusd"
	prefix = "/usr"
}
[Sun Apr 26 15:09:49 UTC 2026] radiusd exited with code 0. Restarting in 2s...
[Sun Apr 26 15:09:51 UTC 2026] Launching radiusd...
main {
 log {
 	destination = "stdout"
 	syslog_facility = "daemon"
 	localstatedir = "/usr/var"
 	logdir = "/usr/var/log"
 	file = "/app/data/radius.log"
 }
	name = "radiusd"
	prefix = "/usr"
}
[Sun Apr 26 15:09:51 UTC 2026] radiusd exited with code 0. Restarting in 2s...
[Sun Apr 26 15:09:53 UTC 2026] Launching radiusd...
main {
 log {
 	destination = "stdout"
 	syslog_facility = "daemon"
 	localstatedir = "/usr/var"
 	logdir = "/usr/var/log"
 	file = "/app/data/radius.log"
 }
	name = "radiusd"
	prefix = "/usr"
}
[Sun Apr 26 15:09:54 UTC 2026] radiusd exited with code 0. Restarting in 2s...
[Sun Apr 26 15:09:56 UTC 2026] Launching radiusd...
main {
 log {
 	destination = "stdout"
 	syslog_facility = "daemon"
 	localstatedir = "/usr/var"
 	logdir = "/usr/var/log"
 	file = "/app/data/radius.log"
 }
	name = "radiusd"
	prefix = "/usr"
}
[Sun Apr 26 15:09:56 UTC 2026] radiusd exited with code 0. Restarting in 2s...
[Sun Apr 26 15:09:58 UTC 2026] Launching radiusd...
main {
 log {
 	destination = "stdout"
 	syslog_facility = "daemon"
 	localstatedir = "/usr/var"
 	logdir = "/usr/var/log"
 	file = "/app/data/radius.log"
 }
	name = "radiusd"
	prefix = "/usr"
}
[Sun Apr 26 15:09:58 UTC 2026] radiusd exited with code 0. Restarting in 2s...
[Sun Apr 26 15:10:00 UTC 2026] Launching radiusd...
main {
 log {
 	destination = "stdout"
 	syslog_facility = "daemon"
 	localstatedir = "/usr/var"
 	logdir = "/usr/var/log"
 	file = "/app/data/radius.log"
 }
	name = "radiusd"
	prefix = "/usr"
}
[Sun Apr 26 15:10:00 UTC 2026] radiusd exited with code 0. Restarting in 2s...
[Sun Apr 26 15:10:02 UTC 2026] Launching radiusd...
main {
 log {
 	destination = "stdout"
 	syslog_facility = "daemon"
 	localstatedir = "/usr/var"
 	logdir = "/usr/var/log"
 	file = "/app/data/radius.log"
 }
	name = "radiusd"
	prefix = "/usr"
}
[Sun Apr 26 15:10:02 UTC 2026] radiusd exited with code 0. Restarting in 2s...
[Sun Apr 26 15:10:04 UTC 2026] Launching radiusd...
main {
 log {
 	destination = "stdout"
 	syslog_facility = "daemon"
 	localstatedir = "/usr/var"
 	logdir = "/usr/var/log"
 	file = "/app/data/radius.log"
 }
	name = "radiusd"
	prefix = "/usr"
}
[Sun Apr 26 15:10:05 UTC 2026] radiusd exited with code 0. Restarting in 2s...
[Sun Apr 26 15:10:07 UTC 2026] Launching radiusd...
main {
 log {
 	destination = "stdout"
 	syslog_facility = "daemon"
 	localstatedir = "/usr/var"
 	logdir = "/usr/var/log"
 	file = "/app/data/radius.log"
 }
	name = "radiusd"
	prefix = "/usr"
}
[Sun Apr 26 15:10:07 UTC 2026] radiusd exited with code 0. Restarting in 2s...
[Sun Apr 26 15:10:09 UTC 2026] Launching radiusd...
main {
 log {
 	destination = "stdout"
 	syslog_facility = "daemon"
 	localstatedir = "/usr/var"
 	logdir = "/usr/var/log"
 	file = "/app/data/radius.log"
 }
	name = "radiusd"
	prefix = "/usr"
}
[Sun Apr 26 15:10:09 UTC 2026] radiusd exited with code 0. Restarting in 2s...
[Sun Apr 26 15:10:11 UTC 2026] Launching radiusd...
main {
 log {
 	destination = "stdout"
 	syslog_facility = "daemon"
 	localstatedir = "/usr/var"
 	logdir = "/usr/var/log"
 	file = "/app/data/radius.log"
 }
	name = "radiusd"
	prefix = "/usr"
}
[Sun Apr 26 15:10:11 UTC 2026] radiusd exited with code 0. Restarting in 2s...
[Sun Apr 26 15:10:13 UTC 2026] Launching radiusd...
main {
 log {
 	destination = "stdout"
 	syslog_facility = "daemon"
 	localstatedir = "/usr/var"
 	logdir = "/usr/var/log"
 	file = "/app/data/radius.log"
 }
	name = "radiusd"
	prefix = "/usr"
}
[Sun Apr 26 15:10:13 UTC 2026] radiusd exited with code 0. Restarting in 2s...
[Sun Apr 26 15:10:15 UTC 2026] Launching radiusd...
main {
 log {
 	destination = "stdout"
 	syslog_facility = "daemon"
 	localstatedir = "/usr/var"
 	logdir = "/usr/var/log"
 	file = "/app/data/radius.log"
 }
	name = "radiusd"
	prefix = "/usr"
}
[Sun Apr 26 15:10:16 UTC 2026] radiusd exited with code 0. Restarting in 2s...
[Sun Apr 26 15:10:18 UTC 2026] Launching radiusd...
main {
 log {
 	destination = "stdout"
 	syslog_facility = "daemon"
 	localstatedir = "/usr/var"
 	logdir = "/usr/var/log"
 	file = "/app/data/radius.log"
 }
	name = "radiusd"
	prefix = "/usr"
}
[Sun Apr 26 15:10:18 UTC 2026] radiusd exited with code 0. Restarting in 2s...
[Sun Apr 26 15:10:20 UTC 2026] Launching radiusd...
main {
 log {
 	destination = "stdout"
 	syslog_facility = "daemon"
 	localstatedir = "/usr/var"
 	logdir = "/usr/var/log"
 	file = "/app/data/radius.log"
 }
	name = "radiusd"
	prefix = "/usr"
}
[Sun Apr 26 15:10:20 UTC 2026] radiusd exited with code 0. Restarting in 2s...
[Sun Apr 26 15:10:22 UTC 2026] Launching radiusd...
main {
 log {
 	destination = "stdout"
 	syslog_facility = "daemon"
 	localstatedir = "/usr/var"
 	logdir = "/usr/var/log"
 	file = "/app/data/radius.log"
 }
	name = "radiusd"
	prefix = "/usr"
}
[Sun Apr 26 15:10:22 UTC 2026] radiusd exited with code 0. Restarting in 2s...
[Sun Apr 26 15:10:24 UTC 2026] Launching radiusd...
main {
 log {
 	destination = "stdout"
 	syslog_facility = "daemon"
 	localstatedir = "/usr/var"
 	logdir = "/usr/var/log"
 	file = "/app/data/radius.log"
 }
	name = "radiusd"
	prefix = "/usr"
}
[Sun Apr 26 15:10:24 UTC 2026] radiusd exited with code 0. Restarting in 2s...
[Sun Apr 26 15:10:26 UTC 2026] Launching radiusd...
main {
 log {
 	destination = "stdout"
 	syslog_facility = "daemon"
 	localstatedir = "/usr/var"
 	logdir = "/usr/var/log"
 	file = "/app/data/radius.log"
 }
	name = "radiusd"
	prefix = "/usr"
}
[Sun Apr 26 15:10:27 UTC 2026] radiusd exited with code 0. Restarting in 2s...
[Sun Apr 26 15:10:29 UTC 2026] Launching radiusd...
main {
 log {
 	destination = "stdout"
 	syslog_facility = "daemon"
 	localstatedir = "/usr/var"
 	logdir = "/usr/var/log"
 	file = "/app/data/radius.log"
 }
	name = "radiusd"
	prefix = "/usr"
}
[Sun Apr 26 15:10:29 UTC 2026] radiusd exited with code 0. Restarting in 2s...
[Sun Apr 26 15:10:31 UTC 2026] Launching radiusd...
main {
 log {
 	destination = "stdout"
 	syslog_facility = "daemon"
 	localstatedir = "/usr/var"
 	logdir = "/usr/var/log"
 	file = "/app/data/radius.log"
 }
	name = "radiusd"
	prefix = "/usr"
}
[Sun Apr 26 15:10:31 UTC 2026] radiusd exited with code 0. Restarting in 2s...
[Sun Apr 26 15:10:33 UTC 2026] Launching radiusd...
main {
 log {
 	destination = "stdout"
 	syslog_facility = "daemon"
 	localstatedir = "/usr/var"
 	logdir = "/usr/var/log"
 	file = "/app/data/radius.log"
 }
	name = "radiusd"
	prefix = "/usr"
}
[Sun Apr 26 15:10:33 UTC 2026] radiusd exited with code 0. Restarting in 2s...
[Sun Apr 26 15:10:35 UTC 2026] Launching radiusd...
main {
 log {
 	destination = "stdout"
 	syslog_facility = "daemon"
 	localstatedir = "/usr/var"
 	logdir = "/usr/var/log"
 	file = "/app/data/radius.log"
 }
	name = "radiusd"
	prefix = "/usr"
}
[Sun Apr 26 15:10:36 UTC 2026] radiusd exited with code 0. Restarting in 2s...
[Sun Apr 26 15:10:38 UTC 2026] Launching radiusd...
main {
 log {
 	destination = "stdout"
 	syslog_facility = "daemon"
 	localstatedir = "/usr/var"
 	logdir = "/usr/var/log"
 	file = "/app/data/radius.log"
 }
	name = "radiusd"
	prefix = "/usr"
}
[Sun Apr 26 15:10:38 UTC 2026] radiusd exited with code 0. Restarting in 2s...
[Sun Apr 26 15:10:40 UTC 2026] Launching radiusd...
main {
 log {
 	destination = "stdout"
 	syslog_facility = "daemon"
 	localstatedir = "/usr/var"
 	logdir = "/usr/var/log"
 	file = "/app/data/radius.log"
 }
	name = "radiusd"
	prefix = "/usr"
}
[Sun Apr 26 15:10:40 UTC 2026] radiusd exited with code 0. Restarting in 2s...
[Sun Apr 26 15:10:42 UTC 2026] Launching radiusd...
main {
 log {
 	destination = "stdout"
 	syslog_facility = "daemon"
 	localstatedir = "/usr/var"
 	logdir = "/usr/var/log"
 	file = "/app/data/radius.log"
 }
	name = "radiusd"
	prefix = "/usr"
}
[Sun Apr 26 15:10:42 UTC 2026] radiusd exited with code 0. Restarting in 2s...
[Sun Apr 26 15:10:44 UTC 2026] Launching radiusd...
main {
 log {
 	destination = "stdout"
 	syslog_facility = "daemon"
 	localstatedir = "/usr/var"
 	logdir = "/usr/var/log"
 	file = "/app/data/radius.log"
 }
	name = "radiusd"
	prefix = "/usr"
}
[Sun Apr 26 15:10:45 UTC 2026] radiusd exited with code 0. Restarting in 2s...
[Sun Apr 26 15:10:47 UTC 2026] Launching radiusd...
main {
 log {
 	destination = "stdout"
 	syslog_facility = "daemon"
 	localstatedir = "/usr/var"
 	logdir = "/usr/var/log"
 	file = "/app/data/radius.log"
 }
	name = "radiusd"
	prefix = "/usr"
}
[Sun Apr 26 15:10:47 UTC 2026] radiusd exited with code 0. Restarting in 2s...
[Sun Apr 26 15:10:49 UTC 2026] Launching radiusd...
main {
 log {
 	destination = "stdout"
 	syslog_facility = "daemon"
 	localstatedir = "/usr/var"
 	logdir = "/usr/var/log"
 	file = "/app/data/radius.log"
 }
	name = "radiusd"
	prefix = "/usr"
}
[Sun Apr 26 15:10:49 UTC 2026] radiusd exited with code 0. Restarting in 2s...
[Sun Apr 26 15:10:51 UTC 2026] Launching radiusd...
main {
 log {
 	destination = "stdout"
 	syslog_facility = "daemon"
 	localstatedir = "/usr/var"
 	logdir = "/usr/var/log"
 	file = "/app/data/radius.log"
 }
	name = "radiusd"
	prefix = "/usr"
}
[Sun Apr 26 15:10:51 UTC 2026] radiusd exited with code 0. Restarting in 2s...
[Sun Apr 26 15:10:53 UTC 2026] Launching radiusd...
main {
 log {
 	destination = "stdout"
 	syslog_facility = "daemon"
 	localstatedir = "/usr/var"
 	logdir = "/usr/var/log"
 	file = "/app/data/radius.log"
 }
	name = "radiusd"
	prefix = "/usr"
}
[Sun Apr 26 15:10:54 UTC 2026] radiusd exited with code 0. Restarting in 2s...
[Sun Apr 26 15:10:56 UTC 2026] Launching radiusd...
main {
 log {
 	destination = "stdout"
 	syslog_facility = "daemon"
 	localstatedir = "/usr/var"
 	logdir = "/usr/var/log"
 	file = "/app/data/radius.log"
 }
	name = "radiusd"
	prefix = "/usr"
}
[Sun Apr 26 15:10:56 UTC 2026] radiusd exited with code 0. Restarting in 2s...
[Sun Apr 26 15:10:58 UTC 2026] Launching radiusd...
main {
 log {
 	destination = "stdout"
 	syslog_facility = "daemon"
 	localstatedir = "/usr/var"
 	logdir = "/usr/var/log"
 	file = "/app/data/radius.log"
 }
	name = "radiusd"
	prefix = "/usr"
}
[Sun Apr 26 15:10:58 UTC 2026] radiusd exited with code 0. Restarting in 2s...
[Sun Apr 26 15:11:00 UTC 2026] Launching radiusd...
main {
 log {
 	destination = "stdout"
 	syslog_facility = "daemon"
 	localstatedir = "/usr/var"
 	logdir = "/usr/var/log"
 	file = "/app/data/radius.log"
 }
	name = "radiusd"
	prefix = "/usr"
}
[Sun Apr 26 15:11:00 UTC 2026] radiusd exited with code 0. Restarting in 2s...
[Sun Apr 26 15:11:02 UTC 2026] Launching radiusd...
main {
 log {
 	destination = "stdout"
 	syslog_facility = "daemon"
 	localstatedir = "/usr/var"
 	logdir = "/usr/var/log"
 	file = "/app/data/radius.log"
 }
	name = "radiusd"
	prefix = "/usr"
}
[Sun Apr 26 15:11:02 UTC 2026] radiusd exited with code 0. Restarting in 2s...
[Sun Apr 26 15:11:04 UTC 2026] Launching radiusd...
main {
 log {
 	destination = "stdout"
 	syslog_facility = "daemon"
 	localstatedir = "/usr/var"
 	logdir = "/usr/var/log"
 	file = "/app/data/radius.log"
 }
	name = "radiusd"
	prefix = "/usr"
}
[Sun Apr 26 15:11:05 UTC 2026] radiusd exited with code 0. Restarting in 2s...
[Sun Apr 26 15:11:07 UTC 2026] Launching radiusd...
main {
 log {
 	destination = "stdout"
 	syslog_facility = "daemon"
 	localstatedir = "/usr/var"
 	logdir = "/usr/var/log"
 	file = "/app/data/radius.log"
 }
	name = "radiusd"
	prefix = "/usr"
}
[Sun Apr 26 15:11:07 UTC 2026] radiusd exited with code 0. Restarting in 2s...
[Sun Apr 26 15:11:09 UTC 2026] Launching radiusd...
main {
 log {
 	destination = "stdout"
 	syslog_facility = "daemon"
 	localstatedir = "/usr/var"
 	logdir = "/usr/var/log"
 	file = "/app/data/radius.log"
 }
	name = "radiusd"
	prefix = "/usr"
}
[Sun Apr 26 15:11:09 UTC 2026] radiusd exited with code 0. Restarting in 2s...
[Sun Apr 26 15:11:11 UTC 2026] Launching radiusd...
main {
 log {
 	destination = "stdout"
 	syslog_facility = "daemon"
 	localstatedir = "/usr/var"
 	logdir = "/usr/var/log"
 	file = "/app/data/radius.log"
 }
	name = "radiusd"
	prefix = "/usr"
}
[Sun Apr 26 15:11:11 UTC 2026] radiusd exited with code 0. Restarting in 2s...
[Sun Apr 26 15:11:13 UTC 2026] Launching radiusd...
main {
 log {
 	destination = "stdout"
 	syslog_facility = "daemon"
 	localstatedir = "/usr/var"
 	logdir = "/usr/var/log"
 	file = "/app/data/radius.log"
 }
	name = "radiusd"
	prefix = "/usr"
}
[Sun Apr 26 15:11:13 UTC 2026] radiusd exited with code 0. Restarting in 2s...
[Sun Apr 26 15:11:15 UTC 2026] Launching radiusd...
main {
 log {
 	destination = "stdout"
 	syslog_facility = "daemon"
 	localstatedir = "/usr/var"
 	logdir = "/usr/var/log"
 	file = "/app/data/radius.log"
 }
	name = "radiusd"
	prefix = "/usr"
}
[Sun Apr 26 15:11:16 UTC 2026] radiusd exited with code 0. Restarting in 2s...
[Sun Apr 26 15:11:18 UTC 2026] Launching radiusd...
main {
 log {
 	destination = "stdout"
 	syslog_facility = "daemon"
 	localstatedir = "/usr/var"
 	logdir = "/usr/var/log"
 	file = "/app/data/radius.log"
 }
	name = "radiusd"
	prefix = "/usr"
}
[Sun Apr 26 15:11:18 UTC 2026] radiusd exited with code 0. Restarting in 2s...
[Sun Apr 26 15:11:20 UTC 2026] Launching radiusd...
main {
 log {
 	destination = "stdout"
 	syslog_facility = "daemon"
 	localstatedir = "/usr/var"
 	logdir = "/usr/var/log"
 	file = "/app/data/radius.log"
 }
	name = "radiusd"
	prefix = "/usr"
}
[Sun Apr 26 15:11:20 UTC 2026] radiusd exited with code 0. Restarting in 2s...
[Sun Apr 26 15:11:22 UTC 2026] Launching radiusd...
main {
 log {
 	destination = "stdout"
 	syslog_facility = "daemon"
 	localstatedir = "/usr/var"
 	logdir = "/usr/var/log"
 	file = "/app/data/radius.log"
 }
	name = "radiusd"
	prefix = "/usr"
}
[Sun Apr 26 15:11:22 UTC 2026] radiusd exited with code 0. Restarting in 2s...
[Sun Apr 26 15:11:24 UTC 2026] Launching radiusd...
main {
 log {
 	destination = "stdout"
 	syslog_facility = "daemon"
 	localstatedir = "/usr/var"
 	logdir = "/usr/var/log"
 	file = "/app/data/radius.log"
 }
	name = "radiusd"
	prefix = "/usr"
}
[Sun Apr 26 15:11:24 UTC 2026] radiusd exited with code 0. Restarting in 2s...
[Sun Apr 26 15:11:26 UTC 2026] Launching radiusd...
main {
 log {
 	destination = "stdout"
 	syslog_facility = "daemon"
 	localstatedir = "/usr/var"
 	logdir = "/usr/var/log"
 	file = "/app/data/radius.log"
 }
	name = "radiusd"
	prefix = "/usr"
}
[Sun Apr 26 15:11:27 UTC 2026] radiusd exited with code 0. Restarting in 2s...
[Sun Apr 26 15:11:29 UTC 2026] Launching radiusd...
main {
 log {
 	destination = "stdout"
 	syslog_facility = "daemon"
 	localstatedir = "/usr/var"
 	logdir = "/usr/var/log"
 	file = "/app/data/radius.log"
 }
	name = "radiusd"
	prefix = "/usr"
}
[Sun Apr 26 15:11:29 UTC 2026] radiusd exited with code 0. Restarting in 2s...
[Sun Apr 26 15:11:31 UTC 2026] Launching radiusd...
main {
 log {
 	destination = "stdout"
 	syslog_facility = "daemon"
 	localstatedir = "/usr/var"
 	logdir = "/usr/var/log"
 	file = "/app/data/radius.log"
 }
	name = "radiusd"
	prefix = "/usr"
}
[Sun Apr 26 15:11:31 UTC 2026] radiusd exited with code 0. Restarting in 2s...
[Sun Apr 26 15:11:33 UTC 2026] Launching radiusd...
main {
 log {
 	destination = "stdout"
 	syslog_facility = "daemon"
 	localstatedir = "/usr/var"
 	logdir = "/usr/var/log"
 	file = "/app/data/radius.log"
 }
	name = "radiusd"
	prefix = "/usr"
}
[Sun Apr 26 15:11:33 UTC 2026] radiusd exited with code 0. Restarting in 2s...
[Sun Apr 26 15:11:35 UTC 2026] Launching radiusd...
main {
 log {
 	destination = "stdout"
 	syslog_facility = "daemon"
 	localstatedir = "/usr/var"
 	logdir = "/usr/var/log"
 	file = "/app/data/radius.log"
 }
	name = "radiusd"
	prefix = "/usr"
}
[Sun Apr 26 15:11:36 UTC 2026] radiusd exited with code 0. Restarting in 2s...
[Sun Apr 26 15:11:38 UTC 2026] Launching radiusd...
main {
 log {
 	destination = "stdout"
 	syslog_facility = "daemon"
 	localstatedir = "/usr/var"
 	logdir = "/usr/var/log"
 	file = "/app/data/radius.log"
 }
	name = "radiusd"
	prefix = "/usr"
}
[Sun Apr 26 15:11:38 UTC 2026] radiusd exited with code 0. Restarting in 2s...
[Sun Apr 26 15:11:40 UTC 2026] Launching radiusd...
main {
 log {
 	destination = "stdout"
 	syslog_facility = "daemon"
 	localstatedir = "/usr/var"
 	logdir = "/usr/var/log"
 	file = "/app/data/radius.log"
 }
	name = "radiusd"
	prefix = "/usr"
}
[Sun Apr 26 15:11:40 UTC 2026] radiusd exited with code 0. Restarting in 2s...
[Sun Apr 26 15:11:42 UTC 2026] Launching radiusd...
main {
 log {
 	destination = "stdout"
 	syslog_facility = "daemon"
 	localstatedir = "/usr/var"
 	logdir = "/usr/var/log"
 	file = "/app/data/radius.log"
 }
	name = "radiusd"
	prefix = "/usr"
}
[Sun Apr 26 15:11:42 UTC 2026] radiusd exited with code 0. Restarting in 2s...
[Sun Apr 26 15:11:44 UTC 2026] Launching radiusd...
main {
 log {
 	destination = "stdout"
 	syslog_facility = "daemon"
 	localstatedir = "/usr/var"
 	logdir = "/usr/var/log"
 	file = "/app/data/radius.log"
 }
	name = "radiusd"
	prefix = "/usr"
}
[Sun Apr 26 15:11:45 UTC 2026] radiusd exited with code 0. Restarting in 2s...
[Sun Apr 26 15:11:47 UTC 2026] Launching radiusd...
main {
 log {
 	destination = "stdout"
 	syslog_facility = "daemon"
 	localstatedir = "/usr/var"
 	logdir = "/usr/var/log"
 	file = "/app/data/radius.log"
 }
	name = "radiusd"
	prefix = "/usr"
}
[Sun Apr 26 15:11:47 UTC 2026] radiusd exited with code 0. Restarting in 2s...
[Sun Apr 26 15:11:49 UTC 2026] Launching radiusd...
main {
 log {
 	destination = "stdout"
 	syslog_facility = "daemon"
 	localstatedir = "/usr/var"
 	logdir = "/usr/var/log"
 	file = "/app/data/radius.log"
 }
	name = "radiusd"
	prefix = "/usr"
}
[Sun Apr 26 15:11:49 UTC 2026] radiusd exited with code 0. Restarting in 2s...
[Sun Apr 26 15:11:51 UTC 2026] Launching radiusd...
main {
 log {
 	destination = "stdout"
 	syslog_facility = "daemon"
 	localstatedir = "/usr/var"
 	logdir = "/usr/var/log"
 	file = "/app/data/radius.log"
 }
	name = "radiusd"
	prefix = "/usr"
}
[Sun Apr 26 15:11:51 UTC 2026] radiusd exited with code 0. Restarting in 2s...
[Sun Apr 26 15:11:53 UTC 2026] Launching radiusd...
main {
 log {
 	destination = "stdout"
 	syslog_facility = "daemon"
 	localstatedir = "/usr/var"
 	logdir = "/usr/var/log"
 	file = "/app/data/radius.log"
 }
	name = "radiusd"
	prefix = "/usr"
}
[Sun Apr 26 15:11:54 UTC 2026] radiusd exited with code 0. Restarting in 2s...
[Sun Apr 26 15:11:56 UTC 2026] Launching radiusd...
main {
 log {
 	destination = "stdout"
 	syslog_facility = "daemon"
 	localstatedir = "/usr/var"
 	logdir = "/usr/var/log"
 	file = "/app/data/radius.log"
 }
	name = "radiusd"
	prefix = "/usr"
}
[Sun Apr 26 15:11:56 UTC 2026] radiusd exited with code 0. Restarting in 2s...
[Sun Apr 26 15:11:58 UTC 2026] Launching radiusd...
main {
 log {
 	destination = "stdout"
 	syslog_facility = "daemon"
 	localstatedir = "/usr/var"
 	logdir = "/usr/var/log"
 	file = "/app/data/radius.log"
 }
	name = "radiusd"
	prefix = "/usr"
}
[Sun Apr 26 15:11:58 UTC 2026] radiusd exited with code 0. Restarting in 2s...
[Sun Apr 26 15:12:00 UTC 2026] Launching radiusd...
main {
 log {
 	destination = "stdout"
 	syslog_facility = "daemon"
 	localstatedir = "/usr/var"
 	logdir = "/usr/var/log"
 	file = "/app/data/radius.log"
 }
	name = "radiusd"
	prefix = "/usr"
}
[Sun Apr 26 15:12:00 UTC 2026] radiusd exited with code 0. Restarting in 2s...
[Sun Apr 26 15:12:02 UTC 2026] Launching radiusd...
main {
 log {
 	destination = "stdout"
 	syslog_facility = "daemon"
 	localstatedir = "/usr/var"
 	logdir = "/usr/var/log"
 	file = "/app/data/radius.log"
 }
	name = "radiusd"
	prefix = "/usr"
}
[Sun Apr 26 15:12:02 UTC 2026] radiusd exited with code 0. Restarting in 2s...
[Sun Apr 26 15:12:04 UTC 2026] Launching radiusd...
main {
 log {
 	destination = "stdout"
 	syslog_facility = "daemon"
 	localstatedir = "/usr/var"
 	logdir = "/usr/var/log"
 	file = "/app/data/radius.log"
 }
	name = "radiusd"
	prefix = "/usr"
}
[Sun Apr 26 15:12:05 UTC 2026] radiusd exited with code 0. Restarting in 2s...
[Sun Apr 26 15:12:07 UTC 2026] Launching radiusd...
main {
 log {
 	destination = "stdout"
 	syslog_facility = "daemon"
 	localstatedir = "/usr/var"
 	logdir = "/usr/var/log"
 	file = "/app/data/radius.log"
 }
	name = "radiusd"
	prefix = "/usr"
}
[Sun Apr 26 15:12:07 UTC 2026] radiusd exited with code 0. Restarting in 2s...
[Sun Apr 26 15:12:09 UTC 2026] Launching radiusd...
main {
 log {
 	destination = "stdout"
 	syslog_facility = "daemon"
 	localstatedir = "/usr/var"
 	logdir = "/usr/var/log"
 	file = "/app/data/radius.log"
 }
	name = "radiusd"
	prefix = "/usr"
}
[Sun Apr 26 15:12:09 UTC 2026] radiusd exited with code 0. Restarting in 2s...
[Sun Apr 26 15:12:11 UTC 2026] Launching radiusd...
main {
 log {
 	destination = "stdout"
 	syslog_facility = "daemon"
 	localstatedir = "/usr/var"
 	logdir = "/usr/var/log"
 	file = "/app/data/radius.log"
 }
	name = "radiusd"
	prefix = "/usr"
}
[Sun Apr 26 15:12:11 UTC 2026] radiusd exited with code 0. Restarting in 2s...
[Sun Apr 26 15:12:13 UTC 2026] Launching radiusd...
main {
 log {
 	destination = "stdout"
 	syslog_facility = "daemon"
 	localstatedir = "/usr/var"
 	logdir = "/usr/var/log"
 	file = "/app/data/radius.log"
 }
	name = "radiusd"
	prefix = "/usr"
}
[Sun Apr 26 15:12:14 UTC 2026] radiusd exited with code 0. Restarting in 2s...
[Sun Apr 26 15:12:16 UTC 2026] Launching radiusd...
main {
 log {
 	destination = "stdout"
 	syslog_facility = "daemon"
 	localstatedir = "/usr/var"
 	logdir = "/usr/var/log"
 	file = "/app/data/radius.log"
 }
	name = "radiusd"
	prefix = "/usr"
}
[Sun Apr 26 15:12:16 UTC 2026] radiusd exited with code 0. Restarting in 2s...
[Sun Apr 26 15:12:18 UTC 2026] Launching radiusd...
main {
 log {
 	destination = "stdout"
 	syslog_facility = "daemon"
 	localstatedir = "/usr/var"
 	logdir = "/usr/var/log"
 	file = "/app/data/radius.log"
 }
	name = "radiusd"
	prefix = "/usr"
}
[Sun Apr 26 15:12:18 UTC 2026] radiusd exited with code 0. Restarting in 2s...
[Sun Apr 26 15:12:20 UTC 2026] Launching radiusd...
main {
 log {
 	destination = "stdout"
 	syslog_facility = "daemon"
 	localstatedir = "/usr/var"
 	logdir = "/usr/var/log"
 	file = "/app/data/radius.log"
 }
	name = "radiusd"
	prefix = "/usr"
}
[Sun Apr 26 15:12:20 UTC 2026] radiusd exited with code 0. Restarting in 2s...
[Sun Apr 26 15:12:22 UTC 2026] Launching radiusd...
main {
 log {
 	destination = "stdout"
 	syslog_facility = "daemon"
 	localstatedir = "/usr/var"
 	logdir = "/usr/var/log"
 	file = "/app/data/radius.log"
 }
	name = "radiusd"
	prefix = "/usr"
}
[Sun Apr 26 15:12:22 UTC 2026] radiusd exited with code 0. Restarting in 2s...
[Sun Apr 26 15:12:24 UTC 2026] Launching radiusd...
main {
 log {
 	destination = "stdout"
 	syslog_facility = "daemon"
 	localstatedir = "/usr/var"
 	logdir = "/usr/var/log"
 	file = "/app/data/radius.log"
 }
	name = "radiusd"
	prefix = "/usr"
}
[Sun Apr 26 15:12:25 UTC 2026] radiusd exited with code 0. Restarting in 2s...
[Sun Apr 26 15:12:27 UTC 2026] Launching radiusd...
main {
 log {
 	destination = "stdout"
 	syslog_facility = "daemon"
 	localstatedir = "/usr/var"
 	logdir = "/usr/var/log"
 	file = "/app/data/radius.log"
 }
	name = "radiusd"
	prefix = "/usr"
}
[Sun Apr 26 15:12:27 UTC 2026] radiusd exited with code 0. Restarting in 2s...
[Sun Apr 26 15:12:29 UTC 2026] Launching radiusd...
main {
 log {
 	destination = "stdout"
 	syslog_facility = "daemon"
 	localstatedir = "/usr/var"
 	logdir = "/usr/var/log"
 	file = "/app/data/radius.log"
 }
	name = "radiusd"
	prefix = "/usr"
}
[Sun Apr 26 15:12:29 UTC 2026] radiusd exited with code 0. Restarting in 2s...
[Sun Apr 26 15:12:31 UTC 2026] Launching radiusd...
main {
 log {
 	destination = "stdout"
 	syslog_facility = "daemon"
 	localstatedir = "/usr/var"
 	logdir = "/usr/var/log"
 	file = "/app/data/radius.log"
 }
	name = "radiusd"
	prefix = "/usr"
}
[Sun Apr 26 15:12:31 UTC 2026] radiusd exited with code 0. Restarting in 2s...
[Sun Apr 26 15:12:33 UTC 2026] Launching radiusd...
main {
 log {
 	destination = "stdout"
 	syslog_facility = "daemon"
 	localstatedir = "/usr/var"
 	logdir = "/usr/var/log"
 	file = "/app/data/radius.log"
 }
	name = "radiusd"
	prefix = "/usr"
}
[Sun Apr 26 15:12:34 UTC 2026] radiusd exited with code 0. Restarting in 2s...
[Sun Apr 26 15:12:36 UTC 2026] Launching radiusd...
main {
 log {
 	destination = "stdout"
 	syslog_facility = "daemon"
 	localstatedir = "/usr/var"
 	logdir = "/usr/var/log"
 	file = "/app/data/radius.log"
 }
	name = "radiusd"
	prefix = "/usr"
}
[Sun Apr 26 15:12:36 UTC 2026] radiusd exited with code 0. Restarting in 2s...
[Sun Apr 26 15:12:38 UTC 2026] Launching radiusd...
main {
 log {
 	destination = "stdout"
 	syslog_facility = "daemon"
 	localstatedir = "/usr/var"
 	logdir = "/usr/var/log"
 	file = "/app/data/radius.log"
 }
	name = "radiusd"
	prefix = "/usr"
}
[Sun Apr 26 15:12:39 UTC 2026] radiusd exited with code 0. Restarting in 2s...
[Sun Apr 26 15:12:41 UTC 2026] Launching radiusd...
main {
 log {
 	destination = "stdout"
 	syslog_facility = "daemon"
 	localstatedir = "/usr/var"
 	logdir = "/usr/var/log"
 	file = "/app/data/radius.log"
 }
	name = "radiusd"
	prefix = "/usr"
}
[Sun Apr 26 15:12:41 UTC 2026] radiusd exited with code 0. Restarting in 2s...
[Sun Apr 26 15:12:43 UTC 2026] Launching radiusd...
main {
 log {
 	destination = "stdout"
 	syslog_facility = "daemon"
 	localstatedir = "/usr/var"
 	logdir = "/usr/var/log"
 	file = "/app/data/radius.log"
 }
	name = "radiusd"
	prefix = "/usr"
}
[Sun Apr 26 15:12:43 UTC 2026] radiusd exited with code 0. Restarting in 2s...
[Sun Apr 26 15:12:45 UTC 2026] Launching radiusd...
main {
 log {
 	destination = "stdout"
 	syslog_facility = "daemon"
 	localstatedir = "/usr/var"
 	logdir = "/usr/var/log"
 	file = "/app/data/radius.log"
 }
	name = "radiusd"
	prefix = "/usr"
}
[Sun Apr 26 15:12:45 UTC 2026] radiusd exited with code 0. Restarting in 2s...
[Sun Apr 26 15:12:47 UTC 2026] Launching radiusd...
main {
 log {
 	destination = "stdout"
 	syslog_facility = "daemon"
 	localstatedir = "/usr/var"
 	logdir = "/usr/var/log"
 	file = "/app/data/radius.log"
 }
	name = "radiusd"
	prefix = "/usr"
}
[Sun Apr 26 15:12:48 UTC 2026] radiusd exited with code 0. Restarting in 2s...
[Sun Apr 26 15:12:50 UTC 2026] Launching radiusd...
main {
 log {
 	destination = "stdout"
 	syslog_facility = "daemon"
 	localstatedir = "/usr/var"
 	logdir = "/usr/var/log"
 	file = "/app/data/radius.log"
 }
	name = "radiusd"
	prefix = "/usr"
}
[Sun Apr 26 15:12:50 UTC 2026] radiusd exited with code 0. Restarting in 2s...
[Sun Apr 26 15:12:52 UTC 2026] Launching radiusd...
main {
 log {
 	destination = "stdout"
 	syslog_facility = "daemon"
 	localstatedir = "/usr/var"
 	logdir = "/usr/var/log"
 	file = "/app/data/radius.log"
 }
	name = "radiusd"
	prefix = "/usr"
}
[Sun Apr 26 15:12:52 UTC 2026] radiusd exited with code 0. Restarting in 2s...
[Sun Apr 26 15:12:54 UTC 2026] Launching radiusd...
main {
 log {
 	destination = "stdout"
 	syslog_facility = "daemon"
 	localstatedir = "/usr/var"
 	logdir = "/usr/var/log"
 	file = "/app/data/radius.log"
 }
	name = "radiusd"
	prefix = "/usr"
}
[Sun Apr 26 15:12:54 UTC 2026] radiusd exited with code 0. Restarting in 2s...
[Sun Apr 26 15:12:56 UTC 2026] Launching radiusd...
main {
 log {
 	destination = "stdout"
 	syslog_facility = "daemon"
 	localstatedir = "/usr/var"
 	logdir = "/usr/var/log"
 	file = "/app/data/radius.log"
 }
	name = "radiusd"
	prefix = "/usr"
}
[Sun Apr 26 15:12:56 UTC 2026] radiusd exited with code 0. Restarting in 2s...
[Sun Apr 26 15:12:58 UTC 2026] Launching radiusd...
main {
 log {
 	destination = "stdout"
 	syslog_facility = "daemon"
 	localstatedir = "/usr/var"
 	logdir = "/usr/var/log"
 	file = "/app/data/radius.log"
 }
	name = "radiusd"
	prefix = "/usr"
}
[Sun Apr 26 15:12:59 UTC 2026] radiusd exited with code 0. Restarting in 2s...
[Sun Apr 26 15:13:01 UTC 2026] Launching radiusd...
main {
 log {
 	destination = "stdout"
 	syslog_facility = "daemon"
 	localstatedir = "/usr/var"
 	logdir = "/usr/var/log"
 	file = "/app/data/radius.log"
 }
	name = "radiusd"
	prefix = "/usr"
}
[Sun Apr 26 15:13:01 UTC 2026] radiusd exited with code 0. Restarting in 2s...
[Sun Apr 26 15:13:03 UTC 2026] Launching radiusd...
main {
 log {
 	destination = "stdout"
 	syslog_facility = "daemon"
 	localstatedir = "/usr/var"
 	logdir = "/usr/var/log"
 	file = "/app/data/radius.log"
 }
	name = "radiusd"
	prefix = "/usr"
}
[Sun Apr 26 15:13:03 UTC 2026] radiusd exited with code 0. Restarting in 2s...
[Sun Apr 26 15:13:05 UTC 2026] Launching radiusd...
main {
 log {
 	destination = "stdout"
 	syslog_facility = "daemon"
 	localstatedir = "/usr/var"
 	logdir = "/usr/var/log"
 	file = "/app/data/radius.log"
 }
	name = "radiusd"
	prefix = "/usr"
}
[Sun Apr 26 15:13:05 UTC 2026] radiusd exited with code 0. Restarting in 2s...
[Sun Apr 26 15:13:07 UTC 2026] Launching radiusd...
main {
 log {
 	destination = "stdout"
 	syslog_facility = "daemon"
 	localstatedir = "/usr/var"
 	logdir = "/usr/var/log"
 	file = "/app/data/radius.log"
 }
	name = "radiusd"
	prefix = "/usr"
}
[Sun Apr 26 15:13:08 UTC 2026] radiusd exited with code 0. Restarting in 2s...
[Sun Apr 26 15:13:10 UTC 2026] Launching radiusd...
main {
 log {
 	destination = "stdout"
 	syslog_facility = "daemon"
 	localstatedir = "/usr/var"
 	logdir = "/usr/var/log"
 	file = "/app/data/radius.log"
 }
	name = "radiusd"
	prefix = "/usr"
}
[Sun Apr 26 15:13:10 UTC 2026] radiusd exited with code 0. Restarting in 2s...
[Sun Apr 26 15:13:12 UTC 2026] Launching radiusd...
main {
 log {
 	destination = "stdout"
 	syslog_facility = "daemon"
 	localstatedir = "/usr/var"
 	logdir = "/usr/var/log"
 	file = "/app/data/radius.log"
 }
	name = "radiusd"
	prefix = "/usr"
}
[Sun Apr 26 15:13:12 UTC 2026] radiusd exited with code 0. Restarting in 2s...
[Sun Apr 26 15:13:14 UTC 2026] Launching radiusd...
main {
 log {
 	destination = "stdout"
 	syslog_facility = "daemon"
 	localstatedir = "/usr/var"
 	logdir = "/usr/var/log"
 	file = "/app/data/radius.log"
 }
	name = "radiusd"
	prefix = "/usr"
}
[Sun Apr 26 15:13:15 UTC 2026] radiusd exited with code 0. Restarting in 2s...
main {
 log {
 	destination = "stdout"
 	syslog_facility = "daemon"
 	localstatedir = "/usr/var"
 	logdir = "/usr/var/log"
 	file = "/app/data/radius.log"
 }
	name = "radiusd"
	prefix = "/usr"
}
main {
 log {
 	destination = "stdout"
 	syslog_facility = "daemon"
 	localstatedir = "/usr/var"
 	logdir = "/usr/var/log"
 	file = "/app/data/radius.log"
 }
	name = "radiusd"
	prefix = "/usr"
}
 thread pool {
 	start_servers = 5
 	max_servers = 32
 	min_spare_servers = 3
 	max_spare_servers = 10
 	max_requests_per_server = 0
 	cleanup_delay = 5
 	max_queue_size = 65536
 	auto_limit_acct = no
 }
Thread spawned new child 1. Total threads in pool: 1
Thread 1 waiting to be assigned a request
Thread spawned new child 2. Total threads in pool: 2
Thread 2 waiting to be assigned a request
Thread spawned new child 3. Total threads in pool: 3
Thread 3 waiting to be assigned a request
Thread spawned new child 4. Total threads in pool: 4
Thread 4 waiting to be assigned a request
Thread spawned new child 5. Total threads in pool: 5
Thread pool initialized
radiusd: #### Opening IP addresses and Ports ####
Thread 5 waiting to be assigned a request
listen {
  	type = "auth"
  	ipaddr = 127.0.0.1
  	port = 18120
}
listen {
  	type = "auth"
  	ipaddr = *
  	port = 0
   limit {
   	max_connections = 16
   	lifetime = 0
   	idle_timeout = 30
   }
}
listen {
  	type = "acct"
  	ipaddr = *
  	port = 0
   limit {
   	max_connections = 16
   	lifetime = 0
   	idle_timeout = 30
   }
}
listen {
  	type = "auth"
  	ipv6addr = ::
  	port = 0
   limit {
   	max_connections = 16
   	lifetime = 0
   	idle_timeout = 30
   }
}
listen {
  	type = "acct"
  	ipv6addr = ::
  	port = 0
   limit {
   	max_connections = 16
   	lifetime = 0
   	idle_timeout = 30
   }
}
Listening on auth address 127.0.0.1 port 18120 bound to server inner-tunnel
Listening on auth address * port 1812 bound to server default
Listening on acct address * port 1813 bound to server default
Listening on auth address :: port 1812 bound to server default
Listening on acct address :: port 1813 bound to server default
Listening on proxy address * port 59573
Listening on proxy address :: port 44074
Ready to process requests
main {
 log {
 	destination = "stdout"
 	syslog_facility = "daemon"
 	localstatedir = "/usr/var"
 	logdir = "/usr/var/log"
 	file = "/app/data/radius.log"
 }
	name = "radiusd"
	prefix = "/usr"
}
main {
 log {
 	destination = "stdout"
 	syslog_facility = "daemon"
 	localstatedir = "/usr/var"
 	logdir = "/usr/var/log"
 	file = "/app/data/radius.log"
 }
	name = "radiusd"
	prefix = "/usr"
}
 thread pool {
 	start_servers = 5
 	max_servers = 32
 	min_spare_servers = 3
 	max_spare_servers = 10
 	max_requests_per_server = 0
 	cleanup_delay = 5
 	max_queue_size = 65536
 	auto_limit_acct = no
 }
Thread spawned new child 1. Total threads in pool: 1
Thread 1 waiting to be assigned a request
Thread spawned new child 2. Total threads in pool: 2
Thread 2 waiting to be assigned a request
Thread spawned new child 3. Total threads in pool: 3
Thread 3 waiting to be assigned a request
Thread spawned new child 4. Total threads in pool: 4
Thread 4 waiting to be assigned a request
Thread spawned new child 5. Total threads in pool: 5
Thread pool initialized
Thread 5 waiting to be assigned a request
radiusd: #### Opening IP addresses and Ports ####
listen {
  	type = "auth"
  	ipaddr = 127.0.0.1
  	port = 18120
}
listen {
  	type = "auth"
  	ipaddr = *
  	port = 0
   limit {
   	max_connections = 16
   	lifetime = 0
   	idle_timeout = 30
   }
}
listen {
  	type = "acct"
  	ipaddr = *
  	port = 0
   limit {
   	max_connections = 16
   	lifetime = 0
   	idle_timeout = 30
   }
}
listen {
  	type = "auth"
  	ipv6addr = ::
  	port = 0
   limit {
   	max_connections = 16
   	lifetime = 0
   	idle_timeout = 30
   }
}
listen {
  	type = "acct"
  	ipv6addr = ::
  	port = 0
   limit {
   	max_connections = 16
   	lifetime = 0
   	idle_timeout = 30
   }
}
Listening on auth address 127.0.0.1 port 18120 bound to server inner-tunnel
Listening on auth address * port 1812 bound to server default
Listening on acct address * port 1813 bound to server default
Listening on auth address :: port 1812 bound to server default
Listening on acct address :: port 1813 bound to server default
Listening on proxy address * port 34619
Listening on proxy address :: port 57395
Ready to process requests
main {
 log {
 	destination = "stdout"
 	syslog_facility = "daemon"
 	localstatedir = "/usr/var"
 	logdir = "/usr/var/log"
 	file = "/app/data/radius.log"
 }
	name = "radiusd"
	prefix = "/usr"
}
main {
 log {
 	destination = "stdout"
 	syslog_facility = "daemon"
 	localstatedir = "/usr/var"
 	logdir = "/usr/var/log"
 	file = "/app/data/radius.log"
 }
	name = "radiusd"
	prefix = "/usr"
}
 thread pool {
 	start_servers = 5
 	max_servers = 32
 	min_spare_servers = 3
 	max_spare_servers = 10
 	max_requests_per_server = 0
 	cleanup_delay = 5
 	max_queue_size = 65536
 	auto_limit_acct = no
 }
Thread spawned new child 1. Total threads in pool: 1
Thread 1 waiting to be assigned a request
Thread spawned new child 2. Total threads in pool: 2
Thread 2 waiting to be assigned a request
Thread spawned new child 3. Total threads in pool: 3
Thread 3 waiting to be assigned a request
Thread spawned new child 4. Total threads in pool: 4
Thread 4 waiting to be assigned a request
Thread spawned new child 5. Total threads in pool: 5
Thread pool initialized
Thread 5 waiting to be assigned a request
radiusd: #### Opening IP addresses and Ports ####
listen {
  	type = "auth"
  	ipaddr = 127.0.0.1
  	port = 18120
}
listen {
  	type = "auth"
  	ipaddr = *
  	port = 0
   limit {
   	max_connections = 16
   	lifetime = 0
   	idle_timeout = 30
   }
}
listen {
  	type = "acct"
  	ipaddr = *
  	port = 0
   limit {
   	max_connections = 16
   	lifetime = 0
   	idle_timeout = 30
   }
}
listen {
  	type = "auth"
  	ipv6addr = ::
  	port = 0
   limit {
   	max_connections = 16
   	lifetime = 0
   	idle_timeout = 30
   }
}
listen {
  	type = "acct"
  	ipv6addr = ::
  	port = 0
   limit {
   	max_connections = 16
   	lifetime = 0
   	idle_timeout = 30
   }
}
Listening on auth address 127.0.0.1 port 18120 bound to server inner-tunnel
Listening on auth address * port 1812 bound to server default
Listening on acct address * port 1813 bound to server default
Listening on auth address :: port 1812 bound to server default
Listening on acct address :: port 1813 bound to server default
Listening on proxy address * port 42192
Listening on proxy address :: port 49436
Ready to process requests
main {
 log {
 	destination = "stdout"
 	syslog_facility = "daemon"
 	localstatedir = "/usr/var"
 	logdir = "/usr/var/log"
 	file = "/app/data/radius.log"
 }
	name = "radiusd"
	prefix = "/usr"
}
main {
 log {
 	destination = "stdout"
 	syslog_facility = "daemon"
 	localstatedir = "/usr/var"
 	logdir = "/usr/var/log"
 	file = "/app/data/radius.log"
 }
	name = "radiusd"
	prefix = "/usr"
}
 thread pool {
 	start_servers = 5
 	max_servers = 32
 	min_spare_servers = 3
 	max_spare_servers = 10
 	max_requests_per_server = 0
 	cleanup_delay = 5
 	max_queue_size = 65536
 	auto_limit_acct = no
 }
Thread 1 waiting to be assigned a request
Thread spawned new child 1. Total threads in pool: 1
Thread spawned new child 2. Total threads in pool: 2
Thread 2 waiting to be assigned a request
Thread spawned new child 3. Total threads in pool: 3
Thread 3 waiting to be assigned a request
Thread spawned new child 4. Total threads in pool: 4
Thread 4 waiting to be assigned a request
Thread spawned new child 5. Total threads in pool: 5
Thread pool initialized
radiusd: #### Opening IP addresses and Ports ####
listen {
  	type = "auth"
  	ipaddr = 127.0.0.1
Thread 5 waiting to be assigned a request
  	port = 18120
}
listen {
  	type = "auth"
  	ipaddr = *
  	port = 0
   limit {
   	max_connections = 16
   	lifetime = 0
   	idle_timeout = 30
   }
}
listen {
  	type = "acct"
  	ipaddr = *
  	port = 0
   limit {
   	max_connections = 16
   	lifetime = 0
   	idle_timeout = 30
   }
}
listen {
  	type = "auth"
  	ipv6addr = ::
  	port = 0
   limit {
   	max_connections = 16
   	lifetime = 0
   	idle_timeout = 30
   }
}
listen {
  	type = "acct"
  	ipv6addr = ::
  	port = 0
   limit {
   	max_connections = 16
   	lifetime = 0
   	idle_timeout = 30
   }
}
Listening on auth address 127.0.0.1 port 18120 bound to server inner-tunnel
Listening on auth address * port 1812 bound to server default
Listening on acct address * port 1813 bound to server default
Listening on auth address :: port 1812 bound to server default
Listening on acct address :: port 1813 bound to server default
Listening on proxy address * port 56956
Listening on proxy address :: port 33205
Ready to process requests
main {
 log {
 	destination = "stdout"
 	syslog_facility = "daemon"
 	localstatedir = "/usr/var"
 	logdir = "/usr/var/log"
 	file = "/app/data/radius.log"
 }
	name = "radiusd"
	prefix = "/usr"
}
main {
 log {
 	destination = "stdout"
 	syslog_facility = "daemon"
 	localstatedir = "/usr/var"
 	logdir = "/usr/var/log"
 	file = "/app/data/radius.log"
 }
	name = "radiusd"
	prefix = "/usr"
}
 thread pool {
 	start_servers = 5
 	max_servers = 32
 	min_spare_servers = 3
 	max_spare_servers = 10
 	max_requests_per_server = 0
 	cleanup_delay = 5
 	max_queue_size = 65536
 	auto_limit_acct = no
 }
Thread spawned new child 1. Total threads in pool: 1
Thread 1 waiting to be assigned a request
Thread spawned new child 2. Total threads in pool: 2
Thread 2 waiting to be assigned a request
Thread spawned new child 3. Total threads in pool: 3
Thread 3 waiting to be assigned a request
Thread 4 waiting to be assigned a request
Thread spawned new child 4. Total threads in pool: 4
Thread spawned new child 5. Total threads in pool: 5
Thread pool initialized
Thread 5 waiting to be assigned a request
radiusd: #### Opening IP addresses and Ports ####
listen {
  	type = "auth"
  	ipaddr = 127.0.0.1
  	port = 18120
}
listen {
  	type = "auth"
  	ipaddr = *
  	port = 0
   limit {
   	max_connections = 16
   	lifetime = 0
   	idle_timeout = 30
   }
}
listen {
  	type = "acct"
  	ipaddr = *
  	port = 0
   limit {
   	max_connections = 16
   	lifetime = 0
   	idle_timeout = 30
   }
}
listen {
  	type = "auth"
  	ipv6addr = ::
  	port = 0
   limit {
   	max_connections = 16
   	lifetime = 0
   	idle_timeout = 30
   }
}
listen {
  	type = "acct"
  	ipv6addr = ::
  	port = 0
   limit {
   	max_connections = 16
   	lifetime = 0
   	idle_timeout = 30
   }
}
Listening on auth address 127.0.0.1 port 18120 bound to server inner-tunnel
Listening on auth address * port 1812 bound to server default
Listening on acct address * port 1813 bound to server default
Listening on auth address :: port 1812 bound to server default
Listening on acct address :: port 1813 bound to server default
Listening on proxy address * port 38184
Listening on proxy address :: port 53412
Ready to process requests
Ready to process requests
Signalled to terminate
Exiting normally
Thread 5 got semaphore
Thread 4 got semaphore
Thread 4 exiting...
Thread 5 exiting...
Thread 3 got semaphore
Thread 2 got semaphore
Thread 3 exiting...
Thread 2 exiting...
Thread 1 got semaphore
Thread 1 exiting...
Deleting thread 1
Deleting thread 2
Deleting thread 3
Deleting thread 4
Deleting thread 5
rlm_sql (sql): Removing connection pool
rlm_sql (sql): Closing connection (5) - Shutting down connection pool
rlm_sql_mysql: Socket destructor called, closing socket
rlm_sql (sql): Closing connection (4) - Shutting down connection pool
rlm_sql_mysql: Socket destructor called, closing socket
rlm_sql (sql): Closing connection (3) - Shutting down connection pool
rlm_sql_mysql: Socket destructor called, closing socket
rlm_sql (sql): Closing connection (2) - Shutting down connection pool
rlm_sql_mysql: Socket destructor called, closing socket
rlm_sql (sql): Closing connection (1) - Shutting down connection pool
rlm_sql_mysql: Socket destructor called, closing socket
rlm_sql (sql): Closing connection (0) - Shutting down connection pool
rlm_sql_mysql: Socket destructor called, closing socket
main {
 log {
 	destination = "stdout"
 	syslog_facility = "daemon"
 	localstatedir = "/usr/var"
 	logdir = "/usr/var/log"
 	file = "/app/data/radius.log"
 }
	name = "radiusd"
	prefix = "/usr"
}
 thread pool {
 	start_servers = 5
 	max_servers = 32
 	min_spare_servers = 3
 	max_spare_servers = 10
 	max_requests_per_server = 0
 	cleanup_delay = 5
 	max_queue_size = 65536
 	auto_limit_acct = no
 }
Thread spawned new child 1. Total threads in pool: 1
Thread 1 waiting to be assigned a request
Thread spawned new child 2. Total threads in pool: 2
Thread 2 waiting to be assigned a request
Thread spawned new child 3. Total threads in pool: 3
Thread 3 waiting to be assigned a request
Thread spawned new child 4. Total threads in pool: 4
Thread 4 waiting to be assigned a request
Thread spawned new child 5. Total threads in pool: 5
Thread pool initialized
Thread 5 waiting to be assigned a request
radiusd: #### Opening IP addresses and Ports ####
listen {
  	type = "auth"
  	ipaddr = 127.0.0.1
  	port = 18120
}
listen {
  	type = "auth"
  	ipaddr = *
  	port = 0
   limit {
   	max_connections = 16
   	lifetime = 0
   	idle_timeout = 30
   }
}
listen {
  	type = "acct"
  	ipaddr = *
  	port = 0
   limit {
   	max_connections = 16
   	lifetime = 0
   	idle_timeout = 30
   }
}
listen {
  	type = "auth"
  	ipv6addr = ::
  	port = 0
   limit {
   	max_connections = 16
   	lifetime = 0
   	idle_timeout = 30
   }
}
listen {
  	type = "acct"
  	ipv6addr = ::
  	port = 0
   limit {
   	max_connections = 16
   	lifetime = 0
   	idle_timeout = 30
   }
}
Listening on auth address 127.0.0.1 port 18120 bound to server inner-tunnel
Listening on auth address * port 1812 bound to server default
Listening on acct address * port 1813 bound to server default
Listening on auth address :: port 1812 bound to server default
Listening on acct address :: port 1813 bound to server default
Listening on proxy address * port 44012
Listening on proxy address :: port 39993
Ready to process requests
main {
 log {
 	destination = "stdout"
 	syslog_facility = "daemon"
 	localstatedir = "/usr/var"
 	logdir = "/usr/var/log"
 	file = "/app/data/radius.log"
 }
	name = "radiusd"
	prefix = "/usr"
}
main {
 log {
 	destination = "stdout"
 	syslog_facility = "daemon"
 	localstatedir = "/usr/var"
 	logdir = "/usr/var/log"
 	file = "/app/data/radius.log"
 }
	name = "radiusd"
	prefix = "/usr"
}
 thread pool {
 	start_servers = 5
 	max_servers = 32
 	min_spare_servers = 3
 	max_spare_servers = 10
 	max_requests_per_server = 0
 	cleanup_delay = 5
 	max_queue_size = 65536
 	auto_limit_acct = no
 }
Thread spawned new child 1. Total threads in pool: 1
Thread 1 waiting to be assigned a request
Thread spawned new child 2. Total threads in pool: 2
Thread 2 waiting to be assigned a request
Thread spawned new child 3. Total threads in pool: 3
Thread 3 waiting to be assigned a request
Thread spawned new child 4. Total threads in pool: 4
Thread 4 waiting to be assigned a request
Thread spawned new child 5. Total threads in pool: 5
Thread pool initialized
radiusd: #### Opening IP addresses and Ports ####
Thread 5 waiting to be assigned a request
listen {
  	type = "auth"
  	ipaddr = 127.0.0.1
  	port = 18120
}
listen {
  	type = "auth"
  	ipaddr = *
  	port = 0
   limit {
   	max_connections = 16
   	lifetime = 0
   	idle_timeout = 30
   }
}
listen {
  	type = "acct"
  	ipaddr = *
  	port = 0
   limit {
   	max_connections = 16
   	lifetime = 0
   	idle_timeout = 30
   }
}
listen {
  	type = "auth"
  	ipv6addr = ::
  	port = 0
   limit {
   	max_connections = 16
   	lifetime = 0
   	idle_timeout = 30
   }
}
listen {
  	type = "acct"
  	ipv6addr = ::
  	port = 0
   limit {
   	max_connections = 16
   	lifetime = 0
   	idle_timeout = 30
   }
}
Listening on auth address 127.0.0.1 port 18120 bound to server inner-tunnel
Listening on auth address * port 1812 bound to server default
Listening on acct address * port 1813 bound to server default
Listening on auth address :: port 1812 bound to server default
Listening on acct address :: port 1813 bound to server default
Listening on proxy address * port 41132
Listening on proxy address :: port 40507
Ready to process requests
Ready to process requests
Signalled to terminate
Exiting normally
Thread 5 got semaphore
Thread 5 exiting...
Thread 3 got semaphore
Thread 4 got semaphore
Thread 3 exiting...
Thread 4 exiting...
Thread 1 got semaphore
Thread 1 exiting...
Thread 2 got semaphore
Thread 2 exiting...
Deleting thread 1
Deleting thread 2
Deleting thread 3
Deleting thread 4
Deleting thread 5
rlm_sql (sql): Removing connection pool
rlm_sql (sql): Closing connection (5) - Shutting down connection pool
rlm_sql_mysql: Socket destructor called, closing socket
rlm_sql (sql): Closing connection (4) - Shutting down connection pool
rlm_sql_mysql: Socket destructor called, closing socket
rlm_sql (sql): Closing connection (3) - Shutting down connection pool
rlm_sql_mysql: Socket destructor called, closing socket
rlm_sql (sql): Closing connection (2) - Shutting down connection pool
rlm_sql_mysql: Socket destructor called, closing socket
rlm_sql (sql): Closing connection (1) - Shutting down connection pool
rlm_sql_mysql: Socket destructor called, closing socket
rlm_sql (sql): Closing connection (0) - Shutting down connection pool
rlm_sql_mysql: Socket destructor called, closing socket
main {
 log {
 	destination = "stdout"
 	syslog_facility = "daemon"
 	localstatedir = "/usr/var"
 	logdir = "/usr/var/log"
 	file = "/app/data/radius.log"
 }
	name = "radiusd"
	prefix = "/usr"
}
main {
 log {
 	destination = "stdout"
 	syslog_facility = "daemon"
 	localstatedir = "/usr/var"
 	logdir = "/usr/var/log"
 	file = "/app/data/radius.log"
 }
	name = "radiusd"
	prefix = "/usr"
}
 thread pool {
 	start_servers = 5
 	max_servers = 32
 	min_spare_servers = 3
 	max_spare_servers = 10
 	max_requests_per_server = 0
 	cleanup_delay = 5
 	max_queue_size = 65536
 	auto_limit_acct = no
 }
Thread spawned new child 1. Total threads in pool: 1
Thread 1 waiting to be assigned a request
Thread spawned new child 2. Total threads in pool: 2
Thread 2 waiting to be assigned a request
Thread spawned new child 3. Total threads in pool: 3
Thread 3 waiting to be assigned a request
Thread spawned new child 4. Total threads in pool: 4
Thread 4 waiting to be assigned a request
Thread spawned new child 5. Total threads in pool: 5
Thread pool initialized
Thread 5 waiting to be assigned a request
radiusd: #### Opening IP addresses and Ports ####
listen {
  	type = "auth"
  	ipaddr = 127.0.0.1
  	port = 18120
}
listen {
  	type = "auth"
  	ipaddr = *
  	port = 0
   limit {
   	max_connections = 16
   	lifetime = 0
   	idle_timeout = 30
   }
}
listen {
  	type = "acct"
  	ipaddr = *
  	port = 0
   limit {
   	max_connections = 16
   	lifetime = 0
   	idle_timeout = 30
   }
}
listen {
  	type = "auth"
  	ipv6addr = ::
  	port = 0
   limit {
   	max_connections = 16
   	lifetime = 0
   	idle_timeout = 30
   }
}
listen {
  	type = "acct"
  	ipv6addr = ::
  	port = 0
   limit {
   	max_connections = 16
   	lifetime = 0
   	idle_timeout = 30
   }
}
Listening on auth address 127.0.0.1 port 18120 bound to server inner-tunnel
Listening on auth address * port 1812 bound to server default
Listening on acct address * port 1813 bound to server default
Listening on auth address :: port 1812 bound to server default
Listening on acct address :: port 1813 bound to server default
Listening on proxy address * port 43181
Listening on proxy address :: port 57054
Ready to process requests
main {
 log {
 	destination = "stdout"
 	syslog_facility = "daemon"
 	localstatedir = "/usr/var"
 	logdir = "/usr/var/log"
 	file = "/app/data/radius.log"
 }
	name = "radiusd"
	prefix = "/usr"
}
main {
 log {
 	destination = "stdout"
 	syslog_facility = "daemon"
 	localstatedir = "/usr/var"
 	logdir = "/usr/var/log"
 	file = "/app/data/radius.log"
 }
	name = "radiusd"
	prefix = "/usr"
}
 thread pool {
 	start_servers = 5
 	max_servers = 32
 	min_spare_servers = 3
 	max_spare_servers = 10
 	max_requests_per_server = 0
 	cleanup_delay = 5
 	max_queue_size = 65536
 	auto_limit_acct = no
 }
Thread spawned new child 1. Total threads in pool: 1
Thread 1 waiting to be assigned a request
Thread spawned new child 2. Total threads in pool: 2
Thread 2 waiting to be assigned a request
Thread spawned new child 3. Total threads in pool: 3
Thread 3 waiting to be assigned a request
Thread spawned new child 4. Total threads in pool: 4
Thread 4 waiting to be assigned a request
Thread 5 waiting to be assigned a request
Thread spawned new child 5. Total threads in pool: 5
Thread pool initialized
radiusd: #### Opening IP addresses and Ports ####
listen {
  	type = "auth"
  	ipaddr = 127.0.0.1
  	port = 18120
}
listen {
  	type = "auth"
  	ipaddr = *
  	port = 0
   limit {
   	max_connections = 16
   	lifetime = 0
   	idle_timeout = 30
   }
}
listen {
  	type = "acct"
  	ipaddr = *
  	port = 0
   limit {
   	max_connections = 16
   	lifetime = 0
   	idle_timeout = 30
   }
}
listen {
  	type = "auth"
  	ipv6addr = ::
  	port = 0
   limit {
   	max_connections = 16
   	lifetime = 0
   	idle_timeout = 30
   }
}
listen {
  	type = "acct"
  	ipv6addr = ::
  	port = 0
   limit {
   	max_connections = 16
   	lifetime = 0
   	idle_timeout = 30
   }
}
Listening on auth address 127.0.0.1 port 18120 bound to server inner-tunnel
Listening on auth address * port 1812 bound to server default
Listening on acct address * port 1813 bound to server default
Listening on auth address :: port 1812 bound to server default
Listening on acct address :: port 1813 bound to server default
Listening on proxy address * port 55515
Listening on proxy address :: port 44059
Ready to process requests
main {
 log {
 	destination = "stdout"
 	syslog_facility = "daemon"
 	localstatedir = "/usr/var"
 	logdir = "/usr/var/log"
 	file = "/app/data/radius.log"
 }
	name = "radiusd"
	prefix = "/usr"
}
main {
 log {
 	destination = "stdout"
 	syslog_facility = "daemon"
 	localstatedir = "/usr/var"
 	logdir = "/usr/var/log"
 	file = "/app/data/radius.log"
 }
	name = "radiusd"
	prefix = "/usr"
}
 thread pool {
 	start_servers = 5
 	max_servers = 32
 	min_spare_servers = 3
 	max_spare_servers = 10
 	max_requests_per_server = 0
 	cleanup_delay = 5
 	max_queue_size = 65536
 	auto_limit_acct = no
 }
Thread 1 waiting to be assigned a request
Thread spawned new child 1. Total threads in pool: 1
Thread spawned new child 2. Total threads in pool: 2
Thread 2 waiting to be assigned a request
Thread spawned new child 3. Total threads in pool: 3
Thread 3 waiting to be assigned a request
Thread spawned new child 4. Total threads in pool: 4
Thread 4 waiting to be assigned a request
Thread spawned new child 5. Total threads in pool: 5
Thread pool initialized
Thread 5 waiting to be assigned a request
radiusd: #### Opening IP addresses and Ports ####
listen {
  	type = "auth"
  	ipaddr = 127.0.0.1
  	port = 18120
}
listen {
  	type = "auth"
  	ipaddr = *
  	port = 0
   limit {
   	max_connections = 16
   	lifetime = 0
   	idle_timeout = 30
   }
}
listen {
  	type = "acct"
  	ipaddr = *
  	port = 0
   limit {
   	max_connections = 16
   	lifetime = 0
   	idle_timeout = 30
   }
}
listen {
  	type = "auth"
  	ipv6addr = ::
  	port = 0
   limit {
   	max_connections = 16
   	lifetime = 0
   	idle_timeout = 30
   }
}
listen {
  	type = "acct"
  	ipv6addr = ::
  	port = 0
   limit {
   	max_connections = 16
   	lifetime = 0
   	idle_timeout = 30
   }
}
Listening on auth address 127.0.0.1 port 18120 bound to server inner-tunnel
Listening on auth address * port 1812 bound to server default
Listening on acct address * port 1813 bound to server default
Listening on auth address :: port 1812 bound to server default
Listening on acct address :: port 1813 bound to server default
Listening on proxy address * port 42245
Listening on proxy address :: port 40928
Ready to process requests
Ready to process requests
Signalled to terminate
Exiting normally
Thread 3 got semaphore
Thread 4 got semaphore
Thread 1 got semaphore
Thread 2 got semaphore
Thread 5 got semaphore
Thread 1 exiting...
Thread 4 exiting...
Thread 3 exiting...
Thread 2 exiting...
Thread 5 exiting...
Deleting thread 1
Deleting thread 2
Deleting thread 3
Deleting thread 4
Deleting thread 5
rlm_sql (sql): Removing connection pool
rlm_sql (sql): Closing connection (5) - Shutting down connection pool
rlm_sql_mysql: Socket destructor called, closing socket
rlm_sql (sql): Closing connection (4) - Shutting down connection pool
rlm_sql_mysql: Socket destructor called, closing socket
rlm_sql (sql): Closing connection (3) - Shutting down connection pool
rlm_sql_mysql: Socket destructor called, closing socket
rlm_sql (sql): Closing connection (2) - Shutting down connection pool
rlm_sql_mysql: Socket destructor called, closing socket
rlm_sql (sql): Closing connection (1) - Shutting down connection pool
rlm_sql_mysql: Socket destructor called, closing socket
rlm_sql (sql): Closing connection (0) - Shutting down connection pool
rlm_sql_mysql: Socket destructor called, closing socket
main {
 log {
 	destination = "stdout"
 	syslog_facility = "daemon"
 	localstatedir = "/usr/var"
 	logdir = "/usr/var/log"
 	file = "/app/data/radius.log"
 }
	name = "radiusd"
	prefix = "/usr"
}
main {
 log {
 	destination = "stdout"
 	syslog_facility = "daemon"
 	localstatedir = "/usr/var"
 	logdir = "/usr/var/log"
 	file = "/app/data/radius.log"
 }
	name = "radiusd"
	prefix = "/usr"
}
 thread pool {
 	start_servers = 5
 	max_servers = 32
 	min_spare_servers = 3
 	max_spare_servers = 10
 	max_requests_per_server = 0
 	cleanup_delay = 5
 	max_queue_size = 65536
 	auto_limit_acct = no
 }
Thread spawned new child 1. Total threads in pool: 1
Thread 1 waiting to be assigned a request
Thread spawned new child 2. Total threads in pool: 2
Thread 2 waiting to be assigned a request
Thread spawned new child 3. Total threads in pool: 3
Thread 3 waiting to be assigned a request
Thread spawned new child 4. Total threads in pool: 4
Thread 4 waiting to be assigned a request
Thread spawned new child 5. Total threads in pool: 5
Thread pool initialized
Thread 5 waiting to be assigned a request
radiusd: #### Opening IP addresses and Ports ####
listen {
  	type = "auth"
  	ipaddr = 127.0.0.1
  	port = 18120
}
listen {
  	type = "auth"
  	ipaddr = *
  	port = 0
   limit {
   	max_connections = 16
   	lifetime = 0
   	idle_timeout = 30
   }
}
listen {
  	type = "acct"
  	ipaddr = *
  	port = 0
   limit {
   	max_connections = 16
   	lifetime = 0
   	idle_timeout = 30
   }
}
listen {
  	type = "auth"
  	ipv6addr = ::
  	port = 0
   limit {
   	max_connections = 16
   	lifetime = 0
   	idle_timeout = 30
   }
}
listen {
  	type = "acct"
  	ipv6addr = ::
  	port = 0
   limit {
   	max_connections = 16
   	lifetime = 0
   	idle_timeout = 30
   }
}
Listening on auth address 127.0.0.1 port 18120 bound to server inner-tunnel
Listening on auth address * port 1812 bound to server default
Listening on acct address * port 1813 bound to server default
Listening on auth address :: port 1812 bound to server default
Listening on acct address :: port 1813 bound to server default
Listening on proxy address * port 48449
Listening on proxy address :: port 44819
Ready to process requests
Ready to process requests
Signalled to terminate
Exiting normally
Thread 4 got semaphore
Thread 3 got semaphore
Thread 2 got semaphore
Thread 1 got semaphore
Thread 5 got semaphore
Thread 3 exiting...
Thread 2 exiting...
Thread 4 exiting...
Thread 1 exiting...
Thread 5 exiting...
Deleting thread 1
Deleting thread 2
Deleting thread 3
Deleting thread 4
Deleting thread 5
rlm_sql (sql): Removing connection pool
rlm_sql (sql): Closing connection (5) - Shutting down connection pool
rlm_sql_mysql: Socket destructor called, closing socket
rlm_sql (sql): Closing connection (4) - Shutting down connection pool
rlm_sql_mysql: Socket destructor called, closing socket
rlm_sql (sql): Closing connection (3) - Shutting down connection pool
rlm_sql_mysql: Socket destructor called, closing socket
rlm_sql (sql): Closing connection (2) - Shutting down connection pool
rlm_sql_mysql: Socket destructor called, closing socket
rlm_sql (sql): Closing connection (1) - Shutting down connection pool
rlm_sql_mysql: Socket destructor called, closing socket
rlm_sql (sql): Closing connection (0) - Shutting down connection pool
rlm_sql_mysql: Socket destructor called, closing socket
main {
 log {
 	destination = "stdout"
 	syslog_facility = "daemon"
 	localstatedir = "/usr/var"
 	logdir = "/usr/var/log"
 	file = "/app/data/radius.log"
 }
	name = "radiusd"
	prefix = "/usr"
}
main {
 log {
 	destination = "stdout"
 	syslog_facility = "daemon"
 	localstatedir = "/usr/var"
 	logdir = "/usr/var/log"
 	file = "/app/data/radius.log"
 }
	name = "radiusd"
	prefix = "/usr"
}
 thread pool {
 	start_servers = 5
 	max_servers = 32
 	min_spare_servers = 3
 	max_spare_servers = 10
 	max_requests_per_server = 0
 	cleanup_delay = 5
 	max_queue_size = 65536
 	auto_limit_acct = no
 }
Thread spawned new child 1. Total threads in pool: 1
Thread 1 waiting to be assigned a request
Thread spawned new child 2. Total threads in pool: 2
Thread 2 waiting to be assigned a request
Thread spawned new child 3. Total threads in pool: 3
Thread 3 waiting to be assigned a request
Thread spawned new child 4. Total threads in pool: 4
Thread 4 waiting to be assigned a request
Thread spawned new child 5. Total threads in pool: 5
Thread pool initialized
Thread 5 waiting to be assigned a request
radiusd: #### Opening IP addresses and Ports ####
listen {
  	type = "auth"
  	ipaddr = 127.0.0.1
  	port = 18120
}
listen {
  	type = "auth"
  	ipaddr = *
  	port = 0
   limit {
   	max_connections = 16
   	lifetime = 0
   	idle_timeout = 30
   }
}
listen {
  	type = "acct"
  	ipaddr = *
  	port = 0
   limit {
   	max_connections = 16
   	lifetime = 0
   	idle_timeout = 30
   }
}
listen {
  	type = "auth"
  	ipv6addr = ::
  	port = 0
   limit {
   	max_connections = 16
   	lifetime = 0
   	idle_timeout = 30
   }
}
listen {
  	type = "acct"
  	ipv6addr = ::
  	port = 0
   limit {
   	max_connections = 16
   	lifetime = 0
   	idle_timeout = 30
   }
}
Listening on auth address 127.0.0.1 port 18120 bound to server inner-tunnel
Listening on auth address * port 1812 bound to server default
Listening on acct address * port 1813 bound to server default
Listening on auth address :: port 1812 bound to server default
Listening on acct address :: port 1813 bound to server default
Listening on proxy address * port 39202
Listening on proxy address :: port 34651
Ready to process requests
Ready to process requests
Signalled to terminate
Exiting normally
Thread 5 got semaphore
Thread 5 exiting...
Thread 4 got semaphore
Thread 4 exiting...
Thread 3 got semaphore
Thread 3 exiting...
Thread 2 got semaphore
Thread 1 got semaphore
Thread 2 exiting...
Thread 1 exiting...
Deleting thread 1
Deleting thread 2
Deleting thread 3
Deleting thread 4
Deleting thread 5
rlm_sql (sql): Removing connection pool
rlm_sql (sql): Closing connection (5) - Shutting down connection pool
rlm_sql_mysql: Socket destructor called, closing socket
rlm_sql (sql): Closing connection (4) - Shutting down connection pool
rlm_sql_mysql: Socket destructor called, closing socket
rlm_sql (sql): Closing connection (3) - Shutting down connection pool
rlm_sql_mysql: Socket destructor called, closing socket
rlm_sql (sql): Closing connection (2) - Shutting down connection pool
rlm_sql_mysql: Socket destructor called, closing socket
rlm_sql (sql): Closing connection (1) - Shutting down connection pool
rlm_sql_mysql: Socket destructor called, closing socket
rlm_sql (sql): Closing connection (0) - Shutting down connection pool
rlm_sql_mysql: Socket destructor called, closing socket
main {
 log {
 	destination = "stdout"
 	syslog_facility = "daemon"
 	localstatedir = "/usr/var"
 	logdir = "/usr/var/log"
 	file = "/app/data/radius.log"
 }
	name = "radiusd"
	prefix = "/usr"
}
main {
 log {
 	destination = "stdout"
 	syslog_facility = "daemon"
 	localstatedir = "/usr/var"
 	logdir = "/usr/var/log"
 	file = "/app/data/radius.log"
 }
	name = "radiusd"
	prefix = "/usr"
}
 thread pool {
 	start_servers = 5
 	max_servers = 32
 	min_spare_servers = 3
 	max_spare_servers = 10
 	max_requests_per_server = 0
 	cleanup_delay = 5
 	max_queue_size = 65536
 	auto_limit_acct = no
 }
Thread spawned new child 1. Total threads in pool: 1
Thread 1 waiting to be assigned a request
Thread spawned new child 2. Total threads in pool: 2
Thread 2 waiting to be assigned a request
Thread spawned new child 3. Total threads in pool: 3
Thread 3 waiting to be assigned a request
Thread spawned new child 4. Total threads in pool: 4
Thread 4 waiting to be assigned a request
Thread spawned new child 5. Total threads in pool: 5
Thread pool initialized
Thread 5 waiting to be assigned a request
radiusd: #### Opening IP addresses and Ports ####
listen {
  	type = "auth"
  	ipaddr = 127.0.0.1
  	port = 18120
}
listen {
  	type = "auth"
  	ipaddr = *
  	port = 0
   limit {
   	max_connections = 16
   	lifetime = 0
   	idle_timeout = 30
   }
}
listen {
  	type = "acct"
  	ipaddr = *
  	port = 0
   limit {
   	max_connections = 16
   	lifetime = 0
   	idle_timeout = 30
   }
}
listen {
  	type = "auth"
  	ipv6addr = ::
  	port = 0
   limit {
   	max_connections = 16
   	lifetime = 0
   	idle_timeout = 30
   }
}
listen {
  	type = "acct"
  	ipv6addr = ::
  	port = 0
   limit {
   	max_connections = 16
   	lifetime = 0
   	idle_timeout = 30
   }
}
Listening on auth address 127.0.0.1 port 18120 bound to server inner-tunnel
Listening on auth address * port 1812 bound to server default
Listening on acct address * port 1813 bound to server default
Listening on auth address :: port 1812 bound to server default
Listening on acct address :: port 1813 bound to server default
Listening on proxy address * port 55376
Listening on proxy address :: port 50607
Ready to process requests
Ready to process requests
Signalled to terminate
Exiting normally
Thread 2 got semaphore
Thread 5 got semaphore
Thread 3 got semaphore
Thread 1 got semaphore
Thread 4 got semaphore
Thread 2 exiting...
Thread 3 exiting...
Thread 1 exiting...
Thread 4 exiting...
Thread 5 exiting...
Deleting thread 1
Deleting thread 2
Deleting thread 3
Deleting thread 4
Deleting thread 5
rlm_sql (sql): Removing connection pool
rlm_sql (sql): Closing connection (5) - Shutting down connection pool
rlm_sql_mysql: Socket destructor called, closing socket
rlm_sql (sql): Closing connection (4) - Shutting down connection pool
rlm_sql_mysql: Socket destructor called, closing socket
rlm_sql (sql): Closing connection (3) - Shutting down connection pool
rlm_sql_mysql: Socket destructor called, closing socket
rlm_sql (sql): Closing connection (2) - Shutting down connection pool
rlm_sql_mysql: Socket destructor called, closing socket
rlm_sql (sql): Closing connection (1) - Shutting down connection pool
rlm_sql_mysql: Socket destructor called, closing socket
rlm_sql (sql): Closing connection (0) - Shutting down connection pool
rlm_sql_mysql: Socket destructor called, closing socket
main {
 log {
 	destination = "stdout"
 	syslog_facility = "daemon"
 	localstatedir = "/usr/var"
 	logdir = "/usr/var/log"
 	file = "/app/data/radius.log"
 }
	name = "radiusd"
	prefix = "/usr"
}
 thread pool {
 	start_servers = 5
 	max_servers = 32
 	min_spare_servers = 3
 	max_spare_servers = 10
 	max_requests_per_server = 0
 	cleanup_delay = 5
 	max_queue_size = 65536
 	auto_limit_acct = no
 }
Thread spawned new child 1. Total threads in pool: 1
Thread 1 waiting to be assigned a request
Thread spawned new child 2. Total threads in pool: 2
Thread 2 waiting to be assigned a request
Thread spawned new child 3. Total threads in pool: 3
Thread spawned new child 4. Total threads in pool: 4
Thread 4 waiting to be assigned a request
Thread 5 waiting to be assigned a request
Thread 3 waiting to be assigned a request
Thread spawned new child 5. Total threads in pool: 5
Thread pool initialized
radiusd: #### Opening IP addresses and Ports ####
listen {
  	type = "auth"
  	ipaddr = 127.0.0.1
  	port = 18120
}
listen {
  	type = "auth"
  	ipaddr = *
  	port = 0
   limit {
   	max_connections = 16
   	lifetime = 0
   	idle_timeout = 30
   }
}
listen {
  	type = "acct"
  	ipaddr = *
  	port = 0
   limit {
   	max_connections = 16
   	lifetime = 0
   	idle_timeout = 30
   }
}
listen {
  	type = "auth"
  	ipv6addr = ::
  	port = 0
   limit {
   	max_connections = 16
   	lifetime = 0
   	idle_timeout = 30
   }
}
listen {
  	type = "acct"
  	ipv6addr = ::
  	port = 0
   limit {
   	max_connections = 16
   	lifetime = 0
   	idle_timeout = 30
   }
}
Listening on auth address 127.0.0.1 port 18120 bound to server inner-tunnel
Listening on auth address * port 1812 bound to server default
Listening on acct address * port 1813 bound to server default
Listening on auth address :: port 1812 bound to server default
Listening on acct address :: port 1813 bound to server default
Listening on proxy address * port 41713
Listening on proxy address :: port 40429
Ready to process requests
Ready to process requests
Signalled to terminate
Exiting normally
Thread 3 got semaphore
Thread 2 got semaphore
Thread 1 got semaphore
Thread 5 got semaphore
Thread 4 got semaphore
Thread 1 exiting...
Thread 2 exiting...
Thread 3 exiting...
Thread 4 exiting...
Thread 5 exiting...
Deleting thread 1
Deleting thread 2
Deleting thread 3
Deleting thread 4
Deleting thread 5
rlm_sql (sql): Removing connection pool
rlm_sql (sql): Closing connection (5) - Shutting down connection pool
rlm_sql_mysql: Socket destructor called, closing socket
rlm_sql (sql): Closing connection (4) - Shutting down connection pool
rlm_sql_mysql: Socket destructor called, closing socket
rlm_sql (sql): Closing connection (3) - Shutting down connection pool
rlm_sql_mysql: Socket destructor called, closing socket
rlm_sql (sql): Closing connection (2) - Shutting down connection pool
rlm_sql_mysql: Socket destructor called, closing socket
rlm_sql (sql): Closing connection (1) - Shutting down connection pool
rlm_sql_mysql: Socket destructor called, closing socket
rlm_sql (sql): Closing connection (0) - Shutting down connection pool
rlm_sql_mysql: Socket destructor called, closing socket
main {
 log {
 	destination = "stdout"
 	syslog_facility = "daemon"
 	localstatedir = "/usr/var"
 	logdir = "/usr/var/log"
 	file = "/app/data/radius.log"
 }
	name = "radiusd"
	prefix = "/usr"
}
main {
 log {
 	destination = "stdout"
 	syslog_facility = "daemon"
 	localstatedir = "/usr/var"
 	logdir = "/usr/var/log"
 	file = "/app/data/radius.log"
 }
	name = "radiusd"
	prefix = "/usr"
}
main {
 log {
 	destination = "stdout"
 	syslog_facility = "daemon"
 	localstatedir = "/usr/var"
 	logdir = "/usr/var/log"
 	file = "/app/data/radius.log"
 }
	name = "radiusd"
	prefix = "/usr"
}
 thread pool {
 	start_servers = 5
 	max_servers = 32
 	min_spare_servers = 3
 	max_spare_servers = 10
 	max_requests_per_server = 0
 	cleanup_delay = 5
 	max_queue_size = 65536
 	auto_limit_acct = no
 }
Thread spawned new child 1. Total threads in pool: 1
Thread 1 waiting to be assigned a request
Thread spawned new child 2. Total threads in pool: 2
Thread 2 waiting to be assigned a request
Thread spawned new child 3. Total threads in pool: 3
Thread 3 waiting to be assigned a request
Thread spawned new child 4. Total threads in pool: 4
Thread spawned new child 5. Total threads in pool: 5
Thread pool initialized
radiusd: #### Opening IP addresses and Ports ####
Thread 5 waiting to be assigned a request
Thread 4 waiting to be assigned a request
listen {
  	type = "auth"
  	ipaddr = 127.0.0.1
  	port = 18120
}
listen {
  	type = "auth"
  	ipaddr = *
  	port = 0
   limit {
   	max_connections = 16
   	lifetime = 0
   	idle_timeout = 30
   }
}
listen {
  	type = "acct"
  	ipaddr = *
  	port = 0
   limit {
   	max_connections = 16
   	lifetime = 0
   	idle_timeout = 30
   }
}
listen {
  	type = "auth"
  	ipv6addr = ::
  	port = 0
   limit {
   	max_connections = 16
   	lifetime = 0
   	idle_timeout = 30
   }
}
listen {
  	type = "acct"
  	ipv6addr = ::
  	port = 0
   limit {
   	max_connections = 16
   	lifetime = 0
   	idle_timeout = 30
   }
}
Listening on auth address 127.0.0.1 port 18120 bound to server inner-tunnel
Listening on auth address * port 1812 bound to server default
Listening on acct address * port 1813 bound to server default
Listening on auth address :: port 1812 bound to server default
Listening on acct address :: port 1813 bound to server default
Listening on proxy address * port 42368
Listening on proxy address :: port 57093
Ready to process requests
Ready to process requests
Signalled to terminate
Exiting normally
Thread 3 got semaphore
Thread 4 got semaphore
Thread 5 got semaphore
Thread 2 got semaphore
Thread 1 got semaphore
Thread 2 exiting...
Thread 1 exiting...
Thread 4 exiting...
Thread 3 exiting...
Thread 5 exiting...
Deleting thread 1
Deleting thread 2
Deleting thread 3
Deleting thread 4
Deleting thread 5
rlm_sql (sql): Removing connection pool
rlm_sql (sql): Closing connection (5) - Shutting down connection pool
rlm_sql_mysql: Socket destructor called, closing socket
rlm_sql (sql): Closing connection (4) - Shutting down connection pool
rlm_sql_mysql: Socket destructor called, closing socket
rlm_sql (sql): Closing connection (3) - Shutting down connection pool
rlm_sql_mysql: Socket destructor called, closing socket
rlm_sql (sql): Closing connection (2) - Shutting down connection pool
rlm_sql_mysql: Socket destructor called, closing socket
rlm_sql (sql): Closing connection (1) - Shutting down connection pool
rlm_sql_mysql: Socket destructor called, closing socket
rlm_sql (sql): Closing connection (0) - Shutting down connection pool
rlm_sql_mysql: Socket destructor called, closing socket
main {
 log {
 	destination = "stdout"
 	syslog_facility = "daemon"
 	localstatedir = "/usr/var"
 	logdir = "/usr/var/log"
 	file = "/app/data/radius.log"
 }
	name = "radiusd"
	prefix = "/usr"
}
 thread pool {
 	start_servers = 5
 	max_servers = 32
 	min_spare_servers = 3
 	max_spare_servers = 10
 	max_requests_per_server = 0
 	cleanup_delay = 5
 	max_queue_size = 65536
 	auto_limit_acct = no
 }
Thread spawned new child 1. Total threads in pool: 1
Thread 1 waiting to be assigned a request
Thread spawned new child 2. Total threads in pool: 2
Thread 2 waiting to be assigned a request
Thread spawned new child 3. Total threads in pool: 3
Thread 3 waiting to be assigned a request
Thread spawned new child 4. Total threads in pool: 4
Thread 4 waiting to be assigned a request
Thread spawned new child 5. Total threads in pool: 5
Thread pool initialized
radiusd: #### Opening IP addresses and Ports ####
Thread 5 waiting to be assigned a request
listen {
  	type = "auth"
  	ipaddr = 127.0.0.1
  	port = 18120
}
listen {
  	type = "auth"
  	ipaddr = *
  	port = 0
   limit {
   	max_connections = 16
   	lifetime = 0
   	idle_timeout = 30
   }
}
listen {
  	type = "acct"
  	ipaddr = *
  	port = 0
   limit {
   	max_connections = 16
   	lifetime = 0
   	idle_timeout = 30
   }
}
listen {
  	type = "auth"
  	ipv6addr = ::
  	port = 0
   limit {
   	max_connections = 16
   	lifetime = 0
   	idle_timeout = 30
   }
}
listen {
  	type = "acct"
  	ipv6addr = ::
  	port = 0
   limit {
   	max_connections = 16
   	lifetime = 0
   	idle_timeout = 30
   }
}
Listening on auth address 127.0.0.1 port 18120 bound to server inner-tunnel
Listening on auth address * port 1812 bound to server default
Listening on acct address * port 1813 bound to server default
Listening on auth address :: port 1812 bound to server default
Listening on acct address :: port 1813 bound to server default
Listening on proxy address * port 43529
Listening on proxy address :: port 41057
Ready to process requests
Ready to process requests
Signalled to terminate
Exiting normally
Thread 5 got semaphore
Thread 5 exiting...
Thread 4 got semaphore
Thread 4 exiting...
Thread 1 got semaphore
Thread 1 exiting...
Thread 2 got semaphore
Thread 2 exiting...
Thread 3 got semaphore
Thread 3 exiting...
Deleting thread 1
Deleting thread 2
Deleting thread 3
Deleting thread 4
Deleting thread 5
rlm_sql (sql): Removing connection pool
rlm_sql (sql): Closing connection (5) - Shutting down connection pool
rlm_sql_mysql: Socket destructor called, closing socket
rlm_sql (sql): Closing connection (4) - Shutting down connection pool
rlm_sql_mysql: Socket destructor called, closing socket
rlm_sql (sql): Closing connection (3) - Shutting down connection pool
rlm_sql_mysql: Socket destructor called, closing socket
rlm_sql (sql): Closing connection (2) - Shutting down connection pool
rlm_sql_mysql: Socket destructor called, closing socket
rlm_sql (sql): Closing connection (1) - Shutting down connection pool
rlm_sql_mysql: Socket destructor called, closing socket
rlm_sql (sql): Closing connection (0) - Shutting down connection pool
rlm_sql_mysql: Socket destructor called, closing socket
main {
 log {
 	destination = "stdout"
 	syslog_facility = "daemon"
 	localstatedir = "/usr/var"
 	logdir = "/usr/var/log"
 	file = "/app/data/radius.log"
 }
	name = "radiusd"
	prefix = "/usr"
}
main {
 log {
 	destination = "stdout"
 	syslog_facility = "daemon"
 	localstatedir = "/usr/var"
 	logdir = "/usr/var/log"
 	file = "/app/data/radius.log"
 }
	name = "radiusd"
	prefix = "/usr"
}
 thread pool {
 	start_servers = 5
 	max_servers = 32
 	min_spare_servers = 3
 	max_spare_servers = 10
 	max_requests_per_server = 0
 	cleanup_delay = 5
 	max_queue_size = 65536
 	auto_limit_acct = no
 }
Thread spawned new child 1. Total threads in pool: 1
Thread 1 waiting to be assigned a request
Thread spawned new child 2. Total threads in pool: 2
Thread 2 waiting to be assigned a request
Thread spawned new child 3. Total threads in pool: 3
Thread 3 waiting to be assigned a request
Thread spawned new child 4. Total threads in pool: 4
Thread 4 waiting to be assigned a request
Thread spawned new child 5. Total threads in pool: 5
Thread pool initialized
radiusd: #### Opening IP addresses and Ports ####
Thread 5 waiting to be assigned a request
listen {
  	type = "auth"
  	ipaddr = 127.0.0.1
  	port = 18120
}
listen {
  	type = "auth"
  	ipaddr = *
  	port = 0
   limit {
   	max_connections = 16
   	lifetime = 0
   	idle_timeout = 30
   }
}
listen {
  	type = "acct"
  	ipaddr = *
  	port = 0
   limit {
   	max_connections = 16
   	lifetime = 0
   	idle_timeout = 30
   }
}
listen {
  	type = "auth"
  	ipv6addr = ::
  	port = 0
   limit {
   	max_connections = 16
   	lifetime = 0
   	idle_timeout = 30
   }
}
listen {
  	type = "acct"
  	ipv6addr = ::
  	port = 0
   limit {
   	max_connections = 16
   	lifetime = 0
   	idle_timeout = 30
   }
}
Listening on auth address 127.0.0.1 port 18120 bound to server inner-tunnel
Listening on auth address * port 1812 bound to server default
Listening on acct address * port 1813 bound to server default
Listening on auth address :: port 1812 bound to server default
Listening on acct address :: port 1813 bound to server default
Listening on proxy address * port 49703
Listening on proxy address :: port 33916
Ready to process requests
Ready to process requests
Signalled to terminate
Exiting normally
Thread 1 got semaphore
Thread 1 exiting...
Thread 4 got semaphore
Thread 4 exiting...
Thread 3 got semaphore
Thread 3 exiting...
Thread 2 got semaphore
Thread 2 exiting...
Thread 5 got semaphore
Thread 5 exiting...
Deleting thread 1
Deleting thread 2
Deleting thread 3
Deleting thread 4
Deleting thread 5
rlm_sql (sql): Removing connection pool
rlm_sql (sql): Closing connection (5) - Shutting down connection pool
rlm_sql_mysql: Socket destructor called, closing socket
rlm_sql (sql): Closing connection (4) - Shutting down connection pool
rlm_sql_mysql: Socket destructor called, closing socket
rlm_sql (sql): Closing connection (3) - Shutting down connection pool
rlm_sql_mysql: Socket destructor called, closing socket
rlm_sql (sql): Closing connection (2) - Shutting down connection pool
rlm_sql_mysql: Socket destructor called, closing socket
rlm_sql (sql): Closing connection (1) - Shutting down connection pool
rlm_sql_mysql: Socket destructor called, closing socket
rlm_sql (sql): Closing connection (0) - Shutting down connection pool
rlm_sql_mysql: Socket destructor called, closing socket
main {
 log {
 	destination = "stdout"
 	syslog_facility = "daemon"
 	localstatedir = "/usr/var"
 	logdir = "/usr/var/log"
 	file = "/app/data/radius.log"
 }
	name = "radiusd"
	prefix = "/usr"
}
main {
 log {
 	destination = "stdout"
 	syslog_facility = "daemon"
 	localstatedir = "/usr/var"
 	logdir = "/usr/var/log"
 	file = "/app/data/radius.log"
 }
	name = "radiusd"
	prefix = "/usr"
}
 thread pool {
 	start_servers = 5
 	max_servers = 32
 	min_spare_servers = 3
 	max_spare_servers = 10
 	max_requests_per_server = 0
 	cleanup_delay = 5
 	max_queue_size = 65536
 	auto_limit_acct = no
 }
Thread spawned new child 1. Total threads in pool: 1
Thread 1 waiting to be assigned a request
Thread spawned new child 2. Total threads in pool: 2
Thread 2 waiting to be assigned a request
Thread spawned new child 3. Total threads in pool: 3
Thread 3 waiting to be assigned a request
Thread spawned new child 4. Total threads in pool: 4
Thread 4 waiting to be assigned a request
Thread spawned new child 5. Total threads in pool: 5
Thread pool initialized
radiusd: #### Opening IP addresses and Ports ####
Thread 5 waiting to be assigned a request
listen {
  	type = "auth"
  	ipaddr = 127.0.0.1
  	port = 18120
}
listen {
  	type = "auth"
  	ipaddr = *
  	port = 0
   limit {
   	max_connections = 16
   	lifetime = 0
   	idle_timeout = 30
   }
}
listen {
  	type = "acct"
  	ipaddr = *
  	port = 0
   limit {
   	max_connections = 16
   	lifetime = 0
   	idle_timeout = 30
   }
}
listen {
  	type = "auth"
  	ipv6addr = ::
  	port = 0
   limit {
   	max_connections = 16
   	lifetime = 0
   	idle_timeout = 30
   }
}
listen {
  	type = "acct"
  	ipv6addr = ::
  	port = 0
   limit {
   	max_connections = 16
   	lifetime = 0
   	idle_timeout = 30
   }
}
Listening on auth address 127.0.0.1 port 18120 bound to server inner-tunnel
Listening on auth address * port 1812 bound to server default
Listening on acct address * port 1813 bound to server default
Listening on auth address :: port 1812 bound to server default
Listening on acct address :: port 1813 bound to server default
Listening on proxy address * port 44194
Listening on proxy address :: port 40098
Ready to process requests
Threads: total/active/spare threads = 5/0/5
Waking up in 0.3 seconds.
Thread 5 got semaphore
Thread 5 handling request 0, (1 handled so far)
(0) Received Access-Request Id 1 from 172.17.0.1:38029 to 172.17.0.3:1812 length 164
(0)   Service-Type = Login-User
(0)   User-Name = "test"
(0)   MS-CHAP-Challenge = 0x93ea8dfe077d434b64b2f723be4d5040
(0)   MS-CHAP2-Response = 0x00006ab15f227473c49ade5478ef1a935f2700000000000000007c3292fdc18bb3ce69207c851af8444a1c4e9cd0efe9d616
(0)   Calling-Station-Id = "192.168.88.254"
(0)   NAS-Identifier = "MikroTik"
(0)   NAS-IP-Address = 192.168.88.1
(0)   Message-Authenticator = 0x3e76e5353663f4a5be8f79e5f76f2f5a
(0) # Executing section authorize from file /etc/raddb/sites-enabled/default
(0)   authorize {
(0)     if ("%{sql:SELECT value FROM radius_system_settings WHERE `key` = 'bypass_all' LIMIT 1}" == "1") {
(0)     EXPAND %{User-Name}
(0)        --> test
(0)     SQL-User-Name set to 'test'
rlm_sql (sql): Reserved connection (1)
(0)     Executing select query: SELECT value FROM radius_system_settings WHERE `key` = 'bypass_all' LIMIT 1
(0)     SQL query returned no results
rlm_sql (sql): Released connection (1)
Need more connections to reach 10 spares
rlm_sql (sql): Opening additional connection (6), 1 of 26 pending slots used
rlm_sql_mysql: Starting connect to MySQL server
rlm_sql_mysql: Connected to database 'pnbrad' on 127.0.0.1 via TCP/IP, server version 10.11.14-MariaDB, protocol version 10
rlm_sql (sql): Closing expired connection (5) - Hit idle_timeout limit
rlm_sql_mysql: Socket destructor called, closing socket
rlm_sql (sql): Closing expired connection (4) - Hit idle_timeout limit
rlm_sql_mysql: Socket destructor called, closing socket
rlm_sql (sql): Closing expired connection (3) - Hit idle_timeout limit
rlm_sql_mysql: Socket destructor called, closing socket
rlm_sql (sql): Closing expired connection (2) - Hit idle_timeout limit
rlm_sql_mysql: Socket destructor called, closing socket
rlm_sql (sql): You probably need to lower "min"
rlm_sql (sql): Closing expired connection (0) - Hit idle_timeout limit
rlm_sql_mysql: Socket destructor called, closing socket
(0)     EXPAND %{sql:SELECT value FROM radius_system_settings WHERE `key` = 'bypass_all' LIMIT 1}
(0)        --> 
(0)     if ("%{sql:SELECT value FROM radius_system_settings WHERE `key` = 'bypass_all' LIMIT 1}" == "1")  -> FALSE
(0)     [preprocess] = ok
(0) auth_log: EXPAND /var/log/radius/radacct/%{%{Packet-Src-IP-Address}:-%{Packet-Src-IPv6-Address}}/auth-detail-%Y%m%d
(0) auth_log:    --> /var/log/radius/radacct/172.17.0.1/auth-detail-20260427
(0) auth_log: /var/log/radius/radacct/%{%{Packet-Src-IP-Address}:-%{Packet-Src-IPv6-Address}}/auth-detail-%Y%m%d expands to /var/log/radius/radacct/172.17.0.1/auth-detail-20260427
(0) auth_log: EXPAND %t
(0) auth_log:    --> Mon Apr 27 09:53:19 2026
(0)     [auth_log] = ok
(0)     [chap] = noop
(0) mschap: Found MS-CHAP attributes.  Setting 'Auth-Type  = mschap'
(0)     [mschap] = ok
(0)     [digest] = noop
(0) suffix: Checking for suffix after "@"
(0) suffix: No '@' in User-Name = "test", looking up realm NULL
(0) suffix: No such realm "NULL"
(0)     [suffix] = noop
(0)     [files] = noop
(0) sql: EXPAND %{User-Name}
(0) sql:    --> test
(0) sql: SQL-User-Name set to 'test'
rlm_sql (sql): Reserved connection (1)
(0) sql: EXPAND SELECT id, username, attribute, value, op FROM radcheck WHERE username = '%{SQL-User-Name}' ORDER BY id
(0) sql:    --> SELECT id, username, attribute, value, op FROM radcheck WHERE username = 'test' ORDER BY id
(0) sql: Executing select query: SELECT id, username, attribute, value, op FROM radcheck WHERE username = 'test' ORDER BY id
(0) sql: User found in radcheck table
(0) sql: Conditional check items matched, merging assignment check items
(0) sql:   Cleartext-Password := "test"
(0) sql:   Expiration := "Apr 28 2026 09:51:00 UTC"
(0) sql: EXPAND SELECT id, username, attribute, value, op FROM radreply WHERE username = '%{SQL-User-Name}' ORDER BY id
(0) sql:    --> SELECT id, username, attribute, value, op FROM radreply WHERE username = 'test' ORDER BY id
(0) sql: Executing select query: SELECT id, username, attribute, value, op FROM radreply WHERE username = 'test' ORDER BY id
(0) sql: EXPAND SELECT groupname FROM radusergroup WHERE username = '%{SQL-User-Name}' ORDER BY priority
(0) sql:    --> SELECT groupname FROM radusergroup WHERE username = 'test' ORDER BY priority
(0) sql: Executing select query: SELECT groupname FROM radusergroup WHERE username = 'test' ORDER BY priority
(0) sql: User found in the group table
(0) sql: EXPAND SELECT id, groupname, attribute, Value, op FROM radgroupcheck WHERE groupname = '%{SQL-Group}' ORDER BY id
(0) sql:    --> SELECT id, groupname, attribute, Value, op FROM radgroupcheck WHERE groupname = 'NET' ORDER BY id
(0) sql: Executing select query: SELECT id, groupname, attribute, Value, op FROM radgroupcheck WHERE groupname = 'NET' ORDER BY id
(0) sql: Group "NET": Conditional check items matched
(0) sql: Group "NET": Merging assignment check items
(0) sql:   Simultaneous-Use := 1
(0) sql: EXPAND SELECT id, groupname, attribute, value, op FROM radgroupreply WHERE groupname = '%{SQL-Group}' ORDER BY id
(0) sql:    --> SELECT id, groupname, attribute, value, op FROM radgroupreply WHERE groupname = 'NET' ORDER BY id
(0) sql: Executing select query: SELECT id, groupname, attribute, value, op FROM radgroupreply WHERE groupname = 'NET' ORDER BY id
(0) sql: Group "NET": Merging reply items
(0) sql:   Mikrotik-Rate-Limit = "10M/10M"
(0) sql:   Framed-Pool = "default-dhcp"
rlm_sql (sql): Released connection (1)
(0)     [sql] = ok
(0) expiration: Account will expire at 'Apr 28 2026 09:51:00 UTC'
(0)     [expiration] = ok
(0)     [logintime] = noop
(0) pap: WARNING: Auth-Type already set.  Not setting to PAP
(0)     [pap] = noop
(0)   } # authorize = ok
(0) Found Auth-Type = mschap
(0) # Executing group from file /etc/raddb/sites-enabled/default
(0)   authenticate {
(0) mschap: Found Cleartext-Password, hashing to create NT-Password
(0) mschap: Creating challenge hash with username: test
(0) mschap: Client is using MS-CHAPv2
(0) mschap: Adding MS-CHAPv2 MPPE keys
(0)     [mschap] = ok
(0)   } # authenticate = ok
(0) # Executing section post-auth from file /etc/raddb/sites-enabled/default
(0)   post-auth {
(0)     if (session-state:User-Name && reply:User-Name && request:User-Name && (reply:User-Name == request:User-Name)) {
(0)     if (session-state:User-Name && reply:User-Name && request:User-Name && (reply:User-Name == request:User-Name))  -> FALSE
(0)     update {
(0)       No attributes updated for RHS &session-state:
(0)     } # update = noop
(0) sql: EXPAND .query
(0) sql:    --> .query
(0) sql: Using query template 'query'
rlm_sql (sql): Reserved connection (6)
(0) sql: EXPAND %{User-Name}
(0) sql:    --> test
(0) sql: SQL-User-Name set to 'test'
(0) sql: EXPAND INSERT INTO radpostauth (username, pass, reply, authdate ) VALUES ( '%{SQL-User-Name}', '%{%{User-Password}:-%{Chap-Password}}', '%{reply:Packet-Type}', '%S.%M' )
(0) sql:    --> INSERT INTO radpostauth (username, pass, reply, authdate ) VALUES ( 'test', '', 'Access-Accept', '2026-04-27 09:53:19.084866' )
(0) sql: Executing query: INSERT INTO radpostauth (username, pass, reply, authdate ) VALUES ( 'test', '', 'Access-Accept', '2026-04-27 09:53:19.084866' )
(0) sql: SQL query returned: success
(0) sql: 1 record(s) updated
rlm_sql (sql): Released connection (6)
(0)     [sql] = ok
(0)     [exec] = noop
(0)     policy remove_reply_message_if_eap {
(0)       if (&reply:EAP-Message && &reply:Reply-Message) {
(0)       if (&reply:EAP-Message && &reply:Reply-Message)  -> FALSE
(0)       else {
(0)         [noop] = noop
(0)       } # else = noop
(0)     } # policy remove_reply_message_if_eap = noop
(0)     if (EAP-Key-Name && &reply:EAP-Session-Id) {
(0)     if (EAP-Key-Name && &reply:EAP-Session-Id)  -> FALSE
(0)   } # post-auth = ok
(0) Login OK: [test/<via Auth-Type = mschap>] (from client docker-bridge port 0 cli 192.168.88.254)
(0) Sent Access-Accept Id 1 from 172.17.0.3:1812 to 172.17.0.1:38029 length 232
(0)   Mikrotik-Rate-Limit = "10M/10M"
(0)   Framed-Pool = "default-dhcp"
(0)   Session-Timeout = 86261
(0)   MS-CHAP2-Success = 0x00533d45334636334137373144333541414432384235353230433544323030393932394343413237333131
(0)   MS-MPPE-Recv-Key = 0xa116940aaedb9c8e025e20d6ae1852cf
(0)   MS-MPPE-Send-Key = 0xb242b90690fe0f17fe31f791e900eb58
(0)   MS-MPPE-Encryption-Policy = Encryption-Allowed
(0)   MS-MPPE-Encryption-Types = RC4-40or128-bit-Allowed
(0) Finished request
Thread 5 waiting to be assigned a request
Waking up in 0.2 seconds.
Thread 4 got semaphore
Thread 4 handling request 1, (1 handled so far)
(1) Received Accounting-Request Id 2 from 172.17.0.1:36712 to 172.17.0.3:1813 length 48
(1)   Acct-Status-Type = Accounting-On
(1)   NAS-Identifier = "MikroTik"
(1)   Acct-Delay-Time = 0
(1)   NAS-IP-Address = 192.168.88.1
(1) # Executing section preacct from file /etc/raddb/sites-enabled/default
(1)   preacct {
(1)     [preprocess] = ok
(1)     policy acct_unique {
(1)       update request {
(1)         &Tmp-String-9 := "ai:"
(1)       } # update request = noop
(1)       if (("%{hex:&Class}" =~ /^%{hex:&Tmp-String-9}/) && 	    ("%{string:&Class}" =~ /^ai:([0-9a-f]{32})/i)) {
(1)       EXPAND %{hex:&Class}
(1)          --> 
(1)       EXPAND ^%{hex:&Tmp-String-9}
(1)          --> ^61693a
(1)       if (("%{hex:&Class}" =~ /^%{hex:&Tmp-String-9}/) && 	    ("%{string:&Class}" =~ /^ai:([0-9a-f]{32})/i))  -> FALSE
(1)       else {
(1)         update request {
(1)           EXPAND %{md5:%{User-Name},%{Acct-Session-ID},%{%{NAS-IPv6-Address}:-%{NAS-IP-Address}},%{NAS-Identifier},%{NAS-Port-ID},%{NAS-Port}}
(1)              --> f8d272605c0c458aefe2589a6b325c77
(1)           &Acct-Unique-Session-Id := f8d272605c0c458aefe2589a6b325c77
(1)         } # update request = noop
(1)       } # else = noop
(1)       update request {
(1)         &Tmp-String-9 !* ANY
(1)       } # update request = noop
(1)     } # policy acct_unique = noop
(1)     [suffix] = noop
(1)     [files] = noop
(1)   } # preacct = ok
(1) # Executing section accounting from file /etc/raddb/sites-enabled/default
(1)   accounting {
(1) detail: EXPAND /var/log/radius/radacct/%{%{Packet-Src-IP-Address}:-%{Packet-Src-IPv6-Address}}/detail-%Y%m%d
(1) detail:    --> /var/log/radius/radacct/172.17.0.1/detail-20260427
(1) detail: /var/log/radius/radacct/%{%{Packet-Src-IP-Address}:-%{Packet-Src-IPv6-Address}}/detail-%Y%m%d expands to /var/log/radius/radacct/172.17.0.1/detail-20260427
(1) detail: EXPAND %t
(1) detail:    --> Mon Apr 27 09:53:19 2026
Waking up in 0.2 seconds.
Thread 3 got semaphore
(1)     [detail] = ok
(1)     [unix] = noop
Thread 3 handling request 2, (1 handled so far)
(1) sql: EXPAND %{tolower:type.%{%{Acct-Status-Type}:-%{Request-Processing-Stage}}.query}
(1) sql:    --> type.accounting-on.query
(1) sql: Using query template 'query'
rlm_sql (sql): Reserved connection (1)
(1) sql: EXPAND %{User-Name}
(1) sql:    --> 
(1) sql: SQL-User-Name set to ''
(2) Received Accounting-Request Id 3 from 172.17.0.1:52964 to 172.17.0.3:1813 length 86
(2)   Service-Type = Login-User
(2)   User-Name = "test"
(2)   Calling-Station-Id = "192.168.88.254"
(2)   Acct-Status-Type = Start
(2)   Acct-Session-Id = "8400000c"
(2)   NAS-Identifier = "MikroTik"
(2)   Acct-Delay-Time = 0
(2)   NAS-IP-Address = 192.168.88.1
(2) # Executing section preacct from file /etc/raddb/sites-enabled/default
(2)   preacct {
(2)     [preprocess] = ok
(2)     policy acct_unique {
(2)       update request {
(2)         &Tmp-String-9 := "ai:"
(2)       } # update request = noop
(2)       if (("%{hex:&Class}" =~ /^%{hex:&Tmp-String-9}/) && 	    ("%{string:&Class}" =~ /^ai:([0-9a-f]{32})/i)) {
(2)       EXPAND %{hex:&Class}
(2)          --> 
(2)       EXPAND ^%{hex:&Tmp-String-9}
(2)          --> ^61693a
(1) sql: EXPAND UPDATE radacct SET acctstoptime = FROM_UNIXTIME(%{%{integer:Event-Timestamp}:-%l}), acctsessiontime	= '%{%{integer:Event-Timestamp}:-%l}' - UNIX_TIMESTAMP(acctstarttime), acctterminatecause = '%{%{Acct-Terminate-Cause}:-NAS-Reboot}' WHERE acctstoptime IS NULL AND nasipaddress   = '%{NAS-IP-Address}' AND acctstarttime <= FROM_UNIXTIME(%{%{integer:Event-Timestamp}:-%l})
(2)       if (("%{hex:&Class}" =~ /^%{hex:&Tmp-String-9}/) && 	    ("%{string:&Class}" =~ /^ai:([0-9a-f]{32})/i))  -> FALSE
(1) sql:    --> UPDATE radacct SET acctstoptime = FROM_UNIXTIME(1777283599), acctsessiontime	= '1777283599' - UNIX_TIMESTAMP(acctstarttime), acctterminatecause = 'NAS-Reboot' WHERE acctstoptime IS NULL AND nasipaddress   = '192.168.88.1' AND acctstarttime <= FROM_UNIXTIME(1777283599)
(2)       else {
(2)         update request {
(1) sql: Executing query: UPDATE radacct SET acctstoptime = FROM_UNIXTIME(1777283599), acctsessiontime	= '1777283599' - UNIX_TIMESTAMP(acctstarttime), acctterminatecause = 'NAS-Reboot' WHERE acctstoptime IS NULL AND nasipaddress   = '192.168.88.1' AND acctstarttime <= FROM_UNIXTIME(1777283599)
(2)           EXPAND %{md5:%{User-Name},%{Acct-Session-ID},%{%{NAS-IPv6-Address}:-%{NAS-IP-Address}},%{NAS-Identifier},%{NAS-Port-ID},%{NAS-Port}}
(2)              --> e1cc54ec4dbcbb5c08739476295aa350
(2)           &Acct-Unique-Session-Id := e1cc54ec4dbcbb5c08739476295aa350
(2)         } # update request = noop
(2)       } # else = noop
(2)       update request {
(2)         &Tmp-String-9 !* ANY
(2)       } # update request = noop
(2)     } # policy acct_unique = noop
(2) suffix: Checking for suffix after "@"
(2) suffix: No '@' in User-Name = "test", looking up realm NULL
(2) suffix: No such realm "NULL"
(2)     [suffix] = noop
(2)     [files] = noop
(2)   } # preacct = ok
(2) # Executing section accounting from file /etc/raddb/sites-enabled/default
(2)   accounting {
(2) detail: EXPAND /var/log/radius/radacct/%{%{Packet-Src-IP-Address}:-%{Packet-Src-IPv6-Address}}/detail-%Y%m%d
(2) detail:    --> /var/log/radius/radacct/172.17.0.1/detail-20260427
(2) detail: /var/log/radius/radacct/%{%{Packet-Src-IP-Address}:-%{Packet-Src-IPv6-Address}}/detail-%Y%m%d expands to /var/log/radius/radacct/172.17.0.1/detail-20260427
(2) detail: EXPAND %t
(2) detail:    --> Mon Apr 27 09:53:19 2026
(2)     [detail] = ok
(2)     [unix] = ok
(2) sql: EXPAND %{tolower:type.%{%{Acct-Status-Type}:-%{Request-Processing-Stage}}.query}
(2) sql:    --> type.start.query
(2) sql: Using query template 'query'
rlm_sql (sql): Reserved connection (6)
(2) sql: EXPAND %{User-Name}
(2) sql:    --> test
(2) sql: SQL-User-Name set to 'test'
(2) sql: EXPAND INSERT INTO radacct (acctsessionid,		acctuniqueid,		username, realm,			nasipaddress,		nasportid, nasporttype,		acctstarttime,		acctupdatetime, acctstoptime,		acctsessiontime, 	acctauthentic, connectinfo_start,	connectinfo_stop, 	acctinputoctets, acctoutputoctets,	calledstationid, 	callingstationid, acctterminatecause,	servicetype,		framedprotocol, framedipaddress,	framedipv6address,	framedipv6prefix, framedinterfaceid,	delegatedipv6prefix	) VALUES ('%{Acct-Session-Id}', '%{Acct-Unique-Session-Id}', '%{SQL-User-Name}', '%{Realm}', '%{NAS-IP-Address}', '%{%{NAS-Port-ID}:-%{NAS-Port}}', '%{NAS-Port-Type}', FROM_UNIXTIME(%{%{integer:Event-Timestamp}:-%l}), FROM_UNIXTIME(%{%{integer:Event-Timestamp}:-%l}), NULL, '0', '%{Acct-Authentic}', '%{Connect-Info}', '', '0', '0', '%{Called-Station-Id}', '%{Calling-Station-Id}', '', '%{Service-Type}', '%{Framed-Protocol}', '%{Framed-IP-Address}', '%{Framed-IPv6-Address}', '%{Framed-IPv6-Prefix}', '%{Framed-Interface-Id}', '%{Delegated-IPv6-Prefix}' )
(2) sql:    --> INSERT INTO radacct (acctsessionid,		acctuniqueid,		username, realm,			nasipaddress,		nasportid, nasporttype,		acctstarttime,		acctupdatetime, acctstoptime,		acctsessiontime, 	acctauthentic, connectinfo_start,	connectinfo_stop, 	acctinputoctets, acctoutputoctets,	calledstationid, 	callingstationid, acctterminatecause,	servicetype,		framedprotocol, framedipaddress,	framedipv6address,	framedipv6prefix, framedinterfaceid,	delegatedipv6prefix	) VALUES ('8400000c', 'e1cc54ec4dbcbb5c08739476295aa350', 'test', '', '192.168.88.1', '', '', FROM_UNIXTIME(1777283599), FROM_UNIXTIME(1777283599), NULL, '0', '', '', '', '0', '0', '', '192.168.88.254', '', 'Login-User', '', '', '', '', '', '' )
(2) sql: Executing query: INSERT INTO radacct (acctsessionid,		acctuniqueid,		username, realm,			nasipaddress,		nasportid, nasporttype,		acctstarttime,		acctupdatetime, acctstoptime,		acctsessiontime, 	acctauthentic, connectinfo_start,	connectinfo_stop, 	acctinputoctets, acctoutputoctets,	calledstationid, 	callingstationid, acctterminatecause,	servicetype,		framedprotocol, framedipaddress,	framedipv6address,	framedipv6prefix, framedinterfaceid,	delegatedipv6prefix	) VALUES ('8400000c', 'e1cc54ec4dbcbb5c08739476295aa350', 'test', '', '192.168.88.1', '', '', FROM_UNIXTIME(1777283599), FROM_UNIXTIME(1777283599), NULL, '0', '', '', '', '0', '0', '', '192.168.88.254', '', 'Login-User', '', '', '', '', '', '' )
rlm_sql_mysql: Rows matched: 0  Changed: 0  Warnings: 0
(1) sql: SQL query returned: success
(1) sql: 0 record(s) updated
(1) sql: No additional queries configured
rlm_sql (sql): Released connection (1)
(1)     [sql] = noop
(1)     [exec] = noop
(1) attr_filter.accounting_response: EXPAND %{User-Name}
(1) attr_filter.accounting_response:    --> 
(1)     [attr_filter.accounting_response] = noop
(1)   } # accounting = ok
(1) Sent Accounting-Response Id 2 from 172.17.0.3:1813 to 172.17.0.1:36712 length 20
(1) Finished request
Thread 4 waiting to be assigned a request
(2) sql: SQL query returned: success
(2) sql: 1 record(s) updated
rlm_sql (sql): Released connection (6)
(2)     [sql] = ok
(2)     [exec] = noop
(2) attr_filter.accounting_response: EXPAND %{User-Name}
(2) attr_filter.accounting_response:    --> test
(2) attr_filter.accounting_response: Matched entry DEFAULT at line 12
(2)     [attr_filter.accounting_response] = updated
(2)   } # accounting = updated
(2) Sent Accounting-Response Id 3 from 172.17.0.3:1813 to 172.17.0.1:52964 length 20
(2) Finished request
Thread 3 waiting to be assigned a request
(1) Cleaning up request packet ID 2 with timestamp +244 due to timer
(2) Cleaning up request packet ID 3 with timestamp +244 due to timer
Waking up in 4.6 seconds.
(0) Cleaning up request packet ID 1 with timestamp +244 due to cleanup_delay was reached
Ready to process requests
Waking up in 0.3 seconds.
Thread 2 got semaphore
Thread 2 handling request 3, (1 handled so far)
(3) Received Access-Request Id 4 from 172.17.0.1:38952 to 172.17.0.3:1812 length 164
(3)   Service-Type = Login-User
(3)   User-Name = "test"
(3)   MS-CHAP-Challenge = 0x7d55331fd24b95f65e9ec6da9aa93a9d
(3)   MS-CHAP2-Response = 0x0000a6791bbfdbb5e090190a71111f63f24e00000000000000003bcc093f10f1547e42a3f24f0b7011f4c2a5152013cdd0a8
(3)   Calling-Station-Id = "192.168.88.254"
(3)   NAS-Identifier = "MikroTik"
(3)   NAS-IP-Address = 192.168.88.1
(3)   Message-Authenticator = 0x1550481618a8c5d48c16be5911bcf2ea
(3) # Executing section authorize from file /etc/raddb/sites-enabled/default
(3)   authorize {
(3)     if ("%{sql:SELECT value FROM radius_system_settings WHERE `key` = 'bypass_all' LIMIT 1}" == "1") {
(3)     EXPAND %{User-Name}
(3)        --> test
(3)     SQL-User-Name set to 'test'
rlm_sql (sql): Reserved connection (1)
(3)     Executing select query: SELECT value FROM radius_system_settings WHERE `key` = 'bypass_all' LIMIT 1
(3)     SQL query returned no results
rlm_sql (sql): Released connection (1)
Need 1 more connections to reach min connections (3)
Need more connections to reach 10 spares
rlm_sql (sql): Opening additional connection (7), 1 of 30 pending slots used
rlm_sql_mysql: Starting connect to MySQL server
rlm_sql_mysql: Connected to database 'pnbrad' on 127.0.0.1 via TCP/IP, server version 10.11.14-MariaDB, protocol version 10
(3)     EXPAND %{sql:SELECT value FROM radius_system_settings WHERE `key` = 'bypass_all' LIMIT 1}
(3)        --> 
(3)     if ("%{sql:SELECT value FROM radius_system_settings WHERE `key` = 'bypass_all' LIMIT 1}" == "1")  -> FALSE
(3)     [preprocess] = ok
(3) auth_log: EXPAND /var/log/radius/radacct/%{%{Packet-Src-IP-Address}:-%{Packet-Src-IPv6-Address}}/auth-detail-%Y%m%d
(3) auth_log:    --> /var/log/radius/radacct/172.17.0.1/auth-detail-20260427
(3) auth_log: /var/log/radius/radacct/%{%{Packet-Src-IP-Address}:-%{Packet-Src-IPv6-Address}}/auth-detail-%Y%m%d expands to /var/log/radius/radacct/172.17.0.1/auth-detail-20260427
(3) auth_log: EXPAND %t
(3) auth_log:    --> Mon Apr 27 09:54:06 2026
(3)     [auth_log] = ok
(3)     [chap] = noop
(3) mschap: Found MS-CHAP attributes.  Setting 'Auth-Type  = mschap'
(3)     [mschap] = ok
(3)     [digest] = noop
(3) suffix: Checking for suffix after "@"
(3) suffix: No '@' in User-Name = "test", looking up realm NULL
(3) suffix: No such realm "NULL"
(3)     [suffix] = noop
(3)     [files] = noop
(3) sql: EXPAND %{User-Name}
(3) sql:    --> test
(3) sql: SQL-User-Name set to 'test'
rlm_sql (sql): Reserved connection (6)
(3) sql: EXPAND SELECT id, username, attribute, value, op FROM radcheck WHERE username = '%{SQL-User-Name}' ORDER BY id
(3) sql:    --> SELECT id, username, attribute, value, op FROM radcheck WHERE username = 'test' ORDER BY id
(3) sql: Executing select query: SELECT id, username, attribute, value, op FROM radcheck WHERE username = 'test' ORDER BY id
(3) sql: User found in radcheck table
(3) sql: Conditional check items matched, merging assignment check items
(3) sql:   Cleartext-Password := "test"
(3) sql:   Expiration := "Apr 28 2026 09:51:00 UTC"
(3) sql:   Auth-Type := Reject
(3) sql: EXPAND SELECT id, username, attribute, value, op FROM radreply WHERE username = '%{SQL-User-Name}' ORDER BY id
(3) sql:    --> SELECT id, username, attribute, value, op FROM radreply WHERE username = 'test' ORDER BY id
(3) sql: Executing select query: SELECT id, username, attribute, value, op FROM radreply WHERE username = 'test' ORDER BY id
(3) sql: EXPAND SELECT groupname FROM radusergroup WHERE username = '%{SQL-User-Name}' ORDER BY priority
(3) sql:    --> SELECT groupname FROM radusergroup WHERE username = 'test' ORDER BY priority
(3) sql: Executing select query: SELECT groupname FROM radusergroup WHERE username = 'test' ORDER BY priority
(3) sql: User found in the group table
(3) sql: EXPAND SELECT id, groupname, attribute, Value, op FROM radgroupcheck WHERE groupname = '%{SQL-Group}' ORDER BY id
(3) sql:    --> SELECT id, groupname, attribute, Value, op FROM radgroupcheck WHERE groupname = 'NET' ORDER BY id
(3) sql: Executing select query: SELECT id, groupname, attribute, Value, op FROM radgroupcheck WHERE groupname = 'NET' ORDER BY id
(3) sql: Group "NET": Conditional check items matched
(3) sql: Group "NET": Merging assignment check items
(3) sql:   Simultaneous-Use := 1
(3) sql: EXPAND SELECT id, groupname, attribute, value, op FROM radgroupreply WHERE groupname = '%{SQL-Group}' ORDER BY id
(3) sql:    --> SELECT id, groupname, attribute, value, op FROM radgroupreply WHERE groupname = 'NET' ORDER BY id
(3) sql: Executing select query: SELECT id, groupname, attribute, value, op FROM radgroupreply WHERE groupname = 'NET' ORDER BY id
(3) sql: Group "NET": Merging reply items
(3) sql:   Mikrotik-Rate-Limit = "10M/10M"
(3) sql:   Framed-Pool = "default-dhcp"
rlm_sql (sql): Released connection (6)
(3)     [sql] = ok
(3) expiration: Account will expire at 'Apr 28 2026 09:51:00 UTC'
(3)     [expiration] = ok
(3)     [logintime] = noop
(3) pap: WARNING: Auth-Type already set.  Not setting to PAP
(3)     [pap] = noop
(3)   } # authorize = ok
(3) Found Auth-Type = Reject
(3) Auth-Type = Reject, rejecting user
(3) Failed to authenticate the user
(3) Using Post-Auth-Type Reject
(3) # Executing group from file /etc/raddb/sites-enabled/default
(3)   Post-Auth-Type REJECT {
(3) sql: EXPAND .query
(3) sql:    --> .query
(3) sql: Using query template 'query'
rlm_sql (sql): Reserved connection (1)
(3) sql: EXPAND %{User-Name}
(3) sql:    --> test
(3) sql: SQL-User-Name set to 'test'
(3) sql: EXPAND INSERT INTO radpostauth (username, pass, reply, authdate ) VALUES ( '%{SQL-User-Name}', '%{%{User-Password}:-%{Chap-Password}}', '%{reply:Packet-Type}', '%S.%M' )
(3) sql:    --> INSERT INTO radpostauth (username, pass, reply, authdate ) VALUES ( 'test', '', 'Access-Reject', '2026-04-27 09:54:06.962273' )
(3) sql: Executing query: INSERT INTO radpostauth (username, pass, reply, authdate ) VALUES ( 'test', '', 'Access-Reject', '2026-04-27 09:54:06.962273' )
(3) sql: SQL query returned: success
(3) sql: 1 record(s) updated
rlm_sql (sql): Released connection (1)
(3)     [sql] = ok
(3) attr_filter.access_reject: EXPAND %{User-Name}
(3) attr_filter.access_reject:    --> test
(3) attr_filter.access_reject: Matched entry DEFAULT at line 11
(3)     [attr_filter.access_reject] = updated
(3)     policy remove_reply_message_if_eap {
(3)       if (&reply:EAP-Message && &reply:Reply-Message) {
(3)       if (&reply:EAP-Message && &reply:Reply-Message)  -> FALSE
(3)       else {
(3)         [noop] = noop
(3)       } # else = noop
(3)     } # policy remove_reply_message_if_eap = noop
(3)   } # Post-Auth-Type REJECT = updated
(3) Login incorrect: [test] (from client docker-bridge port 0 cli 192.168.88.254)
(3) Delaying response for 1.000000 seconds
Thread 2 waiting to be assigned a request
Waking up in 0.6 seconds.
(3) Sending delayed response
(3) Sent Access-Reject Id 4 from 172.17.0.3:1812 to 172.17.0.1:38952 length 38
Waking up in 3.9 seconds.
(3) Sending duplicate reply to client docker-bridge port 38952 - ID: 4
Waking up in 8.9 seconds.
Waking up in 0.3 seconds.
Thread 1 got semaphore
Thread 1 handling request 4, (1 handled so far)
(4) Received Access-Request Id 5 from 172.17.0.1:33067 to 172.17.0.3:1812 length 164
(4)   Service-Type = Login-User
(4)   User-Name = "test"
(4)   MS-CHAP-Challenge = 0x9958ba93cc12d5a5c4f70791cdf22c27
(4)   MS-CHAP2-Response = 0x00008e2648eb662af9fc7f30d653122ec12b0000000000000000f95e20c8ca5df58d6e847e713f507a5802140675410890bb
(4)   Calling-Station-Id = "192.168.88.254"
(4)   NAS-Identifier = "MikroTik"
(4)   NAS-IP-Address = 192.168.88.1
(4)   Message-Authenticator = 0xbe0808eb82fb2721a5c5aa02059dab2e
(4) # Executing section authorize from file /etc/raddb/sites-enabled/default
(4)   authorize {
(4)     if ("%{sql:SELECT value FROM radius_system_settings WHERE `key` = 'bypass_all' LIMIT 1}" == "1") {
(4)     EXPAND %{User-Name}
(4)        --> test
(4)     SQL-User-Name set to 'test'
rlm_sql (sql): Reserved connection (7)
(4)     Executing select query: SELECT value FROM radius_system_settings WHERE `key` = 'bypass_all' LIMIT 1
(4)     SQL query returned no results
rlm_sql (sql): Released connection (7)
Need more connections to reach 10 spares
rlm_sql (sql): Opening additional connection (8), 1 of 29 pending slots used
rlm_sql_mysql: Starting connect to MySQL server
rlm_sql_mysql: Connected to database 'pnbrad' on 127.0.0.1 via TCP/IP, server version 10.11.14-MariaDB, protocol version 10
(4)     EXPAND %{sql:SELECT value FROM radius_system_settings WHERE `key` = 'bypass_all' LIMIT 1}
(4)        --> 
(4)     if ("%{sql:SELECT value FROM radius_system_settings WHERE `key` = 'bypass_all' LIMIT 1}" == "1")  -> FALSE
(4)     [preprocess] = ok
(4) auth_log: EXPAND /var/log/radius/radacct/%{%{Packet-Src-IP-Address}:-%{Packet-Src-IPv6-Address}}/auth-detail-%Y%m%d
(4) auth_log:    --> /var/log/radius/radacct/172.17.0.1/auth-detail-20260427
(4) auth_log: /var/log/radius/radacct/%{%{Packet-Src-IP-Address}:-%{Packet-Src-IPv6-Address}}/auth-detail-%Y%m%d expands to /var/log/radius/radacct/172.17.0.1/auth-detail-20260427
(4) auth_log: EXPAND %t
(4) auth_log:    --> Mon Apr 27 09:54:15 2026
(4)     [auth_log] = ok
(4)     [chap] = noop
(4) mschap: Found MS-CHAP attributes.  Setting 'Auth-Type  = mschap'
(4)     [mschap] = ok
(4)     [digest] = noop
(4) suffix: Checking for suffix after "@"
(4) suffix: No '@' in User-Name = "test", looking up realm NULL
(4) suffix: No such realm "NULL"
(4)     [suffix] = noop
(4)     [files] = noop
(4) sql: EXPAND %{User-Name}
(4) sql:    --> test
(4) sql: SQL-User-Name set to 'test'
rlm_sql (sql): Reserved connection (6)
(4) sql: EXPAND SELECT id, username, attribute, value, op FROM radcheck WHERE username = '%{SQL-User-Name}' ORDER BY id
(4) sql:    --> SELECT id, username, attribute, value, op FROM radcheck WHERE username = 'test' ORDER BY id
(4) sql: Executing select query: SELECT id, username, attribute, value, op FROM radcheck WHERE username = 'test' ORDER BY id
(4) sql: User found in radcheck table
(4) sql: Conditional check items matched, merging assignment check items
(4) sql:   Cleartext-Password := "test"
(4) sql:   Expiration := "Apr 28 2026 09:51:00 UTC"
(4) sql: EXPAND SELECT id, username, attribute, value, op FROM radreply WHERE username = '%{SQL-User-Name}' ORDER BY id
(4) sql:    --> SELECT id, username, attribute, value, op FROM radreply WHERE username = 'test' ORDER BY id
(4) sql: Executing select query: SELECT id, username, attribute, value, op FROM radreply WHERE username = 'test' ORDER BY id
(4) sql: EXPAND SELECT groupname FROM radusergroup WHERE username = '%{SQL-User-Name}' ORDER BY priority
(4) sql:    --> SELECT groupname FROM radusergroup WHERE username = 'test' ORDER BY priority
(4) sql: Executing select query: SELECT groupname FROM radusergroup WHERE username = 'test' ORDER BY priority
(4) sql: User found in the group table
(4) sql: EXPAND SELECT id, groupname, attribute, Value, op FROM radgroupcheck WHERE groupname = '%{SQL-Group}' ORDER BY id
(4) sql:    --> SELECT id, groupname, attribute, Value, op FROM radgroupcheck WHERE groupname = 'NET' ORDER BY id
(4) sql: Executing select query: SELECT id, groupname, attribute, Value, op FROM radgroupcheck WHERE groupname = 'NET' ORDER BY id
(4) sql: Group "NET": Conditional check items matched
(4) sql: Group "NET": Merging assignment check items
(4) sql:   Simultaneous-Use := 1
(4) sql: EXPAND SELECT id, groupname, attribute, value, op FROM radgroupreply WHERE groupname = '%{SQL-Group}' ORDER BY id
(4) sql:    --> SELECT id, groupname, attribute, value, op FROM radgroupreply WHERE groupname = 'NET' ORDER BY id
(4) sql: Executing select query: SELECT id, groupname, attribute, value, op FROM radgroupreply WHERE groupname = 'NET' ORDER BY id
(4) sql: Group "NET": Merging reply items
(4) sql:   Mikrotik-Rate-Limit = "10M/10M"
(4) sql:   Framed-Pool = "default-dhcp"
rlm_sql (sql): Released connection (6)
(4)     [sql] = ok
(4) expiration: Account will expire at 'Apr 28 2026 09:51:00 UTC'
(4)     [expiration] = ok
(4)     [logintime] = noop
(4) pap: WARNING: Auth-Type already set.  Not setting to PAP
(4)     [pap] = noop
(4)   } # authorize = ok
(4) Found Auth-Type = mschap
(4) # Executing group from file /etc/raddb/sites-enabled/default
(4)   authenticate {
(4) mschap: Found Cleartext-Password, hashing to create NT-Password
(4) mschap: Creating challenge hash with username: test
(4) mschap: Client is using MS-CHAPv2
(4) mschap: Adding MS-CHAPv2 MPPE keys
(4)     [mschap] = ok
(4)   } # authenticate = ok
(4) # Executing section post-auth from file /etc/raddb/sites-enabled/default
(4)   post-auth {
(4)     if (session-state:User-Name && reply:User-Name && request:User-Name && (reply:User-Name == request:User-Name)) {
(4)     if (session-state:User-Name && reply:User-Name && request:User-Name && (reply:User-Name == request:User-Name))  -> FALSE
(4)     update {
(4)       No attributes updated for RHS &session-state:
(4)     } # update = noop
(4) sql: EXPAND .query
(4) sql:    --> .query
(4) sql: Using query template 'query'
rlm_sql (sql): Reserved connection (1)
(4) sql: EXPAND %{User-Name}
(4) sql:    --> test
(4) sql: SQL-User-Name set to 'test'
(4) sql: EXPAND INSERT INTO radpostauth (username, pass, reply, authdate ) VALUES ( '%{SQL-User-Name}', '%{%{User-Password}:-%{Chap-Password}}', '%{reply:Packet-Type}', '%S.%M' )
(4) sql:    --> INSERT INTO radpostauth (username, pass, reply, authdate ) VALUES ( 'test', '', 'Access-Accept', '2026-04-27 09:54:15.741429' )
(4) sql: Executing query: INSERT INTO radpostauth (username, pass, reply, authdate ) VALUES ( 'test', '', 'Access-Accept', '2026-04-27 09:54:15.741429' )
(4) sql: SQL query returned: success
(4) sql: 1 record(s) updated
rlm_sql (sql): Released connection (1)
(4)     [sql] = ok
(4)     [exec] = noop
(4)     policy remove_reply_message_if_eap {
(4)       if (&reply:EAP-Message && &reply:Reply-Message) {
(4)       if (&reply:EAP-Message && &reply:Reply-Message)  -> FALSE
(4)       else {
(4)         [noop] = noop
(4)       } # else = noop
(4)     } # policy remove_reply_message_if_eap = noop
(4)     if (EAP-Key-Name && &reply:EAP-Session-Id) {
(4)     if (EAP-Key-Name && &reply:EAP-Session-Id)  -> FALSE
(4)   } # post-auth = ok
(4) Login OK: [test/<via Auth-Type = mschap>] (from client docker-bridge port 0 cli 192.168.88.254)
(4) Sent Access-Accept Id 5 from 172.17.0.3:1812 to 172.17.0.1:33067 length 232
(4)   Mikrotik-Rate-Limit = "10M/10M"
(4)   Framed-Pool = "default-dhcp"
(4)   Session-Timeout = 86205
(4)   MS-CHAP2-Success = 0x00533d41344631383945453332423138364243353930333530344442443341334144323036324242343030
(4)   MS-MPPE-Recv-Key = 0x5c9b5731d0d015a2a4b0b423ee3b5729
(4)   MS-MPPE-Send-Key = 0xd010f986cbef1b1c096d420e6296084d
(4)   MS-MPPE-Encryption-Policy = Encryption-Allowed
(4)   MS-MPPE-Encryption-Types = RC4-40or128-bit-Allowed
(4) Finished request
Thread 1 waiting to be assigned a request
Waking up in 0.3 seconds.
Thread 5 got semaphore
Thread 5 handling request 5, (2 handled so far)
(5) Received Accounting-Request Id 6 from 172.17.0.1:44237 to 172.17.0.3:1813 length 86
(5)   Service-Type = Login-User
(5)   User-Name = "test"
(5)   Calling-Station-Id = "192.168.88.254"
(5)   Acct-Status-Type = Start
(5)   Acct-Session-Id = "8400000d"
(5)   NAS-Identifier = "MikroTik"
(5)   Acct-Delay-Time = 0
(5)   NAS-IP-Address = 192.168.88.1
(5) # Executing section preacct from file /etc/raddb/sites-enabled/default
(5)   preacct {
(5)     [preprocess] = ok
(5)     policy acct_unique {
(5)       update request {
(5)         &Tmp-String-9 := "ai:"
(5)       } # update request = noop
(5)       if (("%{hex:&Class}" =~ /^%{hex:&Tmp-String-9}/) && 	    ("%{string:&Class}" =~ /^ai:([0-9a-f]{32})/i)) {
(5)       EXPAND %{hex:&Class}
(5)          --> 
(5)       EXPAND ^%{hex:&Tmp-String-9}
(5)          --> ^61693a
(5)       if (("%{hex:&Class}" =~ /^%{hex:&Tmp-String-9}/) && 	    ("%{string:&Class}" =~ /^ai:([0-9a-f]{32})/i))  -> FALSE
(5)       else {
(5)         update request {
(5)           EXPAND %{md5:%{User-Name},%{Acct-Session-ID},%{%{NAS-IPv6-Address}:-%{NAS-IP-Address}},%{NAS-Identifier},%{NAS-Port-ID},%{NAS-Port}}
(5)              --> 866e8cb922ea5fdfe5a577f52a135bb3
(5)           &Acct-Unique-Session-Id := 866e8cb922ea5fdfe5a577f52a135bb3
(5)         } # update request = noop
(5)       } # else = noop
(5)       update request {
(5)         &Tmp-String-9 !* ANY
(5)       } # update request = noop
(5)     } # policy acct_unique = noop
(5) suffix: Checking for suffix after "@"
(5) suffix: No '@' in User-Name = "test", looking up realm NULL
(5) suffix: No such realm "NULL"
(5)     [suffix] = noop
(5)     [files] = noop
(5)   } # preacct = ok
(5) # Executing section accounting from file /etc/raddb/sites-enabled/default
(5)   accounting {
(5) detail: EXPAND /var/log/radius/radacct/%{%{Packet-Src-IP-Address}:-%{Packet-Src-IPv6-Address}}/detail-%Y%m%d
(5) detail:    --> /var/log/radius/radacct/172.17.0.1/detail-20260427
(5) detail: /var/log/radius/radacct/%{%{Packet-Src-IP-Address}:-%{Packet-Src-IPv6-Address}}/detail-%Y%m%d expands to /var/log/radius/radacct/172.17.0.1/detail-20260427
(5) detail: EXPAND %t
(5) detail:    --> Mon Apr 27 09:54:15 2026
(5)     [detail] = ok
(5)     [unix] = ok
(5) sql: EXPAND %{tolower:type.%{%{Acct-Status-Type}:-%{Request-Processing-Stage}}.query}
(5) sql:    --> type.start.query
(5) sql: Using query template 'query'
rlm_sql (sql): Reserved connection (7)
(5) sql: EXPAND %{User-Name}
(5) sql:    --> test
(5) sql: SQL-User-Name set to 'test'
(5) sql: EXPAND INSERT INTO radacct (acctsessionid,		acctuniqueid,		username, realm,			nasipaddress,		nasportid, nasporttype,		acctstarttime,		acctupdatetime, acctstoptime,		acctsessiontime, 	acctauthentic, connectinfo_start,	connectinfo_stop, 	acctinputoctets, acctoutputoctets,	calledstationid, 	callingstationid, acctterminatecause,	servicetype,		framedprotocol, framedipaddress,	framedipv6address,	framedipv6prefix, framedinterfaceid,	delegatedipv6prefix	) VALUES ('%{Acct-Session-Id}', '%{Acct-Unique-Session-Id}', '%{SQL-User-Name}', '%{Realm}', '%{NAS-IP-Address}', '%{%{NAS-Port-ID}:-%{NAS-Port}}', '%{NAS-Port-Type}', FROM_UNIXTIME(%{%{integer:Event-Timestamp}:-%l}), FROM_UNIXTIME(%{%{integer:Event-Timestamp}:-%l}), NULL, '0', '%{Acct-Authentic}', '%{Connect-Info}', '', '0', '0', '%{Called-Station-Id}', '%{Calling-Station-Id}', '', '%{Service-Type}', '%{Framed-Protocol}', '%{Framed-IP-Address}', '%{Framed-IPv6-Address}', '%{Framed-IPv6-Prefix}', '%{Framed-Interface-Id}', '%{Delegated-IPv6-Prefix}' )
(5) sql:    --> INSERT INTO radacct (acctsessionid,		acctuniqueid,		username, realm,			nasipaddress,		nasportid, nasporttype,		acctstarttime,		acctupdatetime, acctstoptime,		acctsessiontime, 	acctauthentic, connectinfo_start,	connectinfo_stop, 	acctinputoctets, acctoutputoctets,	calledstationid, 	callingstationid, acctterminatecause,	servicetype,		framedprotocol, framedipaddress,	framedipv6address,	framedipv6prefix, framedinterfaceid,	delegatedipv6prefix	) VALUES ('8400000d', '866e8cb922ea5fdfe5a577f52a135bb3', 'test', '', '192.168.88.1', '', '', FROM_UNIXTIME(1777283655), FROM_UNIXTIME(1777283655), NULL, '0', '', '', '', '0', '0', '', '192.168.88.254', '', 'Login-User', '', '', '', '', '', '' )
(5) sql: Executing query: INSERT INTO radacct (acctsessionid,		acctuniqueid,		username, realm,			nasipaddress,		nasportid, nasporttype,		acctstarttime,		acctupdatetime, acctstoptime,		acctsessiontime, 	acctauthentic, connectinfo_start,	connectinfo_stop, 	acctinputoctets, acctoutputoctets,	calledstationid, 	callingstationid, acctterminatecause,	servicetype,		framedprotocol, framedipaddress,	framedipv6address,	framedipv6prefix, framedinterfaceid,	delegatedipv6prefix	) VALUES ('8400000d', '866e8cb922ea5fdfe5a577f52a135bb3', 'test', '', '192.168.88.1', '', '', FROM_UNIXTIME(1777283655), FROM_UNIXTIME(1777283655), NULL, '0', '', '', '', '0', '0', '', '192.168.88.254', '', 'Login-User', '', '', '', '', '', '' )
(5) sql: SQL query returned: success
(5) sql: 1 record(s) updated
rlm_sql (sql): Released connection (7)
(5)     [sql] = ok
(5)     [exec] = noop
(5) attr_filter.accounting_response: EXPAND %{User-Name}
(5) attr_filter.accounting_response:    --> test
(5) attr_filter.accounting_response: Matched entry DEFAULT at line 12
(5)     [attr_filter.accounting_response] = updated
(5)   } # accounting = updated
(5) Sent Accounting-Response Id 6 from 172.17.0.3:1813 to 172.17.0.1:44237 length 20
(5) Finished request
Thread 5 waiting to be assigned a request
(5) Cleaning up request packet ID 6 with timestamp +300 due to timer
Waking up in 0.8 seconds.
(3) Cleaning up request packet ID 4 with timestamp +291 due to cleanup_delay was reached
Waking up in 3.7 seconds.
(4) Cleaning up request packet ID 5 with timestamp +300 due to cleanup_delay was reached
Ready to process requests
Waking up in 0.3 seconds.
Thread 4 got semaphore
Thread 4 handling request 6, (2 handled so far)
(6) Received Access-Request Id 7 from 172.17.0.1:33127 to 172.17.0.3:1812 length 164
(6)   Service-Type = Login-User
(6)   User-Name = "test"
(6)   MS-CHAP-Challenge = 0xa8efb26a079420176fb0d500918b706d
(6)   MS-CHAP2-Response = 0x0000041705733657a65b10f253c3ef51395f00000000000000006f086baaadeb3c26b84abcfcc47b8c0f2837797a6971f221
(6)   Calling-Station-Id = "192.168.88.254"
(6)   NAS-Identifier = "MikroTik"
(6)   NAS-IP-Address = 192.168.88.1
(6)   Message-Authenticator = 0x7e7d6ea261e75fa886e7bfc58c21d60d
(6) # Executing section authorize from file /etc/raddb/sites-enabled/default
(6)   authorize {
(6)     if ("%{sql:SELECT value FROM radius_system_settings WHERE `key` = 'bypass_all' LIMIT 1}" == "1") {
(6)     EXPAND %{User-Name}
(6)        --> test
(6)     SQL-User-Name set to 'test'
rlm_sql (sql): Reserved connection (8)
(6)     Executing select query: SELECT value FROM radius_system_settings WHERE `key` = 'bypass_all' LIMIT 1
(6)     SQL query returned no results
rlm_sql (sql): Released connection (8)
Need more connections to reach 10 spares
rlm_sql (sql): Opening additional connection (9), 1 of 28 pending slots used
rlm_sql_mysql: Starting connect to MySQL server
rlm_sql_mysql: Connected to database 'pnbrad' on 127.0.0.1 via TCP/IP, server version 10.11.14-MariaDB, protocol version 10
(6)     EXPAND %{sql:SELECT value FROM radius_system_settings WHERE `key` = 'bypass_all' LIMIT 1}
(6)        --> 
(6)     if ("%{sql:SELECT value FROM radius_system_settings WHERE `key` = 'bypass_all' LIMIT 1}" == "1")  -> FALSE
(6)     [preprocess] = ok
(6) auth_log: EXPAND /var/log/radius/radacct/%{%{Packet-Src-IP-Address}:-%{Packet-Src-IPv6-Address}}/auth-detail-%Y%m%d
(6) auth_log:    --> /var/log/radius/radacct/172.17.0.1/auth-detail-20260427
(6) auth_log: /var/log/radius/radacct/%{%{Packet-Src-IP-Address}:-%{Packet-Src-IPv6-Address}}/auth-detail-%Y%m%d expands to /var/log/radius/radacct/172.17.0.1/auth-detail-20260427
(6) auth_log: EXPAND %t
(6) auth_log:    --> Mon Apr 27 09:54:30 2026
(6)     [auth_log] = ok
(6)     [chap] = noop
(6) mschap: Found MS-CHAP attributes.  Setting 'Auth-Type  = mschap'
(6)     [mschap] = ok
(6)     [digest] = noop
(6) suffix: Checking for suffix after "@"
(6) suffix: No '@' in User-Name = "test", looking up realm NULL
(6) suffix: No such realm "NULL"
(6)     [suffix] = noop
(6)     [files] = noop
(6) sql: EXPAND %{User-Name}
(6) sql:    --> test
(6) sql: SQL-User-Name set to 'test'
rlm_sql (sql): Reserved connection (6)
(6) sql: EXPAND SELECT id, username, attribute, value, op FROM radcheck WHERE username = '%{SQL-User-Name}' ORDER BY id
(6) sql:    --> SELECT id, username, attribute, value, op FROM radcheck WHERE username = 'test' ORDER BY id
(6) sql: Executing select query: SELECT id, username, attribute, value, op FROM radcheck WHERE username = 'test' ORDER BY id
(6) sql: User found in radcheck table
(6) sql: Conditional check items matched, merging assignment check items
(6) sql:   Cleartext-Password := "test"
(6) sql:   Expiration := "Apr 28 2026 09:51:00 UTC"
(6) sql: EXPAND SELECT id, username, attribute, value, op FROM radreply WHERE username = '%{SQL-User-Name}' ORDER BY id
(6) sql:    --> SELECT id, username, attribute, value, op FROM radreply WHERE username = 'test' ORDER BY id
(6) sql: Executing select query: SELECT id, username, attribute, value, op FROM radreply WHERE username = 'test' ORDER BY id
(6) sql: EXPAND SELECT groupname FROM radusergroup WHERE username = '%{SQL-User-Name}' ORDER BY priority
(6) sql:    --> SELECT groupname FROM radusergroup WHERE username = 'test' ORDER BY priority
(6) sql: Executing select query: SELECT groupname FROM radusergroup WHERE username = 'test' ORDER BY priority
(6) sql: User found in the group table
(6) sql: EXPAND SELECT id, groupname, attribute, Value, op FROM radgroupcheck WHERE groupname = '%{SQL-Group}' ORDER BY id
(6) sql:    --> SELECT id, groupname, attribute, Value, op FROM radgroupcheck WHERE groupname = 'NET' ORDER BY id
(6) sql: Executing select query: SELECT id, groupname, attribute, Value, op FROM radgroupcheck WHERE groupname = 'NET' ORDER BY id
(6) sql: Group "NET": Conditional check items matched
(6) sql: Group "NET": Merging assignment check items
(6) sql:   Simultaneous-Use := 1
(6) sql: EXPAND SELECT id, groupname, attribute, value, op FROM radgroupreply WHERE groupname = '%{SQL-Group}' ORDER BY id
(6) sql:    --> SELECT id, groupname, attribute, value, op FROM radgroupreply WHERE groupname = 'NET' ORDER BY id
(6) sql: Executing select query: SELECT id, groupname, attribute, value, op FROM radgroupreply WHERE groupname = 'NET' ORDER BY id
(6) sql: Group "NET": Merging reply items
(6) sql:   Mikrotik-Rate-Limit = "10M/10M"
(6) sql:   Framed-Pool = "default-dhcp"
rlm_sql (sql): Released connection (6)
(6)     [sql] = ok
(6) expiration: Account will expire at 'Apr 28 2026 09:51:00 UTC'
(6)     [expiration] = ok
(6)     [logintime] = noop
(6) pap: WARNING: Auth-Type already set.  Not setting to PAP
(6)     [pap] = noop
(6)   } # authorize = ok
(6) Found Auth-Type = mschap
(6) # Executing group from file /etc/raddb/sites-enabled/default
(6)   authenticate {
(6) mschap: Found Cleartext-Password, hashing to create NT-Password
(6) mschap: Creating challenge hash with username: test
(6) mschap: Client is using MS-CHAPv2
(6) mschap: Adding MS-CHAPv2 MPPE keys
(6)     [mschap] = ok
(6)   } # authenticate = ok
(6) # Executing section post-auth from file /etc/raddb/sites-enabled/default
(6)   post-auth {
(6)     if (session-state:User-Name && reply:User-Name && request:User-Name && (reply:User-Name == request:User-Name)) {
(6)     if (session-state:User-Name && reply:User-Name && request:User-Name && (reply:User-Name == request:User-Name))  -> FALSE
(6)     update {
(6)       No attributes updated for RHS &session-state:
(6)     } # update = noop
(6) sql: EXPAND .query
(6) sql:    --> .query
(6) sql: Using query template 'query'
rlm_sql (sql): Reserved connection (1)
(6) sql: EXPAND %{User-Name}
(6) sql:    --> test
(6) sql: SQL-User-Name set to 'test'
(6) sql: EXPAND INSERT INTO radpostauth (username, pass, reply, authdate ) VALUES ( '%{SQL-User-Name}', '%{%{User-Password}:-%{Chap-Password}}', '%{reply:Packet-Type}', '%S.%M' )
(6) sql:    --> INSERT INTO radpostauth (username, pass, reply, authdate ) VALUES ( 'test', '', 'Access-Accept', '2026-04-27 09:54:30.716132' )
(6) sql: Executing query: INSERT INTO radpostauth (username, pass, reply, authdate ) VALUES ( 'test', '', 'Access-Accept', '2026-04-27 09:54:30.716132' )
(6) sql: SQL query returned: success
(6) sql: 1 record(s) updated
rlm_sql (sql): Released connection (1)
(6)     [sql] = ok
(6)     [exec] = noop
(6)     policy remove_reply_message_if_eap {
(6)       if (&reply:EAP-Message && &reply:Reply-Message) {
(6)       if (&reply:EAP-Message && &reply:Reply-Message)  -> FALSE
(6)       else {
(6)         [noop] = noop
(6)       } # else = noop
(6)     } # policy remove_reply_message_if_eap = noop
(6)     if (EAP-Key-Name && &reply:EAP-Session-Id) {
(6)     if (EAP-Key-Name && &reply:EAP-Session-Id)  -> FALSE
(6)   } # post-auth = ok
(6) Login OK: [test/<via Auth-Type = mschap>] (from client docker-bridge port 0 cli 192.168.88.254)
(6) Sent Access-Accept Id 7 from 172.17.0.3:1812 to 172.17.0.1:33127 length 232
(6)   Mikrotik-Rate-Limit = "10M/10M"
(6)   Framed-Pool = "default-dhcp"
(6)   Session-Timeout = 86190
(6)   MS-CHAP2-Success = 0x00533d37394639384641443437454432443234453637453436414638464130324536433046423345303836
(6)   MS-MPPE-Recv-Key = 0xb5d0bcfd5df1e78ada945e7f3c705f9b
(6)   MS-MPPE-Send-Key = 0x7f53f10494954dae30d6177b6994f561
(6)   MS-MPPE-Encryption-Policy = Encryption-Allowed
(6)   MS-MPPE-Encryption-Types = RC4-40or128-bit-Allowed
(6) Finished request
Thread 4 waiting to be assigned a request
Waking up in 0.3 seconds.
Thread 3 got semaphore
Thread 3 handling request 7, (2 handled so far)
(7) Received Accounting-Request Id 8 from 172.17.0.1:52631 to 172.17.0.3:1813 length 86
(7)   Service-Type = Login-User
(7)   User-Name = "test"
(7)   Calling-Station-Id = "192.168.88.254"
(7)   Acct-Status-Type = Start
(7)   Acct-Session-Id = "8400000e"
(7)   NAS-Identifier = "MikroTik"
(7)   Acct-Delay-Time = 0
(7)   NAS-IP-Address = 192.168.88.1
(7) # Executing section preacct from file /etc/raddb/sites-enabled/default
(7)   preacct {
(7)     [preprocess] = ok
(7)     policy acct_unique {
(7)       update request {
(7)         &Tmp-String-9 := "ai:"
(7)       } # update request = noop
(7)       if (("%{hex:&Class}" =~ /^%{hex:&Tmp-String-9}/) && 	    ("%{string:&Class}" =~ /^ai:([0-9a-f]{32})/i)) {
(7)       EXPAND %{hex:&Class}
(7)          --> 
(7)       EXPAND ^%{hex:&Tmp-String-9}
(7)          --> ^61693a
(7)       if (("%{hex:&Class}" =~ /^%{hex:&Tmp-String-9}/) && 	    ("%{string:&Class}" =~ /^ai:([0-9a-f]{32})/i))  -> FALSE
(7)       else {
(7)         update request {
(7)           EXPAND %{md5:%{User-Name},%{Acct-Session-ID},%{%{NAS-IPv6-Address}:-%{NAS-IP-Address}},%{NAS-Identifier},%{NAS-Port-ID},%{NAS-Port}}
(7)              --> 800e1a9dc6fc9f35ef711823a3bb2a21
(7)           &Acct-Unique-Session-Id := 800e1a9dc6fc9f35ef711823a3bb2a21
(7)         } # update request = noop
(7)       } # else = noop
(7)       update request {
(7)         &Tmp-String-9 !* ANY
(7)       } # update request = noop
(7)     } # policy acct_unique = noop
(7) suffix: Checking for suffix after "@"
(7) suffix: No '@' in User-Name = "test", looking up realm NULL
(7) suffix: No such realm "NULL"
(7)     [suffix] = noop
(7)     [files] = noop
(7)   } # preacct = ok
(7) # Executing section accounting from file /etc/raddb/sites-enabled/default
(7)   accounting {
(7) detail: EXPAND /var/log/radius/radacct/%{%{Packet-Src-IP-Address}:-%{Packet-Src-IPv6-Address}}/detail-%Y%m%d
(7) detail:    --> /var/log/radius/radacct/172.17.0.1/detail-20260427
(7) detail: /var/log/radius/radacct/%{%{Packet-Src-IP-Address}:-%{Packet-Src-IPv6-Address}}/detail-%Y%m%d expands to /var/log/radius/radacct/172.17.0.1/detail-20260427
(7) detail: EXPAND %t
(7) detail:    --> Mon Apr 27 09:54:30 2026
(7)     [detail] = ok
(7)     [unix] = ok
(7) sql: EXPAND %{tolower:type.%{%{Acct-Status-Type}:-%{Request-Processing-Stage}}.query}
(7) sql:    --> type.start.query
(7) sql: Using query template 'query'
rlm_sql (sql): Reserved connection (7)
(7) sql: EXPAND %{User-Name}
(7) sql:    --> test
(7) sql: SQL-User-Name set to 'test'
(7) sql: EXPAND INSERT INTO radacct (acctsessionid,		acctuniqueid,		username, realm,			nasipaddress,		nasportid, nasporttype,		acctstarttime,		acctupdatetime, acctstoptime,		acctsessiontime, 	acctauthentic, connectinfo_start,	connectinfo_stop, 	acctinputoctets, acctoutputoctets,	calledstationid, 	callingstationid, acctterminatecause,	servicetype,		framedprotocol, framedipaddress,	framedipv6address,	framedipv6prefix, framedinterfaceid,	delegatedipv6prefix	) VALUES ('%{Acct-Session-Id}', '%{Acct-Unique-Session-Id}', '%{SQL-User-Name}', '%{Realm}', '%{NAS-IP-Address}', '%{%{NAS-Port-ID}:-%{NAS-Port}}', '%{NAS-Port-Type}', FROM_UNIXTIME(%{%{integer:Event-Timestamp}:-%l}), FROM_UNIXTIME(%{%{integer:Event-Timestamp}:-%l}), NULL, '0', '%{Acct-Authentic}', '%{Connect-Info}', '', '0', '0', '%{Called-Station-Id}', '%{Calling-Station-Id}', '', '%{Service-Type}', '%{Framed-Protocol}', '%{Framed-IP-Address}', '%{Framed-IPv6-Address}', '%{Framed-IPv6-Prefix}', '%{Framed-Interface-Id}', '%{Delegated-IPv6-Prefix}' )
(7) sql:    --> INSERT INTO radacct (acctsessionid,		acctuniqueid,		username, realm,			nasipaddress,		nasportid, nasporttype,		acctstarttime,		acctupdatetime, acctstoptime,		acctsessiontime, 	acctauthentic, connectinfo_start,	connectinfo_stop, 	acctinputoctets, acctoutputoctets,	calledstationid, 	callingstationid, acctterminatecause,	servicetype,		framedprotocol, framedipaddress,	framedipv6address,	framedipv6prefix, framedinterfaceid,	delegatedipv6prefix	) VALUES ('8400000e', '800e1a9dc6fc9f35ef711823a3bb2a21', 'test', '', '192.168.88.1', '', '', FROM_UNIXTIME(1777283670), FROM_UNIXTIME(1777283670), NULL, '0', '', '', '', '0', '0', '', '192.168.88.254', '', 'Login-User', '', '', '', '', '', '' )
(7) sql: Executing query: INSERT INTO radacct (acctsessionid,		acctuniqueid,		username, realm,			nasipaddress,		nasportid, nasporttype,		acctstarttime,		acctupdatetime, acctstoptime,		acctsessiontime, 	acctauthentic, connectinfo_start,	connectinfo_stop, 	acctinputoctets, acctoutputoctets,	calledstationid, 	callingstationid, acctterminatecause,	servicetype,		framedprotocol, framedipaddress,	framedipv6address,	framedipv6prefix, framedinterfaceid,	delegatedipv6prefix	) VALUES ('8400000e', '800e1a9dc6fc9f35ef711823a3bb2a21', 'test', '', '192.168.88.1', '', '', FROM_UNIXTIME(1777283670), FROM_UNIXTIME(1777283670), NULL, '0', '', '', '', '0', '0', '', '192.168.88.254', '', 'Login-User', '', '', '', '', '', '' )
(7) sql: SQL query returned: success
(7) sql: 1 record(s) updated
rlm_sql (sql): Released connection (7)
(7)     [sql] = ok
(7)     [exec] = noop
(7) attr_filter.accounting_response: EXPAND %{User-Name}
(7) attr_filter.accounting_response:    --> test
(7) attr_filter.accounting_response: Matched entry DEFAULT at line 12
(7)     [attr_filter.accounting_response] = updated
(7)   } # accounting = updated
(7) Sent Accounting-Response Id 8 from 172.17.0.3:1813 to 172.17.0.1:52631 length 20
(7) Finished request
Thread 3 waiting to be assigned a request
(7) Cleaning up request packet ID 8 with timestamp +315 due to timer
Waking up in 4.6 seconds.
(6) Cleaning up request packet ID 7 with timestamp +315 due to cleanup_delay was reached
Ready to process requests
Ready to process requests
Signalled to terminate
Exiting normally
Thread 4 got semaphore
Thread 2 got semaphore
Thread 5 got semaphore
Thread 1 got semaphore
Thread 3 got semaphore
Thread 1 exiting...
Thread 2 exiting...
Thread 3 exiting...
Thread 4 exiting...
Thread 5 exiting...
Deleting thread 1
Deleting thread 2
Deleting thread 3
Deleting thread 4
Deleting thread 5
rlm_sql (sql): Removing connection pool
rlm_sql (sql): Closing connection (9) - Shutting down connection pool
rlm_sql_mysql: Socket destructor called, closing socket
rlm_sql (sql): Closing connection (8) - Shutting down connection pool
rlm_sql_mysql: Socket destructor called, closing socket
rlm_sql (sql): Closing connection (7) - Shutting down connection pool
rlm_sql_mysql: Socket destructor called, closing socket
rlm_sql (sql): Closing connection (6) - Shutting down connection pool
rlm_sql_mysql: Socket destructor called, closing socket
rlm_sql (sql): Closing connection (1) - Shutting down connection pool
rlm_sql_mysql: Socket destructor called, closing socket
